-- Wygenerowane automatycznie przez seed_generator.py

INSERT INTO users (id, email, password_hash, role, is_active) VALUES
  ('9ffe61cb-a17d-403b-bd12-758052f549b8', 'filip.glapiak@yahoo.com', '$2b$12$fakehash', 'candidate', TRUE),
  ('de552093-9e6f-4473-8b98-d5164632adfe', 'albert.fiołek@hotmail.com', '$2b$12$fakehash', 'candidate', TRUE),
  ('aa7f43d8-c452-411a-8a2a-8c23df18f015', 'arkadiusz.jakóbiak@o2.pl', '$2b$12$fakehash', 'candidate', TRUE),
  ('56f1715f-f0a4-4d15-a009-b2127cb9e573', 'gaja.nurek@yahoo.com', '$2b$12$fakehash', 'candidate', TRUE),
  ('1753d6bc-4560-47c5-b20b-73657943a10e', 'liwia.dzienis@gmail.com', '$2b$12$fakehash', 'candidate', TRUE),
  ('8921e100-d03c-49fe-ad77-2bc6be2ebf7c', 'ignacy.młot@interia.pl', '$2b$12$fakehash', 'candidate', TRUE),
  ('feef9804-e36a-4516-b9a1-79a28bc75668', 'klara.tekieli@onet.pl', '$2b$12$fakehash', 'candidate', TRUE),
  ('5db71748-a773-4b90-85b0-b39e7c9a88d4', 'jakub.szwiec@hotmail.com', '$2b$12$fakehash', 'candidate', TRUE),
  ('4484cb05-21ca-432f-8535-6625d52e2439', 'gaja.gajownik@gmail.com', '$2b$12$fakehash', 'candidate', TRUE),
  ('54e1f1da-6c35-450f-a38f-465a2e4e6ddd', 'emil.cieciora@hotmail.com', '$2b$12$fakehash', 'candidate', TRUE),
  ('cbcc0ac6-920b-4b07-a61e-7ed4d7ea2163', 'marianna.żugaj@gmail.com', '$2b$12$fakehash', 'candidate', TRUE),
  ('7cd37841-0c64-4e6f-95f9-e5f707fda22a', 'witold.sadura@interia.pl', '$2b$12$fakehash', 'candidate', TRUE),
  ('0b97d646-f568-498a-bbd2-f4ca394d77cf', 'gaja.sapeta@onet.pl', '$2b$12$fakehash', 'candidate', TRUE),
  ('679a6a51-d832-419e-8285-034a622667e8', 'gustaw.rębiś@yahoo.com', '$2b$12$fakehash', 'candidate', TRUE),
  ('ac2eae8f-df75-42dd-a813-daab360be9c7', 'tymon.rybus@o2.pl', '$2b$12$fakehash', 'candidate', TRUE),
  ('05a47602-8e04-449a-9ad0-5a621c1d0a97', 'alex.tatarczuk@interia.pl', '$2b$12$fakehash', 'candidate', TRUE),
  ('e63f06ad-24c3-46bf-b897-72ed21e32be7', 'kornel.swiątek@yahoo.com', '$2b$12$fakehash', 'candidate', TRUE),
  ('51b39c8e-6a4d-4acd-bc3b-92949c8c782e', 'kamila.huber@o2.pl', '$2b$12$fakehash', 'candidate', TRUE),
  ('83cfd760-60d6-400e-8536-5e4ea49be0c7', 'marcin.kamieniarz@hotmail.com', '$2b$12$fakehash', 'candidate', TRUE),
  ('21132ffe-1545-43fb-8de2-c7a5b1ff1279', 'mieszko.chlebda@onet.pl', '$2b$12$fakehash', 'candidate', TRUE),
  ('fea9a616-5127-46fe-a79a-e98ac01f0a37', 'anastazja.kruś@gmail.com', '$2b$12$fakehash', 'candidate', TRUE),
  ('dcf05ceb-45a2-4a2e-90be-f205d412be30', 'lidia.guzdek@hotmail.com', '$2b$12$fakehash', 'candidate', TRUE),
  ('18638198-8f59-4ca7-9d5c-5083a6b52e82', 'olgierd.filus@onet.pl', '$2b$12$fakehash', 'candidate', TRUE),
  ('c8d8e6e8-4993-48ff-97c4-24fae15f2ca2', 'ignacy.jachna@yahoo.com', '$2b$12$fakehash', 'candidate', TRUE),
  ('79f76230-b2ac-455d-bbdf-540f758f823f', 'aleks.witas@gmail.com', '$2b$12$fakehash', 'candidate', TRUE),
  ('0f2bbaff-1801-4be2-aa2e-a2c47ec1530e', 'maciej.soczówka@onet.pl', '$2b$12$fakehash', 'candidate', TRUE),
  ('4e766eb0-6526-4e89-9f41-bac1426da30f', 'stefan.kinal@gmail.com', '$2b$12$fakehash', 'candidate', TRUE),
  ('5ef237ce-6d64-4a18-9d79-6fdfed400e5b', 'fabian.szulist@o2.pl', '$2b$12$fakehash', 'candidate', TRUE),
  ('04738d7c-f02e-41b5-adca-78b37df1bdee', 'marika.jaracz@yahoo.com', '$2b$12$fakehash', 'candidate', TRUE),
  ('221779f9-0f2e-4bbd-83cf-72e537ca3310', 'bartek.piechna@gmail.com', '$2b$12$fakehash', 'candidate', TRUE),
  ('a9e7f5ed-809a-4d10-8520-fd6247f9c9d5', 'adam.zapaśnik@o2.pl', '$2b$12$fakehash', 'candidate', TRUE),
  ('70422071-7f1f-4752-b648-a2009726b238', 'kaja.pacholczak@onet.pl', '$2b$12$fakehash', 'candidate', TRUE),
  ('e72652ed-898b-4892-89ca-ebf2b342f00b', 'monika.kuciel@hotmail.com', '$2b$12$fakehash', 'candidate', TRUE),
  ('72c15dcc-a6d7-49c3-b6fe-962c17f8580b', 'julita.topa@onet.pl', '$2b$12$fakehash', 'candidate', TRUE),
  ('017606c7-a31f-4184-8383-a78639365646', 'leonard.bernard@o2.pl', '$2b$12$fakehash', 'candidate', TRUE),
  ('1722ebb0-95ed-4662-8dfa-84673f1951d6', 'andrzej.dylong@yahoo.com', '$2b$12$fakehash', 'candidate', TRUE),
  ('a950e985-5250-4891-9888-6d80ac301b3c', 'lidia.borysiak@yahoo.com', '$2b$12$fakehash', 'candidate', TRUE),
  ('a6630205-433d-4123-bda3-da239e003d34', 'agnieszka.składanek@o2.pl', '$2b$12$fakehash', 'candidate', TRUE),
  ('576001a5-bda8-41c9-8fc6-08a5524c0044', 'melania.tytko@gmail.com', '$2b$12$fakehash', 'candidate', TRUE),
  ('5d254f56-b33d-4a01-9605-66253a60bd8d', 'grzegorz.leszczuk@interia.pl', '$2b$12$fakehash', 'candidate', TRUE),
  ('cb6ccedf-5dbb-47a3-9b75-b6d47c652304', 'sara.krężołek@onet.pl', '$2b$12$fakehash', 'candidate', TRUE),
  ('58a14aa9-95e7-4552-a6a8-e9a48267c588', 'melania.krzystek@o2.pl', '$2b$12$fakehash', 'candidate', TRUE),
  ('37625d8d-7f13-42bb-977b-f9106da2819b', 'borys.danel@yahoo.com', '$2b$12$fakehash', 'candidate', TRUE),
  ('e6a2c1ac-0f88-40bb-9f1c-c951d52b26d4', 'monika.gajdzik@gmail.com', '$2b$12$fakehash', 'candidate', TRUE),
  ('65f62333-1419-4b89-8f87-c2c2e4843bf2', 'paweł.surdel@interia.pl', '$2b$12$fakehash', 'candidate', TRUE),
  ('05886ba8-b461-4d05-80ff-29b09d19c7a2', 'fabian.bacia@gmail.com', '$2b$12$fakehash', 'candidate', TRUE),
  ('66fab0f9-daad-42b1-8152-279400d0fac6', 'adrian.fryś@hotmail.com', '$2b$12$fakehash', 'candidate', TRUE),
  ('e31e8b39-11e4-442f-8643-881a98c9c3dc', 'sebastian.jeżyna@hotmail.com', '$2b$12$fakehash', 'candidate', TRUE),
  ('d2d7e0ba-6f2f-48bc-95b0-ed5eb870ae84', 'tymon.matla@yahoo.com', '$2b$12$fakehash', 'candidate', TRUE),
  ('0a645256-2eaf-4d8b-b06b-034c1cd83ada', 'aurelia.dybiec@gmail.com', '$2b$12$fakehash', 'candidate', TRUE),
  ('9a1a730e-1167-4e5a-a596-9a2dedc44e31', 'elżbieta.reiter@gmail.com', '$2b$12$fakehash', 'candidate', TRUE),
  ('2e4c65a1-082d-4d99-8491-6d0e5880aab4', 'justyna.soczówka@o2.pl', '$2b$12$fakehash', 'candidate', TRUE),
  ('76a6684e-e797-4178-9ceb-2f3e871a1d34', 'justyna.parda@yahoo.com', '$2b$12$fakehash', 'candidate', TRUE),
  ('8e8a5f44-b74c-449f-9d61-494d8e4b08ee', 'konstanty.breguła@yahoo.com', '$2b$12$fakehash', 'candidate', TRUE),
  ('e33b490c-ab7d-44b5-9850-c2d6060d760e', 'ksawery.jenek@yahoo.com', '$2b$12$fakehash', 'candidate', TRUE),
  ('1c9dff90-170a-4241-8862-f904d802a05c', 'adrian.poreda@interia.pl', '$2b$12$fakehash', 'candidate', TRUE),
  ('5bffba72-1391-46f1-9455-e4ef86d598f0', 'aleksander.toma@yahoo.com', '$2b$12$fakehash', 'candidate', TRUE),
  ('86a7c878-972a-444e-96a3-ec3b0100d6bd', 'ida.mordal@o2.pl', '$2b$12$fakehash', 'candidate', TRUE),
  ('2178401d-6c0c-4658-b709-93665bbdb49c', 'przemysław.kazubek@hotmail.com', '$2b$12$fakehash', 'candidate', TRUE),
  ('710af460-ec6c-451e-ae8b-5d84c4e9ed89', 'ignacy.błądek@interia.pl', '$2b$12$fakehash', 'candidate', TRUE),
  ('eeede2d5-47a6-49f8-bcbf-054446e85a1f', 'ewelina.mikołajewicz@gmail.com', '$2b$12$fakehash', 'candidate', TRUE),
  ('8cda3412-6749-493e-ab35-1310d709159b', 'kacper.rutowicz@yahoo.com', '$2b$12$fakehash', 'candidate', TRUE),
  ('60a87ed1-6801-4ad7-a41a-89641cff6e05', 'stefan.mysior@yahoo.com', '$2b$12$fakehash', 'candidate', TRUE),
  ('58b66ee6-348f-4074-97a2-5d0ff3a90186', 'andrzej.szałas@o2.pl', '$2b$12$fakehash', 'candidate', TRUE),
  ('3dccd5a5-108c-457b-bcb6-164f49c98e0f', 'ewa.rurka@yahoo.com', '$2b$12$fakehash', 'candidate', TRUE),
  ('8127d934-4ee4-4b26-b08c-98cdf09b995a', 'dawid.masłoń@interia.pl', '$2b$12$fakehash', 'candidate', TRUE),
  ('b482fb0a-2eab-4226-b106-e69b5ff95b4a', 'borys.kubina@hotmail.com', '$2b$12$fakehash', 'candidate', TRUE),
  ('094e1ec3-f030-4870-8aa7-1fc241b0c184', 'tomasz.ostręga@o2.pl', '$2b$12$fakehash', 'candidate', TRUE),
  ('63a7436e-2cd4-4a97-b11a-7c544bbef423', 'fryderyk.zagozda@onet.pl', '$2b$12$fakehash', 'candidate', TRUE),
  ('a4ff6ef0-cbf3-498d-b47c-3613b29b09fc', 'krzysztof.wołk@hotmail.com', '$2b$12$fakehash', 'candidate', TRUE),
  ('f0b6c977-030c-4db9-b498-4f660e4453f8', 'anastazja.kałek@o2.pl', '$2b$12$fakehash', 'candidate', TRUE),
  ('f60884eb-266d-4b3a-a32c-ec3e4765953d', 'mikołaj.wałek@interia.pl', '$2b$12$fakehash', 'candidate', TRUE),
  ('f2a1dbe1-5050-4588-8055-d35c5b9d7dd7', 'olgierd.przekop@gmail.com', '$2b$12$fakehash', 'candidate', TRUE),
  ('85e1044a-9a3a-45dc-a619-26d340c13111', 'maks.dziewit@hotmail.com', '$2b$12$fakehash', 'candidate', TRUE),
  ('ddad9a3a-5690-4719-a740-7402c4a22a57', 'julita.jaszczyszyn@yahoo.com', '$2b$12$fakehash', 'candidate', TRUE),
  ('07adfe69-502e-4fae-bbee-cd7703f2adb3', 'karol.wietecha@onet.pl', '$2b$12$fakehash', 'candidate', TRUE),
  ('df30817a-16e0-409e-9c18-aee961a27a26', 'sebastian.baum@onet.pl', '$2b$12$fakehash', 'candidate', TRUE),
  ('6d7b42c0-a4d6-4204-a312-9cdd7b2e4066', 'cezary.golda@onet.pl', '$2b$12$fakehash', 'candidate', TRUE),
  ('a143ee0d-e1f6-41af-8cc8-385dc04bc39e', 'karol.bystrek@interia.pl', '$2b$12$fakehash', 'candidate', TRUE),
  ('1e4d6209-8a5f-4cfb-8afc-342ac4368b94', 'fryderyk.gęca@gmail.com', '$2b$12$fakehash', 'candidate', TRUE),
  ('bf565e8d-59e0-4519-bfb3-224d0d4dcda7', 'monika.rzeźniczek@hotmail.com', '$2b$12$fakehash', 'candidate', TRUE),
  ('25a639a4-3d17-44bd-ae3f-dfcd763a6257', 'kornel.wyroślak@yahoo.com', '$2b$12$fakehash', 'candidate', TRUE),
  ('e377f19d-3d9a-429c-8a61-f7668c496bfd', 'angelika.deptuch@onet.pl', '$2b$12$fakehash', 'candidate', TRUE),
  ('6c51805e-1357-4861-96ee-f3156fda0ef7', 'marianna.prażmo@yahoo.com', '$2b$12$fakehash', 'candidate', TRUE),
  ('896633cd-1ae1-4a6f-86be-477a2dfe4cfa', 'ignacy.kamieniarz@o2.pl', '$2b$12$fakehash', 'candidate', TRUE),
  ('c72b23e8-9915-4ea1-bb82-acca2d6511f9', 'melania.składanek@o2.pl', '$2b$12$fakehash', 'candidate', TRUE),
  ('426793a2-de12-4ad1-b574-5434ae0eec90', 'filip.mirończuk@interia.pl', '$2b$12$fakehash', 'candidate', TRUE),
  ('c3f9389d-4de8-4d56-b225-2137a1e1de75', 'jacek.maślach@interia.pl', '$2b$12$fakehash', 'candidate', TRUE),
  ('5b560a74-6a53-492f-8fcf-cbf588253dd1', 'przemysław.kiełbus@yahoo.com', '$2b$12$fakehash', 'candidate', TRUE),
  ('3b6cf26c-091d-40ec-9470-45f4fc830263', 'norbert.mizia@onet.pl', '$2b$12$fakehash', 'candidate', TRUE),
  ('d329d91b-107d-4faa-b68f-d520dac76ff5', 'łukasz.toma@yahoo.com', '$2b$12$fakehash', 'candidate', TRUE),
  ('3af6144b-6bc1-4621-a950-66a75ff6fbab', 'ryszard.ficoń@yahoo.com', '$2b$12$fakehash', 'candidate', TRUE),
  ('1b08c402-5176-464a-b3d6-3da42d498738', 'krzysztof.kusyk@gmail.com', '$2b$12$fakehash', 'candidate', TRUE),
  ('a54368d2-5c6e-4556-a574-2e72e2db67da', 'justyna.fulara@onet.pl', '$2b$12$fakehash', 'candidate', TRUE),
  ('27e9165b-284d-4e62-bc9d-30ba273f0574', 'olgierd.gołek@onet.pl', '$2b$12$fakehash', 'candidate', TRUE),
  ('34d6107c-b56d-47a7-881f-4958f3a1e1bb', 'mikołaj.filus@o2.pl', '$2b$12$fakehash', 'candidate', TRUE),
  ('3d08aa84-9418-4166-8377-5fc912556c8b', 'rozalia.duszczyk@hotmail.com', '$2b$12$fakehash', 'candidate', TRUE),
  ('937891af-b31c-46b3-b10a-3cd14cfff79e', 'adrian.ufnal@o2.pl', '$2b$12$fakehash', 'candidate', TRUE),
  ('3c8ae4a1-25a2-4b6c-8c4d-5b68eac3e3ec', 'arkadiusz.kochel@onet.pl', '$2b$12$fakehash', 'candidate', TRUE),
  ('eb923d46-dfc3-4a85-9339-dbfeb66a5f0f', 'konrad.bandyk@onet.pl', '$2b$12$fakehash', 'candidate', TRUE),
  ('de659de9-8a31-43ca-92c9-3bb023c90654', 'malwina.surdyk@hotmail.com', '$2b$12$fakehash', 'candidate', TRUE),
  ('b1ac32c0-79ca-4cc9-b665-3ca72d2ed9a0', 'witold.moczko@o2.pl', '$2b$12$fakehash', 'candidate', TRUE),
  ('d1729cbd-e8ec-4e3c-86d3-cfc96804b23b', 'anna maria.aleksa@hotmail.com', '$2b$12$fakehash', 'candidate', TRUE),
  ('c24789c2-8125-4482-9f0a-dcbe630d244c', 'artur.wałaszek@interia.pl', '$2b$12$fakehash', 'candidate', TRUE),
  ('664551ef-04b2-46ed-adbb-2c84f949c711', 'krzysztof.gorol@o2.pl', '$2b$12$fakehash', 'candidate', TRUE),
  ('749eb00e-3e51-4c6c-9927-214f27ea6f80', 'miłosz.sudnik@o2.pl', '$2b$12$fakehash', 'candidate', TRUE),
  ('c906176d-d817-463c-b95e-e0414ad91872', 'dawid.gumienny@onet.pl', '$2b$12$fakehash', 'candidate', TRUE),
  ('a54c6f05-2252-48e8-87af-d488c65b68c6', 'stanisław.balik@o2.pl', '$2b$12$fakehash', 'candidate', TRUE),
  ('3ab0243f-aa4f-496d-8f7a-c04babed44bc', 'bruno.pietrewicz@interia.pl', '$2b$12$fakehash', 'candidate', TRUE),
  ('96cc43ad-530e-4de2-8293-8b41e744080a', 'stefan.heba@yahoo.com', '$2b$12$fakehash', 'candidate', TRUE),
  ('1beb0aca-62e5-4b31-967d-91a652e40f21', 'radosław.bałdys@hotmail.com', '$2b$12$fakehash', 'candidate', TRUE),
  ('00ce4d5a-e98f-42d4-b9d4-3c12970662f1', 'jacek.gęsiarz@gmail.com', '$2b$12$fakehash', 'candidate', TRUE),
  ('ccf74bce-2fa2-4701-b7c9-d6682e13cdd6', 'mateusz.kubanek@gmail.com', '$2b$12$fakehash', 'candidate', TRUE),
  ('71056595-dae9-46cc-89a7-3943c3f056da', 'natan.klimko@interia.pl', '$2b$12$fakehash', 'candidate', TRUE),
  ('127f7e23-eebe-45f9-af48-91df12a4417a', 'dagmara.troć@interia.pl', '$2b$12$fakehash', 'candidate', TRUE),
  ('03f057a8-65ab-49ce-a9ec-5f8bf77674b6', 'ksawery.żołna@onet.pl', '$2b$12$fakehash', 'candidate', TRUE),
  ('299cec35-a0b0-4910-84ac-95a883b038f4', 'bartek.franiak@hotmail.com', '$2b$12$fakehash', 'candidate', TRUE),
  ('250b4341-79c7-4971-bd67-6bc1e0dce009', 'bruno.daniec@hotmail.com', '$2b$12$fakehash', 'candidate', TRUE),
  ('229c0323-2395-4585-8809-eead83f17dc0', 'angelika.kalisiak@hotmail.com', '$2b$12$fakehash', 'candidate', TRUE),
  ('899a644b-f5e8-4c8b-a7ed-ef22b876cb58', 'anita.łachut@gmail.com', '$2b$12$fakehash', 'candidate', TRUE),
  ('9b446262-65ea-4b67-ac02-1930f8cbdb82', 'mariusz.hadaś@gmail.com', '$2b$12$fakehash', 'candidate', TRUE),
  ('d181b7f7-2977-42a5-abcd-f4eb23e07373', 'anna maria.biesaga@yahoo.com', '$2b$12$fakehash', 'candidate', TRUE),
  ('fe992458-d3b6-4a7b-a9ef-943a6bcd747d', 'artur.galica@o2.pl', '$2b$12$fakehash', 'candidate', TRUE),
  ('dd272a35-0289-4302-9516-8d7db0f0f637', 'melania.biesaga@onet.pl', '$2b$12$fakehash', 'candidate', TRUE),
  ('596eb1d1-85b0-41bb-acc7-8ca9905c4f09', 'dominik.świć@hotmail.com', '$2b$12$fakehash', 'candidate', TRUE),
  ('b3a9b210-b5e1-47cd-9d6f-e464685c31cc', 'jacek.joszko@yahoo.com', '$2b$12$fakehash', 'candidate', TRUE),
  ('1912b7a0-5be5-4ffc-ac61-5921c7c6d18f', 'urszula.maziarczyk@yahoo.com', '$2b$12$fakehash', 'candidate', TRUE),
  ('c206f385-da77-4024-8b04-9c8778caa654', 'franciszek.baumgart@hotmail.com', '$2b$12$fakehash', 'candidate', TRUE),
  ('b98a12e8-21c3-4b51-a474-4c9b398c571c', 'miłosz.stempin@interia.pl', '$2b$12$fakehash', 'candidate', TRUE),
  ('c40253f3-e320-4c55-bd8a-81a54820df3f', 'gustaw.owsiak@onet.pl', '$2b$12$fakehash', 'candidate', TRUE),
  ('b4a7a05a-a05a-464a-b898-231a7b748599', 'julita.osica@onet.pl', '$2b$12$fakehash', 'candidate', TRUE),
  ('762b3348-876a-4a44-847d-abf78d384bcd', 'jan.toma@gmail.com', '$2b$12$fakehash', 'candidate', TRUE),
  ('27615123-bb5d-4b8c-979b-074c212e3bf2', 'marcel.kargol@onet.pl', '$2b$12$fakehash', 'candidate', TRUE),
  ('b73a1259-1a0e-455d-890e-3dc01a7e2a48', 'elżbieta.fura@yahoo.com', '$2b$12$fakehash', 'candidate', TRUE),
  ('b96e4943-4dd8-4d9b-b9e3-c2270be89864', 'norbert.kleban@interia.pl', '$2b$12$fakehash', 'candidate', TRUE),
  ('f9f76169-83c1-46a2-9555-c207ff3162e6', 'apolonia.wiech@hotmail.com', '$2b$12$fakehash', 'candidate', TRUE),
  ('b5ad293f-49dc-4dc7-a01b-1a37eb8f5a06', 'agnieszka.strządała@hotmail.com', '$2b$12$fakehash', 'candidate', TRUE),
  ('7db13ee8-1a91-4cab-b11e-2e62fdfa51ce', 'konstanty.kostera@hotmail.com', '$2b$12$fakehash', 'candidate', TRUE),
  ('0cc321d7-6470-4b0f-9d4d-68c7e01a09a0', 'olga.pniak@o2.pl', '$2b$12$fakehash', 'candidate', TRUE),
  ('b40f0217-078e-43a9-ad42-2e5433131328', 'dorota.frymus@o2.pl', '$2b$12$fakehash', 'candidate', TRUE),
  ('0974103a-fa24-422d-8152-a46503610944', 'łukasz.kik@yahoo.com', '$2b$12$fakehash', 'candidate', TRUE),
  ('9aee4cd6-6004-493b-90ee-3edcecfee0a9', 'ewa.wiekiera@gmail.com', '$2b$12$fakehash', 'candidate', TRUE),
  ('6fbe1836-40dc-4f4c-9179-ef3356e119dc', 'justyna.kaczan@onet.pl', '$2b$12$fakehash', 'candidate', TRUE),
  ('e1f0a451-4312-4de3-9f8d-6fbeb6e0df12', 'ewa.plebanek@yahoo.com', '$2b$12$fakehash', 'candidate', TRUE),
  ('5a498505-7609-415b-afa5-db28859d8a90', 'aurelia.supeł@gmail.com', '$2b$12$fakehash', 'candidate', TRUE),
  ('e893d9cc-b6a0-4028-8f72-38796d26ad0a', 'bianka.ciemięga@interia.pl', '$2b$12$fakehash', 'candidate', TRUE),
  ('6c455620-c1c1-4a32-94ad-d217ffe87a3e', 'aurelia.tywoniuk@interia.pl', '$2b$12$fakehash', 'candidate', TRUE),
  ('4881a2b8-ca39-4175-8946-3f947b9ba56e', 'robert.wolff@gmail.com', '$2b$12$fakehash', 'candidate', TRUE),
  ('dc0c4527-4e42-4418-8710-38ffdfaa998b', 'łukasz.odrzywołek@gmail.com', '$2b$12$fakehash', 'candidate', TRUE),
  ('b469d95c-c6bb-44cb-b270-31650118a8f2', 'julita.zachwieja@hotmail.com', '$2b$12$fakehash', 'candidate', TRUE),
  ('57fc7fbb-51ca-48a1-a016-95212967b681', 'angelika.żybura@hotmail.com', '$2b$12$fakehash', 'candidate', TRUE),
  ('e80f7f5c-b046-44ab-8be8-33dff711bce4', 'hubert.opioła@gmail.com', '$2b$12$fakehash', 'candidate', TRUE),
  ('39fec4b3-0cec-4e52-8970-4a370cc38e83', 'emil.pesta@yahoo.com', '$2b$12$fakehash', 'candidate', TRUE),
  ('84139b07-7781-4799-a03e-4043dd1bdcbf', 'eliza.kempny@o2.pl', '$2b$12$fakehash', 'candidate', TRUE),
  ('d6c6529e-d9dd-4c3d-bbde-fa4915e08185', 'tomasz.dawidczyk@o2.pl', '$2b$12$fakehash', 'candidate', TRUE),
  ('3b02fcb8-38fd-47f8-8e48-f6cfd14477c7', 'nikodem.czak@hotmail.com', '$2b$12$fakehash', 'candidate', TRUE),
  ('a79b8663-6581-44ea-b5df-b4283028b81b', 'mariusz.stypka@gmail.com', '$2b$12$fakehash', 'candidate', TRUE),
  ('a6df4992-12ad-410c-ac92-2c799fb73ad2', 'rozalia.duchnik@gmail.com', '$2b$12$fakehash', 'candidate', TRUE),
  ('a055bd4c-cff8-4258-a5fd-fcb35f0c1412', 'rafał.koziarz@gmail.com', '$2b$12$fakehash', 'candidate', TRUE),
  ('88b1b7e3-9c46-4a08-b2db-93dc3c15cf70', 'bartek.skutnik@yahoo.com', '$2b$12$fakehash', 'candidate', TRUE),
  ('4869902a-7aa3-468f-b753-2cfbbdc8f458', 'dominik.peda@interia.pl', '$2b$12$fakehash', 'candidate', TRUE),
  ('6b248baa-0024-4468-aecc-5e53a0912cdd', 'filip.bienia@gmail.com', '$2b$12$fakehash', 'candidate', TRUE),
  ('8e5bf564-1d81-4c68-a6d2-fcb27c0baab2', 'arkadiusz.suchojad@hotmail.com', '$2b$12$fakehash', 'candidate', TRUE),
  ('f299fb48-46dd-4c4e-8fa5-4b1da7e2ced4', 'adrianna.żołądkiewicz@gmail.com', '$2b$12$fakehash', 'candidate', TRUE),
  ('fad91907-83da-49fc-8189-1b6aa4148632', 'andrzej.ośka@onet.pl', '$2b$12$fakehash', 'candidate', TRUE),
  ('b761dd0c-5749-4c83-8900-113614a34e03', 'tymon.tywoniuk@o2.pl', '$2b$12$fakehash', 'candidate', TRUE),
  ('b6dc234b-c035-4a30-ab80-11f75a74c439', 'tobiasz.bujas@hotmail.com', '$2b$12$fakehash', 'candidate', TRUE),
  ('e96eb2f2-9b17-4a2d-9bbe-349d67f7f37b', 'jacek.kolek@gmail.com', '$2b$12$fakehash', 'candidate', TRUE),
  ('916b41d9-85e9-4b23-b944-b5820de96764', 'łukasz.jas@yahoo.com', '$2b$12$fakehash', 'candidate', TRUE),
  ('5ec8d0e0-0083-41b5-b8a1-987086fe1f7a', 'gaja.gosek@interia.pl', '$2b$12$fakehash', 'candidate', TRUE),
  ('afbff5d3-e51f-4dcb-bc7e-4cd50dbf18d3', 'róża.wielgo@hotmail.com', '$2b$12$fakehash', 'candidate', TRUE),
  ('5f0f8d1c-60d1-4847-a890-2e86324f1afb', 'leon.gregorek@hotmail.com', '$2b$12$fakehash', 'candidate', TRUE),
  ('82438d5e-147d-4c75-bd9a-e79597e9c756', 'damian.błaziak@hotmail.com', '$2b$12$fakehash', 'candidate', TRUE),
  ('b2c78a63-0052-4320-a386-0974d614f6d0', 'agnieszka.wyroba@yahoo.com', '$2b$12$fakehash', 'candidate', TRUE),
  ('9255a88f-824a-4f2e-92fb-a7e68656e966', 'elżbieta.kuchciak@onet.pl', '$2b$12$fakehash', 'candidate', TRUE),
  ('d3268721-8223-4d77-8a01-df4d5c4c2a01', 'sylwia.wąsek@interia.pl', '$2b$12$fakehash', 'candidate', TRUE),
  ('44333629-2d1a-4fd1-a760-a816c4e1d9cf', 'cyprian.pituła@gmail.com', '$2b$12$fakehash', 'candidate', TRUE),
  ('504c71b6-a4f2-4e7d-bb2b-c9fd88c1796d', 'albert.ciepluch@interia.pl', '$2b$12$fakehash', 'candidate', TRUE),
  ('5da907d7-d0f4-4640-b396-301c3e401cb3', 'anna maria.kędziorek@interia.pl', '$2b$12$fakehash', 'candidate', TRUE),
  ('95672170-9cb3-4f4e-ba99-0b0d0c4dec06', 'monika.uliczka@onet.pl', '$2b$12$fakehash', 'candidate', TRUE),
  ('e45b3328-4c06-4f70-a55d-a89381d28f2d', 'marianna.kołaczyk@gmail.com', '$2b$12$fakehash', 'candidate', TRUE),
  ('705f32bd-ace6-4d98-b42a-763294c701f9', 'kamil.wojtaszczyk@yahoo.com', '$2b$12$fakehash', 'candidate', TRUE),
  ('3c32d693-b3c8-4d23-a5f7-1be1e3010e21', 'marek.wilusz@yahoo.com', '$2b$12$fakehash', 'candidate', TRUE),
  ('1321e185-fbc5-4083-8422-ed8b751c59f5', 'aurelia.pielach@o2.pl', '$2b$12$fakehash', 'candidate', TRUE),
  ('f9151519-0bf6-4a31-bb28-bb9f13f8640c', 'inga.mzyk@o2.pl', '$2b$12$fakehash', 'candidate', TRUE),
  ('17d4276d-767a-4ad3-819e-8bf851c99ce4', 'bianka.kornet@yahoo.com', '$2b$12$fakehash', 'candidate', TRUE),
  ('84eb27ef-5818-4641-8f02-a9c5b2dc04c6', 'igor.maron@gmail.com', '$2b$12$fakehash', 'candidate', TRUE),
  ('66a458f5-e877-49ce-a482-04584c101394', 'stefan.jaszcz@interia.pl', '$2b$12$fakehash', 'candidate', TRUE),
  ('8c5a6f63-6b50-4733-b716-8f7f72e9d07a', 'klara.wyłupek@hotmail.com', '$2b$12$fakehash', 'candidate', TRUE),
  ('19abcb96-52ac-467a-80eb-42da69f4f407', 'maciej.kręcisz@gmail.com', '$2b$12$fakehash', 'candidate', TRUE),
  ('bfa903d5-ea32-4d2c-901a-078814e8a88c', 'ryszard.wiszowata@yahoo.com', '$2b$12$fakehash', 'candidate', TRUE),
  ('5754189d-058d-4c26-934a-ba80520aae87', 'wojciech.perczak@gmail.com', '$2b$12$fakehash', 'candidate', TRUE),
  ('c77c0ca4-97c0-4a2a-9524-638da9be6606', 'krystian.bisaga@hotmail.com', '$2b$12$fakehash', 'candidate', TRUE),
  ('c1713a94-e3c9-442d-80f1-c47f9eed58ea', 'ksawery.janczura@onet.pl', '$2b$12$fakehash', 'candidate', TRUE),
  ('6c1ed128-4091-440c-8de0-4a90bb3521bb', 'angelika.łapot@onet.pl', '$2b$12$fakehash', 'candidate', TRUE),
  ('98ea6618-6dfd-4860-9df3-075cab19fc41', 'natan.mudlaff@yahoo.com', '$2b$12$fakehash', 'candidate', TRUE),
  ('bb2ce147-d718-4721-9a6b-2c283a10b7da', 'kajetan.strzyż@hotmail.com', '$2b$12$fakehash', 'candidate', TRUE),
  ('2c05f067-bcc3-4537-8893-ec835cd3d8a8', 'dorota.neubauer@onet.pl', '$2b$12$fakehash', 'candidate', TRUE),
  ('f7dd9a02-82ea-4a09-88bc-80d82146947a', 'tola.siarkiewicz@gmail.com', '$2b$12$fakehash', 'candidate', TRUE),
  ('942aa71f-f55c-47ff-90a6-29dd6ec4f07e', 'nicole.kanarek@interia.pl', '$2b$12$fakehash', 'candidate', TRUE),
  ('844d617f-230e-40d1-a0a7-e2479bd5f8b0', 'kluczekjacek@agh.edu.pl', '$2b$12$fakehash', 'admin_coordinator', TRUE),
  ('fe8bff51-ce86-476f-b93a-388e35474e89', 'arturlalak@agh.edu.pl', '$2b$12$fakehash', 'program_director', TRUE),
  ('41af3292-b61b-409f-9f0b-a6ae2a633747', 'berendtinga@agh.edu.pl', '$2b$12$fakehash', 'cok_staff', TRUE),
  ('99537033-fca0-458f-be70-8acbed4315ef', 'sypienkaja@agh.edu.pl', '$2b$12$fakehash', 'it_admin', TRUE);

INSERT INTO candidate_profiles (user_id, first_name, last_name, pesel, birth_date, birth_place, citizenship, phone) VALUES
  ('9ffe61cb-a17d-403b-bd12-758052f549b8', 'Filip', 'Glapiak', '40011238908', '1978-06-18', 'Piła', 'polska', '+48 798 637 940'),
  ('de552093-9e6f-4473-8b98-d5164632adfe', 'Albert', 'Fiołek', '50030595937', '1994-01-21', 'Gliwice', 'polska', '513 413 164'),
  ('aa7f43d8-c452-411a-8a2a-8c23df18f015', 'Arkadiusz', 'Jakóbiak', '15312103057', '2001-06-01', 'Żory', 'polska', '533 953 767'),
  ('56f1715f-f0a4-4d15-a009-b2127cb9e573', 'Gaja', 'Nurek', '62031997847', '1988-05-13', 'Łódź', 'polska', '+48 781 845 146'),
  ('1753d6bc-4560-47c5-b20b-73657943a10e', 'Liwia', 'Dzienis', '54052370152', '1995-08-27', 'Zamość', 'polska', '513 911 718'),
  ('8921e100-d03c-49fe-ad77-2bc6be2ebf7c', 'Ignacy', 'Młot', '18122750989', '1982-12-02', 'Bochnia', 'polska', '720 103 105'),
  ('feef9804-e36a-4516-b9a1-79a28bc75668', 'Klara', 'Tekieli', '17082410654', '2000-01-30', 'Leszno', 'polska', '693 872 624'),
  ('5db71748-a773-4b90-85b0-b39e7c9a88d4', 'Jakub', 'Szwiec', '16322674687', '1984-04-18', 'Jawor', 'polska', '+48 572 343 098'),
  ('4484cb05-21ca-432f-8535-6625d52e2439', 'Gaja', 'Gajownik', '21060769984', '1996-05-07', 'Kędzierzyn-Koźle', 'polska', '695 346 247'),
  ('54e1f1da-6c35-450f-a38f-465a2e4e6ddd', 'Emil', 'Cieciora', '99041380842', '2002-09-26', 'Dąbrowa Górnicza', 'polska', '604 118 244'),
  ('cbcc0ac6-920b-4b07-a61e-7ed4d7ea2163', 'Marianna', 'Żugaj', '25070212801', '1975-08-09', 'Śrem', 'polska', '+48 662 620 450'),
  ('7cd37841-0c64-4e6f-95f9-e5f707fda22a', 'Witold', 'Sadura', '17260816074', '1980-09-09', 'Lubin', 'polska', '22 754 33 03'),
  ('0b97d646-f568-498a-bbd2-f4ca394d77cf', 'Gaja', 'Sapeta', '09260656985', '1987-01-14', 'Kutno', 'polska', '+48 693 406 088'),
  ('679a6a51-d832-419e-8285-034a622667e8', 'Gustaw', 'Rębiś', '36052066297', '1979-08-09', 'Biała Podlaska', 'polska', '+48 508 044 369'),
  ('ac2eae8f-df75-42dd-a813-daab360be9c7', 'Tymon', 'Rybus', '43080779172', '1976-11-05', 'Czerwionka-Leszczyny', 'polska', '+48 693 676 320'),
  ('05a47602-8e04-449a-9ad0-5a621c1d0a97', 'Alex', 'Tatarczuk', '93082886875', '1990-05-02', 'Piastów', 'polska', '+48 22 774 34 87'),
  ('e63f06ad-24c3-46bf-b897-72ed21e32be7', 'Kornel', 'Swiątek', '66111103665', '1991-02-16', 'Sandomierz', 'polska', '509 670 546'),
  ('51b39c8e-6a4d-4acd-bc3b-92949c8c782e', 'Kamila', 'Huber', '00270401620', '1994-06-24', 'Piotrków Trybunalski', 'polska', '514 653 755'),
  ('83cfd760-60d6-400e-8536-5e4ea49be0c7', 'Marcin', 'Kamieniarz', '74092219370', '1979-07-27', 'Stalowa Wola', 'polska', '32 529 91 24'),
  ('21132ffe-1545-43fb-8de2-c7a5b1ff1279', 'Mieszko', 'Chlebda', '00242251855', '1989-11-06', 'Szczecinek', 'polska', '22 716 57 26'),
  ('fea9a616-5127-46fe-a79a-e98ac01f0a37', 'Anastazja', 'Kruś', '35010973543', '1986-05-02', 'Tczew', 'polska', '+48 724 808 313'),
  ('dcf05ceb-45a2-4a2e-90be-f205d412be30', 'Lidia', 'Guzdek', '57012268553', '1993-05-04', 'Sanok', 'polska', '734 431 351'),
  ('18638198-8f59-4ca7-9d5c-5083a6b52e82', 'Olgierd', 'Filus', '12031482405', '1985-07-23', 'Zgorzelec', 'polska', '782 710 947'),
  ('c8d8e6e8-4993-48ff-97c4-24fae15f2ca2', 'Ignacy', 'Jachna', '66120199936', '2001-04-14', 'Kołobrzeg', 'polska', '+48 537 496 499'),
  ('79f76230-b2ac-455d-bbdf-540f758f823f', 'Aleks', 'Witas', '49062647134', '1983-02-24', 'Gorlice', 'polska', '+48 693 618 324'),
  ('0f2bbaff-1801-4be2-aa2e-a2c47ec1530e', 'Maciej', 'Soczówka', '10233059405', '1989-12-22', 'Głogów', 'polska', '+48 789 904 902'),
  ('4e766eb0-6526-4e89-9f41-bac1426da30f', 'Stefan', 'Kinal', '20323180717', '1988-11-24', 'Przemyśl', 'polska', '791 680 876'),
  ('5ef237ce-6d64-4a18-9d79-6fdfed400e5b', 'Fabian', 'Szulist', '85060861312', '1975-09-27', 'Opole', 'polska', '+48 732 748 467'),
  ('04738d7c-f02e-41b5-adca-78b37df1bdee', 'Marika', 'Jaracz', '71011887557', '1980-04-30', 'Zambrów', 'polska', '+48 666 753 396'),
  ('221779f9-0f2e-4bbd-83cf-72e537ca3310', 'Bartek', 'Piechna', '66012721742', '1980-03-06', 'Brodnica', 'polska', '+48 796 158 657'),
  ('a9e7f5ed-809a-4d10-8520-fd6247f9c9d5', 'Adam', 'Zapaśnik', '61041662389', '1987-06-21', 'Swarzędz', 'polska', '+48 782 221 969'),
  ('70422071-7f1f-4752-b648-a2009726b238', 'Kaja', 'Pacholczak', '72061343671', '1983-10-14', 'Chełm', 'polska', '+48 509 594 406'),
  ('e72652ed-898b-4892-89ca-ebf2b342f00b', 'Monika', 'Kuciel', '59120721450', '1994-12-29', 'Żyrardów', 'polska', '663 285 884'),
  ('72c15dcc-a6d7-49c3-b6fe-962c17f8580b', 'Julita', 'Topa', '60060949653', '1990-09-30', 'Wałcz', 'polska', '727 098 593'),
  ('017606c7-a31f-4184-8383-a78639365646', 'Leonard', 'Bernard', '05212486923', '2000-07-23', 'Wyszków', 'polska', '577 964 053'),
  ('1722ebb0-95ed-4662-8dfa-84673f1951d6', 'Andrzej', 'Dylong', '87021131832', '2002-01-19', 'Stargard Szczeciński', 'polska', '22 352 90 42'),
  ('a950e985-5250-4891-9888-6d80ac301b3c', 'Lidia', 'Borysiak', '59072089174', '2001-09-29', 'Siemianowice Śląskie', 'polska', '+48 720 847 007'),
  ('a6630205-433d-4123-bda3-da239e003d34', 'Agnieszka', 'Składanek', '68102811834', '1995-11-15', 'Jarosław', 'polska', '726 576 615'),
  ('576001a5-bda8-41c9-8fc6-08a5524c0044', 'Melania', 'Tytko', '26112965602', '1998-01-26', 'Grodzisk Mazowiecki', 'polska', '785 198 327'),
  ('5d254f56-b33d-4a01-9605-66253a60bd8d', 'Grzegorz', 'Leszczuk', '14211445503', '1999-03-08', 'Koszalin', 'polska', '+48 696 120 183'),
  ('cb6ccedf-5dbb-47a3-9b75-b6d47c652304', 'Sara', 'Krężołek', '39081281563', '1984-07-26', 'Bełchatów', 'polska', '+48 789 784 036'),
  ('58a14aa9-95e7-4552-a6a8-e9a48267c588', 'Melania', 'Krzystek', '19323151607', '1998-01-02', 'Poznań', 'polska', '+48 531 596 966'),
  ('37625d8d-7f13-42bb-977b-f9106da2819b', 'Borys', 'Danel', '33022618186', '2001-10-13', 'Mysłowice', 'polska', '32 552 31 24'),
  ('e6a2c1ac-0f88-40bb-9f1c-c951d52b26d4', 'Monika', 'Gajdzik', '70061744904', '1991-03-25', 'Cieszyn', 'polska', '534 770 054'),
  ('65f62333-1419-4b89-8f87-c2c2e4843bf2', 'Paweł', 'Surdel', '07262918201', '1986-12-17', 'Lubliniec', 'polska', '+48 537 889 255'),
  ('05886ba8-b461-4d05-80ff-29b09d19c7a2', 'Fabian', 'Bacia', '00252262911', '1999-01-15', 'Bielawa', 'polska', '+48 505 281 685'),
  ('66fab0f9-daad-42b1-8152-279400d0fac6', 'Adrian', 'Fryś', '31040822927', '1988-02-03', 'Bolesławiec', 'polska', '516 537 947'),
  ('e31e8b39-11e4-442f-8643-881a98c9c3dc', 'Sebastian', 'Jeżyna', '17051775816', '1983-10-12', 'Czechowice-Dziedzice', 'polska', '+48 22 141 24 78'),
  ('d2d7e0ba-6f2f-48bc-95b0-ed5eb870ae84', 'Tymon', 'Matla', '49042672778', '1976-07-30', 'Kraków', 'polska', '530 432 898'),
  ('0a645256-2eaf-4d8b-b06b-034c1cd83ada', 'Aurelia', 'Dybiec', '29102546098', '1999-09-21', 'Zamość', 'polska', '+48 696 218 518'),
  ('9a1a730e-1167-4e5a-a596-9a2dedc44e31', 'Elżbieta', 'Reiter', '55071320584', '2001-01-07', 'Nowy Dwór Mazowiecki', 'polska', '667 722 170'),
  ('2e4c65a1-082d-4d99-8491-6d0e5880aab4', 'Justyna', 'Soczówka', '11261076523', '1988-11-19', 'Białogard', 'polska', '+48 575 841 616'),
  ('76a6684e-e797-4178-9ceb-2f3e871a1d34', 'Justyna', 'Parda', '17322901650', '1997-01-12', 'Goleniów', 'polska', '+48 782 029 702'),
  ('8e8a5f44-b74c-449f-9d61-494d8e4b08ee', 'Konstanty', 'Breguła', '13102027868', '1979-02-18', 'Opole', 'polska', '734 739 473'),
  ('e33b490c-ab7d-44b5-9850-c2d6060d760e', 'Ksawery', 'Jenek', '42063070585', '1979-12-31', 'Krosno', 'polska', '+48 538 291 146'),
  ('1c9dff90-170a-4241-8862-f904d802a05c', 'Adrian', 'Poreda', '17102518241', '1992-05-20', 'Jaworzno', 'polska', '793 584 143'),
  ('5bffba72-1391-46f1-9455-e4ef86d598f0', 'Aleksander', 'Toma', '88100943962', '2001-07-04', 'Marki', 'polska', '507 844 736'),
  ('86a7c878-972a-444e-96a3-ec3b0100d6bd', 'Ida', 'Mordal', '53091537142', '1978-11-20', 'Leszno', 'polska', '601 046 963'),
  ('2178401d-6c0c-4658-b709-93665bbdb49c', 'Przemysław', 'Kazubek', '16112304794', '1987-04-13', 'Wałcz', 'polska', '+48 574 801 624'),
  ('710af460-ec6c-451e-ae8b-5d84c4e9ed89', 'Ignacy', 'Błądek', '63112055854', '1978-07-25', 'Piła', 'polska', '+48 728 680 002'),
  ('eeede2d5-47a6-49f8-bcbf-054446e85a1f', 'Ewelina', 'Mikołajewicz', '86112147057', '1999-05-22', 'Wałcz', 'polska', '576 940 974'),
  ('8cda3412-6749-493e-ab35-1310d709159b', 'Kacper', 'Rutowicz', '67040926361', '1985-12-12', 'Łaziska Górne', 'polska', '+48 727 028 385'),
  ('60a87ed1-6801-4ad7-a41a-89641cff6e05', 'Stefan', 'Mysior', '04232075759', '1982-04-29', 'Kościan', 'polska', '734 198 665'),
  ('58b66ee6-348f-4074-97a2-5d0ff3a90186', 'Andrzej', 'Szałas', '82072033010', '1998-01-24', 'Starachowice', 'polska', '+48 797 120 826'),
  ('3dccd5a5-108c-457b-bcb6-164f49c98e0f', 'Ewa', 'Rurka', '35081940042', '1992-02-17', 'Łowicz', 'polska', '575 478 872'),
  ('8127d934-4ee4-4b26-b08c-98cdf09b995a', 'Dawid', 'Masłoń', '23040422757', '1998-01-17', 'Kraków', 'polska', '736 374 549'),
  ('b482fb0a-2eab-4226-b106-e69b5ff95b4a', 'Borys', 'Kubina', '31021479560', '1991-07-18', 'Żywiec', 'polska', '+48 578 339 187'),
  ('094e1ec3-f030-4870-8aa7-1fc241b0c184', 'Tomasz', 'Ostręga', '70112707285', '1992-08-21', 'Sanok', 'polska', '+48 690 874 064'),
  ('63a7436e-2cd4-4a97-b11a-7c544bbef423', 'Fryderyk', 'Zagozda', '61052618250', '1988-02-13', 'Konin', 'polska', '+48 666 823 004'),
  ('a4ff6ef0-cbf3-498d-b47c-3613b29b09fc', 'Krzysztof', 'Wołk', '14110579037', '1995-06-26', 'Gdynia', 'polska', '+48 507 383 028'),
  ('f0b6c977-030c-4db9-b498-4f660e4453f8', 'Anastazja', 'Kałek', '97103068563', '1986-12-29', 'Legnica', 'polska', '786 287 334'),
  ('f60884eb-266d-4b3a-a32c-ec3e4765953d', 'Mikołaj', 'Wałek', '01321799019', '1988-02-09', 'Lubartów', 'polska', '+48 698 373 540'),
  ('f2a1dbe1-5050-4588-8055-d35c5b9d7dd7', 'Olgierd', 'Przekop', '73091217532', '1992-03-11', 'Racibórz', 'polska', '+48 510 932 048'),
  ('85e1044a-9a3a-45dc-a619-26d340c13111', 'Maks', 'Dziewit', '08242287283', '1980-01-14', 'Toruń', 'polska', '+48 600 100 623'),
  ('ddad9a3a-5690-4719-a740-7402c4a22a57', 'Julita', 'Jaszczyszyn', '78081762111', '1975-11-10', 'Legnica', 'polska', '723 984 546'),
  ('07adfe69-502e-4fae-bbee-cd7703f2adb3', 'Karol', 'Wietecha', '98011759185', '1990-01-14', 'Głogów', 'polska', '699 740 148'),
  ('df30817a-16e0-409e-9c18-aee961a27a26', 'Sebastian', 'Baum', '08303118505', '1998-09-23', 'Oświęcim', 'polska', '721 599 965'),
  ('6d7b42c0-a4d6-4204-a312-9cdd7b2e4066', 'Cezary', 'Golda', '07221826554', '1988-03-15', 'Ruda Śląska', 'polska', '504 754 121'),
  ('a143ee0d-e1f6-41af-8cc8-385dc04bc39e', 'Karol', 'Bystrek', '43042498262', '1994-04-24', 'Chorzów', 'polska', '734 472 126'),
  ('1e4d6209-8a5f-4cfb-8afc-342ac4368b94', 'Fryderyk', 'Gęca', '70031056921', '1986-06-27', 'Ostrołęka', 'polska', '+48 723 752 654'),
  ('bf565e8d-59e0-4519-bfb3-224d0d4dcda7', 'Monika', 'Rzeźniczek', '23253116720', '1985-03-09', 'Biała Podlaska', 'polska', '724 266 179'),
  ('25a639a4-3d17-44bd-ae3f-dfcd763a6257', 'Kornel', 'Wyroślak', '24091001432', '1989-12-02', 'Goleniów', 'polska', '+48 608 993 756'),
  ('e377f19d-3d9a-429c-8a61-f7668c496bfd', 'Angelika', 'Deptuch', '75013017754', '1987-02-15', 'Będzin', 'polska', '511 051 238'),
  ('6c51805e-1357-4861-96ee-f3156fda0ef7', 'Marianna', 'Prażmo', '06231033415', '1975-06-05', 'Dąbrowa Górnicza', 'polska', '+48 32 825 53 71'),
  ('896633cd-1ae1-4a6f-86be-477a2dfe4cfa', 'Ignacy', 'Kamieniarz', '26031125284', '1985-08-31', 'Szczecinek', 'polska', '+48 722 966 278'),
  ('c72b23e8-9915-4ea1-bb82-acca2d6511f9', 'Melania', 'Składanek', '77082267670', '1997-06-30', 'Jastrzębie-Zdrój', 'polska', '539 034 043'),
  ('426793a2-de12-4ad1-b574-5434ae0eec90', 'Filip', 'Mirończuk', '57091817138', '1984-03-20', 'Świebodzice', 'polska', '+48 695 962 923'),
  ('c3f9389d-4de8-4d56-b225-2137a1e1de75', 'Jacek', 'Maślach', '27071823251', '1997-08-04', 'Lubartów', 'polska', '22 672 94 66'),
  ('5b560a74-6a53-492f-8fcf-cbf588253dd1', 'Przemysław', 'Kiełbus', '77080945451', '1982-06-25', 'Łuków', 'polska', '609 750 017'),
  ('3b6cf26c-091d-40ec-9470-45f4fc830263', 'Norbert', 'Mizia', '13212236110', '1999-01-27', 'Gniezno', 'polska', '+48 571 293 870'),
  ('d329d91b-107d-4faa-b68f-d520dac76ff5', 'Łukasz', 'Toma', '29091918904', '1998-04-25', 'Zakopane', 'polska', '667 532 697'),
  ('3af6144b-6bc1-4621-a950-66a75ff6fbab', 'Ryszard', 'Ficoń', '13120443893', '1998-10-07', 'Inowrocław', 'polska', '+48 886 403 761'),
  ('1b08c402-5176-464a-b3d6-3da42d498738', 'Krzysztof', 'Kusyk', '39082100683', '1984-03-12', 'Gorlice', 'polska', '+48 798 666 188'),
  ('a54368d2-5c6e-4556-a574-2e72e2db67da', 'Justyna', 'Fulara', '93081090426', '1990-09-13', 'Wrocław', 'polska', '+48 792 027 588'),
  ('27e9165b-284d-4e62-bc9d-30ba273f0574', 'Olgierd', 'Gołek', '87060625246', '1992-04-09', 'Ząbki', 'polska', '+48 781 380 003'),
  ('34d6107c-b56d-47a7-881f-4958f3a1e1bb', 'Mikołaj', 'Filus', '19292980613', '1982-11-13', 'Bełchatów', 'polska', '32 451 87 05'),
  ('3d08aa84-9418-4166-8377-5fc912556c8b', 'Rozalia', 'Duszczyk', '24271605067', '1996-11-29', 'Kościerzyna', 'polska', '781 383 670'),
  ('937891af-b31c-46b3-b10a-3cd14cfff79e', 'Adrian', 'Ufnal', '45101756553', '1985-03-13', 'Mielec', 'polska', '721 329 121'),
  ('3c8ae4a1-25a2-4b6c-8c4d-5b68eac3e3ec', 'Arkadiusz', 'Kochel', '07212335689', '1978-05-18', 'Jarocin', 'polska', '784 206 788'),
  ('eb923d46-dfc3-4a85-9339-dbfeb66a5f0f', 'Konrad', 'Bandyk', '20260221513', '1990-05-12', 'Malbork', 'polska', '512 966 706'),
  ('de659de9-8a31-43ca-92c9-3bb023c90654', 'Malwina', 'Surdyk', '48050862638', '1978-04-05', 'Ostróda', 'polska', '728 065 787'),
  ('b1ac32c0-79ca-4cc9-b665-3ca72d2ed9a0', 'Witold', 'Moczko', '46072080397', '1983-06-24', 'Skierniewice', 'polska', '22 223 95 59'),
  ('d1729cbd-e8ec-4e3c-86d3-cfc96804b23b', 'Anna Maria', 'Aleksa', '55060493257', '1975-04-19', 'Konin', 'polska', '+48 32 500 29 21'),
  ('c24789c2-8125-4482-9f0a-dcbe630d244c', 'Artur', 'Wałaszek', '21221326449', '1995-04-25', 'Konin', 'polska', '+48 880 969 029'),
  ('664551ef-04b2-46ed-adbb-2c84f949c711', 'Krzysztof', 'Gorol', '17252110069', '1984-01-03', 'Nowa Ruda', 'polska', '+48 512 676 586'),
  ('749eb00e-3e51-4c6c-9927-214f27ea6f80', 'Miłosz', 'Sudnik', '84092215993', '1977-10-29', 'Kluczbork', 'polska', '506 296 201'),
  ('c906176d-d817-463c-b95e-e0414ad91872', 'Dawid', 'Gumienny', '95050897315', '1997-10-19', 'Ostrów Wielkopolski', 'polska', '664 171 467'),
  ('a54c6f05-2252-48e8-87af-d488c65b68c6', 'Stanisław', 'Balik', '05212311586', '2000-11-13', 'Polkowice', 'polska', '+48 693 806 868'),
  ('3ab0243f-aa4f-496d-8f7a-c04babed44bc', 'Bruno', 'Pietrewicz', '27061306160', '1981-10-31', 'Gorlice', 'polska', '609 451 168'),
  ('96cc43ad-530e-4de2-8293-8b41e744080a', 'Stefan', 'Heba', '57012764677', '1993-07-01', 'Krotoszyn', 'polska', '+48 570 246 299'),
  ('1beb0aca-62e5-4b31-967d-91a652e40f21', 'Radosław', 'Bałdys', '15281554698', '1990-05-08', 'Bielsko-Biała', 'polska', '697 367 850'),
  ('00ce4d5a-e98f-42d4-b9d4-3c12970662f1', 'Jacek', 'Gęsiarz', '79010861033', '1991-01-26', 'Oleśnica', 'polska', '+48 727 279 855'),
  ('ccf74bce-2fa2-4701-b7c9-d6682e13cdd6', 'Mateusz', 'Kubanek', '98052029036', '1979-10-11', 'Krotoszyn', 'polska', '+48 32 446 65 74'),
  ('71056595-dae9-46cc-89a7-3943c3f056da', 'Natan', 'Klimko', '54071144439', '1997-01-26', 'Czechowice-Dziedzice', 'polska', '32 309 65 20'),
  ('127f7e23-eebe-45f9-af48-91df12a4417a', 'Dagmara', 'Troć', '23072372480', '1985-04-09', 'Pszczyna', 'polska', '791 353 465'),
  ('03f057a8-65ab-49ce-a9ec-5f8bf77674b6', 'Ksawery', 'Żołna', '87100972529', '1989-03-13', 'Wołomin', 'polska', '792 500 743'),
  ('299cec35-a0b0-4910-84ac-95a883b038f4', 'Bartek', 'Franiak', '13241383007', '1986-03-28', 'Nowa Ruda', 'polska', '723 542 168'),
  ('250b4341-79c7-4971-bd67-6bc1e0dce009', 'Bruno', 'Daniec', '90071382158', '1976-01-08', 'Zakopane', 'polska', '+48 32 064 89 09'),
  ('229c0323-2395-4585-8809-eead83f17dc0', 'Angelika', 'Kalisiak', '92091326181', '1996-06-18', 'Pruszcz Gdański', 'polska', '574 117 393'),
  ('899a644b-f5e8-4c8b-a7ed-ef22b876cb58', 'Anita', 'Łachut', '30072918112', '1992-02-01', 'Nowy Dwór Mazowiecki', 'polska', '727 447 012'),
  ('9b446262-65ea-4b67-ac02-1930f8cbdb82', 'Mariusz', 'Hadaś', '35030116674', '1986-12-08', 'Kutno', 'polska', '+48 797 621 202'),
  ('d181b7f7-2977-42a5-abcd-f4eb23e07373', 'Anna Maria', 'Biesaga', '88100393583', '2000-07-29', 'Szczytno', 'polska', '+48 799 163 756'),
  ('fe992458-d3b6-4a7b-a9ef-943a6bcd747d', 'Artur', 'Galica', '61102263175', '1997-02-28', 'Ząbki', 'polska', '+48 531 775 170'),
  ('dd272a35-0289-4302-9516-8d7db0f0f637', 'Melania', 'Biesaga', '91120575714', '1996-05-12', 'Lubartów', 'polska', '+48 783 055 488'),
  ('596eb1d1-85b0-41bb-acc7-8ca9905c4f09', 'Dominik', 'Świć', '16080891775', '1989-05-17', 'Bochnia', 'polska', '+48 602 708 086'),
  ('b3a9b210-b5e1-47cd-9d6f-e464685c31cc', 'Jacek', 'Joszko', '50042472268', '1986-12-09', 'Bartoszyce', 'polska', '+48 888 485 833'),
  ('1912b7a0-5be5-4ffc-ac61-5921c7c6d18f', 'Urszula', 'Maziarczyk', '24301484604', '2000-09-20', 'Gorzów Wielkopolski', 'polska', '506 200 342'),
  ('c206f385-da77-4024-8b04-9c8778caa654', 'Franciszek', 'Baumgart', '66122058002', '1988-06-17', 'Przemyśl', 'polska', '699 735 989'),
  ('b98a12e8-21c3-4b51-a474-4c9b398c571c', 'Miłosz', 'Stempin', '11011657208', '1983-12-14', 'Ostrołęka', 'polska', '+48 720 947 985'),
  ('c40253f3-e320-4c55-bd8a-81a54820df3f', 'Gustaw', 'Owsiak', '94060387809', '2000-11-18', 'Świecie', 'polska', '887 399 305'),
  ('b4a7a05a-a05a-464a-b898-231a7b748599', 'Julita', 'Osica', '95080813365', '1975-07-11', 'Ostrów Wielkopolski', 'polska', '+48 666 120 750'),
  ('762b3348-876a-4a44-847d-abf78d384bcd', 'Jan', 'Toma', '94060719013', '1999-10-13', 'Jasło', 'polska', '574 491 476'),
  ('27615123-bb5d-4b8c-979b-074c212e3bf2', 'Marcel', 'Kargol', '88032196887', '1975-06-12', 'Zgierz', 'polska', '695 368 222'),
  ('b73a1259-1a0e-455d-890e-3dc01a7e2a48', 'Elżbieta', 'Fura', '58111823146', '1986-07-13', 'Gliwice', 'polska', '695 775 949'),
  ('b96e4943-4dd8-4d9b-b9e3-c2270be89864', 'Norbert', 'Kleban', '25020129144', '1994-01-16', 'Iława', 'polska', '694 110 809'),
  ('f9f76169-83c1-46a2-9555-c207ff3162e6', 'Apolonia', 'Wiech', '59101880390', '1988-10-10', 'Jastrzębie-Zdrój', 'polska', '32 827 22 99'),
  ('b5ad293f-49dc-4dc7-a01b-1a37eb8f5a06', 'Agnieszka', 'Strządała', '15091551843', '1976-11-08', 'Łomża', 'polska', '+48 698 926 659'),
  ('7db13ee8-1a91-4cab-b11e-2e62fdfa51ce', 'Konstanty', 'Kostera', '35091825915', '1980-05-21', 'Głogów', 'polska', '+48 515 177 739'),
  ('0cc321d7-6470-4b0f-9d4d-68c7e01a09a0', 'Olga', 'Pniak', '97012004133', '1994-06-14', 'Krotoszyn', 'polska', '+48 577 236 929'),
  ('b40f0217-078e-43a9-ad42-2e5433131328', 'Dorota', 'Frymus', '22300629121', '1989-07-23', 'Turek', 'polska', '+48 720 881 172'),
  ('0974103a-fa24-422d-8152-a46503610944', 'Łukasz', 'Kik', '14270531494', '1991-07-05', 'Sieradz', 'polska', '733 009 818'),
  ('9aee4cd6-6004-493b-90ee-3edcecfee0a9', 'Ewa', 'Wiekiera', '66070788721', '1982-03-16', 'Bielawa', 'polska', '+48 667 449 562'),
  ('6fbe1836-40dc-4f4c-9179-ef3356e119dc', 'Justyna', 'Kaczan', '46013035192', '1977-06-15', 'Wieluń', 'polska', '+48 506 984 902'),
  ('e1f0a451-4312-4de3-9f8d-6fbeb6e0df12', 'Ewa', 'Plebanek', '37071580117', '1995-03-20', 'Bełchatów', 'polska', '+48 888 955 439'),
  ('5a498505-7609-415b-afa5-db28859d8a90', 'Aurelia', 'Supeł', '70071569735', '1998-11-23', 'Łaziska Górne', 'polska', '+48 537 907 141'),
  ('e893d9cc-b6a0-4028-8f72-38796d26ad0a', 'Bianka', 'Ciemięga', '52122853945', '1991-06-28', 'Goleniów', 'polska', '+48 783 733 343'),
  ('6c455620-c1c1-4a32-94ad-d217ffe87a3e', 'Aurelia', 'Tywoniuk', '77012728462', '1984-08-15', 'Ostrów Mazowiecka', 'polska', '+48 692 086 780'),
  ('4881a2b8-ca39-4175-8946-3f947b9ba56e', 'Robert', 'Wolff', '46011834793', '1993-12-09', 'Radomsko', 'polska', '667 636 556'),
  ('dc0c4527-4e42-4418-8710-38ffdfaa998b', 'Łukasz', 'Odrzywołek', '80082185745', '1996-09-24', 'Bielawa', 'polska', '+48 22 906 12 03'),
  ('b469d95c-c6bb-44cb-b270-31650118a8f2', 'Julita', 'Zachwieja', '49010355872', '2001-10-28', 'Mikołów', 'polska', '536 947 225'),
  ('57fc7fbb-51ca-48a1-a016-95212967b681', 'Angelika', 'Żybura', '33011720232', '1989-05-11', 'Przemyśl', 'polska', '+48 881 326 111'),
  ('e80f7f5c-b046-44ab-8be8-33dff711bce4', 'Hubert', 'Opioła', '24252420054', '1993-03-13', 'Chrzanów', 'polska', '+48 538 487 282'),
  ('39fec4b3-0cec-4e52-8970-4a370cc38e83', 'Emil', 'Pesta', '81070125479', '1975-04-12', 'Łódź', 'polska', '+48 797 740 649'),
  ('84139b07-7781-4799-a03e-4043dd1bdcbf', 'Eliza', 'Kempny', '93092544840', '2002-06-29', 'Inowrocław', 'polska', '+48 22 122 41 79'),
  ('d6c6529e-d9dd-4c3d-bbde-fa4915e08185', 'Tomasz', 'Dawidczyk', '77061335644', '1975-10-10', 'Rumia', 'polska', '+48 530 512 046'),
  ('3b02fcb8-38fd-47f8-8e48-f6cfd14477c7', 'Nikodem', 'Czak', '03210745202', '1988-07-06', 'Żywiec', 'polska', '+48 601 474 350'),
  ('a79b8663-6581-44ea-b5df-b4283028b81b', 'Mariusz', 'Stypka', '44021627192', '1978-04-27', 'Lubartów', 'polska', '+48 730 052 812'),
  ('a6df4992-12ad-410c-ac92-2c799fb73ad2', 'Rozalia', 'Duchnik', '36020792856', '1991-12-13', 'Nowa Ruda', 'polska', '+48 534 982 182'),
  ('a055bd4c-cff8-4258-a5fd-fcb35f0c1412', 'Rafał', 'Koziarz', '77122882946', '1998-07-09', 'Sieradz', 'polska', '+48 735 118 102'),
  ('88b1b7e3-9c46-4a08-b2db-93dc3c15cf70', 'Bartek', 'Skutnik', '77022517052', '1997-08-02', 'Piastów', 'polska', '+48 515 094 801'),
  ('4869902a-7aa3-468f-b753-2cfbbdc8f458', 'Dominik', 'Peda', '88092957611', '1997-01-01', 'Piotrków Trybunalski', 'polska', '+48 666 852 897'),
  ('6b248baa-0024-4468-aecc-5e53a0912cdd', 'Filip', 'Bienia', '12062982402', '1995-07-18', 'Siemianowice Śląskie', 'polska', '695 048 889'),
  ('8e5bf564-1d81-4c68-a6d2-fcb27c0baab2', 'Arkadiusz', 'Suchojad', '33102279195', '1991-09-10', 'Będzin', 'polska', '519 610 556'),
  ('f299fb48-46dd-4c4e-8fa5-4b1da7e2ced4', 'Adrianna', 'Żołądkiewicz', '88072681369', '1995-07-11', 'Ciechanów', 'polska', '602 517 908'),
  ('fad91907-83da-49fc-8189-1b6aa4148632', 'Andrzej', 'Ośka', '15322965917', '1984-05-01', 'Świecie', 'polska', '+48 516 553 559'),
  ('b761dd0c-5749-4c83-8900-113614a34e03', 'Tymon', 'Tywoniuk', '49060505142', '2003-03-07', 'Kwidzyn', 'polska', '505 383 388'),
  ('b6dc234b-c035-4a30-ab80-11f75a74c439', 'Tobiasz', 'Bujas', '00270351048', '1984-07-03', 'Kutno', 'polska', '726 815 798'),
  ('e96eb2f2-9b17-4a2d-9bbe-349d67f7f37b', 'Jacek', 'Kolek', '95061246089', '1977-05-20', 'Suwałki', 'polska', '605 621 689'),
  ('916b41d9-85e9-4b23-b944-b5820de96764', 'Łukasz', 'Jas', '30011192515', '2001-06-22', 'Nowy Targ', 'polska', '+48 881 252 056'),
  ('5ec8d0e0-0083-41b5-b8a1-987086fe1f7a', 'Gaja', 'Gosek', '03302905174', '1983-02-17', 'Jasło', 'polska', '+48 22 975 26 77'),
  ('afbff5d3-e51f-4dcb-bc7e-4cd50dbf18d3', 'Róża', 'Wielgo', '68061860962', '1983-09-02', 'Racibórz', 'polska', '+48 509 998 808'),
  ('5f0f8d1c-60d1-4847-a890-2e86324f1afb', 'Leon', 'Gregorek', '93092108271', '1985-04-16', 'Jarosław', 'polska', '538 129 826'),
  ('82438d5e-147d-4c75-bd9a-e79597e9c756', 'Damian', 'Błaziak', '62012802593', '1993-12-31', 'Legnica', 'polska', '662 206 447'),
  ('b2c78a63-0052-4320-a386-0974d614f6d0', 'Agnieszka', 'Wyroba', '21013099030', '1990-04-23', 'Tczew', 'polska', '+48 728 302 205'),
  ('9255a88f-824a-4f2e-92fb-a7e68656e966', 'Elżbieta', 'Kuchciak', '22121345561', '1976-06-29', 'Lubartów', 'polska', '+48 518 147 214'),
  ('d3268721-8223-4d77-8a01-df4d5c4c2a01', 'Sylwia', 'Wąsek', '09270777294', '1992-12-15', 'Lubliniec', 'polska', '783 010 713'),
  ('44333629-2d1a-4fd1-a760-a816c4e1d9cf', 'Cyprian', 'Pituła', '87091590230', '1999-12-03', 'Wejherowo', 'polska', '+48 787 702 727'),
  ('504c71b6-a4f2-4e7d-bb2b-c9fd88c1796d', 'Albert', 'Ciepluch', '24320429963', '1993-06-14', 'Giżycko', 'polska', '574 504 617'),
  ('5da907d7-d0f4-4640-b396-301c3e401cb3', 'Anna Maria', 'Kędziorek', '54102921820', '2001-08-29', 'Wieluń', 'polska', '517 681 040'),
  ('95672170-9cb3-4f4e-ba99-0b0d0c4dec06', 'Monika', 'Uliczka', '47052022419', '1979-04-12', 'Brodnica', 'polska', '+48 668 138 585'),
  ('e45b3328-4c06-4f70-a55d-a89381d28f2d', 'Marianna', 'Kołaczyk', '06230799792', '1981-05-13', 'Piekary Śląskie', 'polska', '793 817 921'),
  ('705f32bd-ace6-4d98-b42a-763294c701f9', 'Kamil', 'Wojtaszczyk', '73011824598', '1991-07-24', 'Zielona Góra', 'polska', '+48 601 615 814'),
  ('3c32d693-b3c8-4d23-a5f7-1be1e3010e21', 'Marek', 'Wilusz', '01252919711', '1997-10-26', 'Giżycko', 'polska', '+48 535 817 246'),
  ('1321e185-fbc5-4083-8422-ed8b751c59f5', 'Aurelia', 'Pielach', '38040754944', '1981-12-06', 'Jawor', 'polska', '881 909 862'),
  ('f9151519-0bf6-4a31-bb28-bb9f13f8640c', 'Inga', 'Mzyk', '33111672389', '1997-10-25', 'Skarżysko-Kamienna', 'polska', '22 624 22 01'),
  ('17d4276d-767a-4ad3-819e-8bf851c99ce4', 'Bianka', 'Kornet', '62082053262', '1990-08-02', 'Kraków', 'polska', '+48 697 384 689'),
  ('84eb27ef-5818-4641-8f02-a9c5b2dc04c6', 'Igor', 'Maron', '83082994904', '1996-11-01', 'Nowy Targ', 'polska', '32 077 87 95'),
  ('66a458f5-e877-49ce-a482-04584c101394', 'Stefan', 'Jaszcz', '27071581447', '1978-01-30', 'Turek', 'polska', '734 401 929'),
  ('8c5a6f63-6b50-4733-b716-8f7f72e9d07a', 'Klara', 'Wyłupek', '42082972392', '1988-04-23', 'Wodzisław Śląski', 'polska', '514 102 767'),
  ('19abcb96-52ac-467a-80eb-42da69f4f407', 'Maciej', 'Kręcisz', '97011056940', '1993-05-08', 'Mielec', 'polska', '731 496 739'),
  ('bfa903d5-ea32-4d2c-901a-078814e8a88c', 'Ryszard', 'Wiszowata', '14112809103', '1981-11-04', 'Biłgoraj', 'polska', '22 391 11 92'),
  ('5754189d-058d-4c26-934a-ba80520aae87', 'Wojciech', 'Perczak', '18100766506', '2001-09-18', 'Łomża', 'polska', '667 173 962'),
  ('c77c0ca4-97c0-4a2a-9524-638da9be6606', 'Krystian', 'Bisaga', '10052406426', '1997-01-22', 'Starachowice', 'polska', '+48 509 087 766'),
  ('c1713a94-e3c9-442d-80f1-c47f9eed58ea', 'Ksawery', 'Janczura', '15081863466', '1994-02-20', 'Czerwionka-Leszczyny', 'polska', '+48 795 717 320'),
  ('6c1ed128-4091-440c-8de0-4a90bb3521bb', 'Angelika', 'Łapot', '83042029314', '1998-05-06', 'Świebodzice', 'polska', '607 079 032'),
  ('98ea6618-6dfd-4860-9df3-075cab19fc41', 'Natan', 'Mudlaff', '02280965196', '2000-05-19', 'Chorzów', 'polska', '793 092 511'),
  ('bb2ce147-d718-4721-9a6b-2c283a10b7da', 'Kajetan', 'Strzyż', '98122394675', '1999-04-28', 'Zielona Góra', 'polska', '692 487 632'),
  ('2c05f067-bcc3-4537-8893-ec835cd3d8a8', 'Dorota', 'Neubauer', '15221234039', '1991-01-26', 'Legnica', 'polska', '+48 787 722 005'),
  ('f7dd9a02-82ea-4a09-88bc-80d82146947a', 'Tola', 'Siarkiewicz', '67042335314', '1986-05-14', 'Głogów', 'polska', '573 636 317'),
  ('942aa71f-f55c-47ff-90a6-29dd6ec4f07e', 'Nicole', 'Kanarek', '28110717762', '1984-10-27', 'Lubartów', 'polska', '793 492 929');

INSERT INTO addresses (user_id, type, country, city, postal_code, street, house_number) VALUES
  ('9ffe61cb-a17d-403b-bd12-758052f549b8', 'residence', 'Polska', 'Lubartów', '21-715', 'Zaułek', '29'),
  ('de552093-9e6f-4473-8b98-d5164632adfe', 'residence', 'Polska', 'Sanok', '82-855', 'Częstochowska', '58'),
  ('aa7f43d8-c452-411a-8a2a-8c23df18f015', 'residence', 'Polska', 'Koszalin', '34-143', 'Rolnicza', '140'),
  ('56f1715f-f0a4-4d15-a009-b2127cb9e573', 'residence', 'Polska', 'Słupsk', '59-004', 'Kossaka', '8'),
  ('1753d6bc-4560-47c5-b20b-73657943a10e', 'residence', 'Polska', 'Płońsk', '17-132', 'Władysława Łokietka', '7'),
  ('8921e100-d03c-49fe-ad77-2bc6be2ebf7c', 'residence', 'Polska', 'Rzeszów', '66-244', 'Młynarska', '140'),
  ('feef9804-e36a-4516-b9a1-79a28bc75668', 'residence', 'Polska', 'Malbork', '32-896', 'Wspólna', '72'),
  ('5db71748-a773-4b90-85b0-b39e7c9a88d4', 'residence', 'Polska', 'Toruń', '96-322', 'Dworcowa', '109'),
  ('4484cb05-21ca-432f-8535-6625d52e2439', 'residence', 'Polska', 'Racibórz', '97-959', 'Jaśminowa', '87'),
  ('54e1f1da-6c35-450f-a38f-465a2e4e6ddd', 'residence', 'Polska', 'Łowicz', '27-735', 'Irysowa', '92'),
  ('cbcc0ac6-920b-4b07-a61e-7ed4d7ea2163', 'residence', 'Polska', 'Tarnobrzeg', '27-699', 'Tulipanowa', '12'),
  ('7cd37841-0c64-4e6f-95f9-e5f707fda22a', 'residence', 'Polska', 'Piaseczno', '43-286', 'Wąska', '97'),
  ('0b97d646-f568-498a-bbd2-f4ca394d77cf', 'residence', 'Polska', 'Wągrowiec', '93-963', 'Sucharskiego', '93'),
  ('679a6a51-d832-419e-8285-034a622667e8', 'residence', 'Polska', 'Krotoszyn', '84-330', 'Majowa', '59'),
  ('ac2eae8f-df75-42dd-a813-daab360be9c7', 'residence', 'Polska', 'Ostrów Mazowiecka', '99-907', 'Południowa', '26'),
  ('05a47602-8e04-449a-9ad0-5a621c1d0a97', 'residence', 'Polska', 'Gorlice', '31-282', 'Cedrowa', '94'),
  ('e63f06ad-24c3-46bf-b897-72ed21e32be7', 'residence', 'Polska', 'Szczecinek', '69-766', 'Kosynierów', '69'),
  ('51b39c8e-6a4d-4acd-bc3b-92949c8c782e', 'residence', 'Polska', 'Lubartów', '49-285', 'Jana', '137'),
  ('83cfd760-60d6-400e-8536-5e4ea49be0c7', 'residence', 'Polska', 'Gorzów Wielkopolski', '75-027', 'Agrestowa', '70'),
  ('21132ffe-1545-43fb-8de2-c7a5b1ff1279', 'residence', 'Polska', 'Konin', '94-535', 'Pułaskiego', '15'),
  ('fea9a616-5127-46fe-a79a-e98ac01f0a37', 'residence', 'Polska', 'Kościan', '53-501', 'Pszenna', '81'),
  ('dcf05ceb-45a2-4a2e-90be-f205d412be30', 'residence', 'Polska', 'Piastów', '69-974', 'Jana Sobieskiego', '146'),
  ('18638198-8f59-4ca7-9d5c-5083a6b52e82', 'residence', 'Polska', 'Sopot', '57-349', 'Źródlana', '102'),
  ('c8d8e6e8-4993-48ff-97c4-24fae15f2ca2', 'residence', 'Polska', 'Toruń', '79-984', 'Powstańców', '64'),
  ('79f76230-b2ac-455d-bbdf-540f758f823f', 'residence', 'Polska', 'Koszalin', '10-062', 'Konwaliowa', '150'),
  ('0f2bbaff-1801-4be2-aa2e-a2c47ec1530e', 'residence', 'Polska', 'Kwidzyn', '67-668', 'Rycerska', '36'),
  ('4e766eb0-6526-4e89-9f41-bac1426da30f', 'residence', 'Polska', 'Radom', '25-531', 'Diamentowa', '29'),
  ('5ef237ce-6d64-4a18-9d79-6fdfed400e5b', 'residence', 'Polska', 'Kwidzyn', '32-468', 'Lwowska', '109'),
  ('04738d7c-f02e-41b5-adca-78b37df1bdee', 'residence', 'Polska', 'Pabianice', '53-045', 'Letniskowa', '120'),
  ('221779f9-0f2e-4bbd-83cf-72e537ca3310', 'residence', 'Polska', 'Czeladź', '05-633', 'Wąska', '3'),
  ('a9e7f5ed-809a-4d10-8520-fd6247f9c9d5', 'residence', 'Polska', 'Pszczyna', '31-510', 'Jana Pawła II', '69'),
  ('70422071-7f1f-4752-b648-a2009726b238', 'residence', 'Polska', 'Tarnowskie Góry', '02-580', 'Batalionów Chłopskich', '41'),
  ('e72652ed-898b-4892-89ca-ebf2b342f00b', 'residence', 'Polska', 'Jastrzębie-Zdrój', '33-936', 'Tylna', '68'),
  ('72c15dcc-a6d7-49c3-b6fe-962c17f8580b', 'residence', 'Polska', 'Kętrzyn', '09-651', 'Browarna', '77'),
  ('017606c7-a31f-4184-8383-a78639365646', 'residence', 'Polska', 'Mińsk Mazowiecki', '57-974', 'Myśliwska', '42'),
  ('1722ebb0-95ed-4662-8dfa-84673f1951d6', 'residence', 'Polska', 'Włocławek', '70-257', 'Nadrzeczna', '5'),
  ('a950e985-5250-4891-9888-6d80ac301b3c', 'residence', 'Polska', 'Piaseczno', '55-703', 'Malinowa', '79'),
  ('a6630205-433d-4123-bda3-da239e003d34', 'residence', 'Polska', 'Chojnice', '41-682', 'Liliowa', '146'),
  ('576001a5-bda8-41c9-8fc6-08a5524c0044', 'residence', 'Polska', 'Suwałki', '14-359', 'Pszenna', '18'),
  ('5d254f56-b33d-4a01-9605-66253a60bd8d', 'residence', 'Polska', 'Dębica', '54-465', 'Klasztorna', '141'),
  ('cb6ccedf-5dbb-47a3-9b75-b6d47c652304', 'residence', 'Polska', 'Grodzisk Mazowiecki', '08-008', 'Mała', '109'),
  ('58a14aa9-95e7-4552-a6a8-e9a48267c588', 'residence', 'Polska', 'Ełk', '15-415', 'Sosnowa', '52'),
  ('37625d8d-7f13-42bb-977b-f9106da2819b', 'residence', 'Polska', 'Piła', '23-617', 'Rzemieślnicza', '96'),
  ('e6a2c1ac-0f88-40bb-9f1c-c951d52b26d4', 'residence', 'Polska', 'Zabrze', '83-885', 'Jodłowa', '31'),
  ('65f62333-1419-4b89-8f87-c2c2e4843bf2', 'residence', 'Polska', 'Bełchatów', '50-419', 'Solidarności', '6'),
  ('05886ba8-b461-4d05-80ff-29b09d19c7a2', 'residence', 'Polska', 'Poznań', '47-317', 'Dąbrowskiego', '19'),
  ('66fab0f9-daad-42b1-8152-279400d0fac6', 'residence', 'Polska', 'Pabianice', '69-245', 'Opolska', '9'),
  ('e31e8b39-11e4-442f-8643-881a98c9c3dc', 'residence', 'Polska', 'Kalisz', '56-094', 'Złota', '72'),
  ('d2d7e0ba-6f2f-48bc-95b0-ed5eb870ae84', 'residence', 'Polska', 'Świdnik', '15-795', 'Mazowiecka', '147'),
  ('0a645256-2eaf-4d8b-b06b-034c1cd83ada', 'residence', 'Polska', 'Myszków', '65-806', 'Kolorowa', '105'),
  ('9a1a730e-1167-4e5a-a596-9a2dedc44e31', 'residence', 'Polska', 'Pruszków', '26-045', 'Piękna', '111'),
  ('2e4c65a1-082d-4d99-8491-6d0e5880aab4', 'residence', 'Polska', 'Łowicz', '24-559', 'Zbożowa', '14'),
  ('76a6684e-e797-4178-9ceb-2f3e871a1d34', 'residence', 'Polska', 'Gliwice', '31-798', 'Mieszka I', '87'),
  ('8e8a5f44-b74c-449f-9d61-494d8e4b08ee', 'residence', 'Polska', 'Wałbrzych', '18-874', 'Jaśminowa', '138'),
  ('e33b490c-ab7d-44b5-9850-c2d6060d760e', 'residence', 'Polska', 'Jawor', '93-491', 'Kaliska', '72'),
  ('1c9dff90-170a-4241-8862-f904d802a05c', 'residence', 'Polska', 'Kłodzko', '71-282', 'Zamkowa', '20'),
  ('5bffba72-1391-46f1-9455-e4ef86d598f0', 'residence', 'Polska', 'Będzin', '59-075', 'Dąbrowskiej', '141'),
  ('86a7c878-972a-444e-96a3-ec3b0100d6bd', 'residence', 'Polska', 'Słupsk', '42-957', 'Słowackiego', '139'),
  ('2178401d-6c0c-4658-b709-93665bbdb49c', 'residence', 'Polska', 'Kościerzyna', '47-783', 'Składowa', '61'),
  ('710af460-ec6c-451e-ae8b-5d84c4e9ed89', 'residence', 'Polska', 'Skawina', '43-824', 'Bydgoska', '55'),
  ('eeede2d5-47a6-49f8-bcbf-054446e85a1f', 'residence', 'Polska', 'Wyszków', '75-592', 'Widokowa', '98'),
  ('8cda3412-6749-493e-ab35-1310d709159b', 'residence', 'Polska', 'Żagań', '62-539', 'Tartaczna', '117'),
  ('60a87ed1-6801-4ad7-a41a-89641cff6e05', 'residence', 'Polska', 'Reda', '19-298', 'Spacerowa', '143'),
  ('58b66ee6-348f-4074-97a2-5d0ff3a90186', 'residence', 'Polska', 'Wyszków', '61-489', 'Pułaskiego', '56'),
  ('3dccd5a5-108c-457b-bcb6-164f49c98e0f', 'residence', 'Polska', 'Cieszyn', '60-280', 'Jaworowa', '16'),
  ('8127d934-4ee4-4b26-b08c-98cdf09b995a', 'residence', 'Polska', 'Wieluń', '74-012', 'Strzelecka', '123'),
  ('b482fb0a-2eab-4226-b106-e69b5ff95b4a', 'residence', 'Polska', 'Police', '91-371', 'Modrzewiowa', '21'),
  ('094e1ec3-f030-4870-8aa7-1fc241b0c184', 'residence', 'Polska', 'Warszawa', '96-224', 'Konopnickiej', '61'),
  ('63a7436e-2cd4-4a97-b11a-7c544bbef423', 'residence', 'Polska', 'Malbork', '87-737', 'Okulickiego', '146'),
  ('a4ff6ef0-cbf3-498d-b47c-3613b29b09fc', 'residence', 'Polska', 'Ełk', '30-836', 'Kusocińskiego', '21'),
  ('f0b6c977-030c-4db9-b498-4f660e4453f8', 'residence', 'Polska', 'Lubliniec', '19-826', 'Browarna', '134'),
  ('f60884eb-266d-4b3a-a32c-ec3e4765953d', 'residence', 'Polska', 'Gniezno', '25-986', 'Sucharskiego', '81'),
  ('f2a1dbe1-5050-4588-8055-d35c5b9d7dd7', 'residence', 'Polska', 'Śrem', '75-738', 'Nowowiejska', '77'),
  ('85e1044a-9a3a-45dc-a619-26d340c13111', 'residence', 'Polska', 'Gliwice', '91-155', 'Szkolna', '19'),
  ('ddad9a3a-5690-4719-a740-7402c4a22a57', 'residence', 'Polska', 'Bytom', '48-983', 'Widok', '145'),
  ('07adfe69-502e-4fae-bbee-cd7703f2adb3', 'residence', 'Polska', 'Swarzędz', '85-034', 'Zachodnia', '130'),
  ('df30817a-16e0-409e-9c18-aee961a27a26', 'residence', 'Polska', 'Bydgoszcz', '82-280', 'Słonecznikowa', '18'),
  ('6d7b42c0-a4d6-4204-a312-9cdd7b2e4066', 'residence', 'Polska', 'Siedlce', '56-460', 'Ciasna', '113'),
  ('a143ee0d-e1f6-41af-8cc8-385dc04bc39e', 'residence', 'Polska', 'Tarnowskie Góry', '54-307', 'Wysoka', '136'),
  ('1e4d6209-8a5f-4cfb-8afc-342ac4368b94', 'residence', 'Polska', 'Świebodzice', '89-649', 'Szewska', '77'),
  ('bf565e8d-59e0-4519-bfb3-224d0d4dcda7', 'residence', 'Polska', 'Sopot', '75-411', 'Koralowa', '30'),
  ('25a639a4-3d17-44bd-ae3f-dfcd763a6257', 'residence', 'Polska', 'Malbork', '99-696', 'Wolności', '70'),
  ('e377f19d-3d9a-429c-8a61-f7668c496bfd', 'residence', 'Polska', 'Jelenia Góra', '71-164', 'Jeżynowa', '88'),
  ('6c51805e-1357-4861-96ee-f3156fda0ef7', 'residence', 'Polska', 'Łomża', '86-884', 'Rataja', '68'),
  ('896633cd-1ae1-4a6f-86be-477a2dfe4cfa', 'residence', 'Polska', 'Białogard', '83-954', 'Cisowa', '14'),
  ('c72b23e8-9915-4ea1-bb82-acca2d6511f9', 'residence', 'Polska', 'Iława', '37-173', 'Floriana', '71'),
  ('426793a2-de12-4ad1-b574-5434ae0eec90', 'residence', 'Polska', 'Ostrów Wielkopolski', '08-584', 'Strumykowa', '34'),
  ('c3f9389d-4de8-4d56-b225-2137a1e1de75', 'residence', 'Polska', 'Jarosław', '10-649', 'Kruczkowskiego', '142'),
  ('5b560a74-6a53-492f-8fcf-cbf588253dd1', 'residence', 'Polska', 'Poznań', '16-952', 'Fabryczna', '20'),
  ('3b6cf26c-091d-40ec-9470-45f4fc830263', 'residence', 'Polska', 'Łódź', '90-352', 'Miła', '95'),
  ('d329d91b-107d-4faa-b68f-d520dac76ff5', 'residence', 'Polska', 'Stargard Szczeciński', '12-919', 'Przemysłowa', '79'),
  ('3af6144b-6bc1-4621-a950-66a75ff6fbab', 'residence', 'Polska', 'Zamość', '64-654', 'Chopina', '11'),
  ('1b08c402-5176-464a-b3d6-3da42d498738', 'residence', 'Polska', 'Turek', '20-285', 'Pogodna', '27'),
  ('a54368d2-5c6e-4556-a574-2e72e2db67da', 'residence', 'Polska', 'Kościan', '34-171', 'Borówkowa', '105'),
  ('27e9165b-284d-4e62-bc9d-30ba273f0574', 'residence', 'Polska', 'Gdynia', '61-373', 'Azaliowa', '42'),
  ('34d6107c-b56d-47a7-881f-4958f3a1e1bb', 'residence', 'Polska', 'Lubin', '38-578', 'Willowa', '46'),
  ('3d08aa84-9418-4166-8377-5fc912556c8b', 'residence', 'Polska', 'Koszalin', '92-287', 'Glówna', '64'),
  ('937891af-b31c-46b3-b10a-3cd14cfff79e', 'residence', 'Polska', 'Jastrzębie-Zdrój', '58-478', 'Księżycowa', '28'),
  ('3c8ae4a1-25a2-4b6c-8c4d-5b68eac3e3ec', 'residence', 'Polska', 'Leszno', '13-474', 'Osiedlowa', '121'),
  ('eb923d46-dfc3-4a85-9339-dbfeb66a5f0f', 'residence', 'Polska', 'Pszczyna', '55-177', 'Torowa', '118'),
  ('de659de9-8a31-43ca-92c9-3bb023c90654', 'residence', 'Polska', 'Wodzisław Śląski', '73-515', 'Błękitna', '59'),
  ('b1ac32c0-79ca-4cc9-b665-3ca72d2ed9a0', 'residence', 'Polska', 'Bydgoszcz', '91-718', 'Gołębia', '103'),
  ('d1729cbd-e8ec-4e3c-86d3-cfc96804b23b', 'residence', 'Polska', 'Ostróda', '47-984', 'Jaśminowa', '72'),
  ('c24789c2-8125-4482-9f0a-dcbe630d244c', 'residence', 'Polska', 'Legionowo', '79-227', 'Wyzwolenia', '138'),
  ('664551ef-04b2-46ed-adbb-2c84f949c711', 'residence', 'Polska', 'Tychy', '62-808', 'Słowackiego', '67'),
  ('749eb00e-3e51-4c6c-9927-214f27ea6f80', 'residence', 'Polska', 'Starachowice', '27-998', 'Wschodnia', '68'),
  ('c906176d-d817-463c-b95e-e0414ad91872', 'residence', 'Polska', 'Oleśnica', '85-272', 'Jodłowa', '89'),
  ('a54c6f05-2252-48e8-87af-d488c65b68c6', 'residence', 'Polska', 'Wągrowiec', '61-587', 'Myśliwska', '131'),
  ('3ab0243f-aa4f-496d-8f7a-c04babed44bc', 'residence', 'Polska', 'Otwock', '71-334', 'Szeroka', '49'),
  ('96cc43ad-530e-4de2-8293-8b41e744080a', 'residence', 'Polska', 'Pszczyna', '89-412', 'Spokojna', '1'),
  ('1beb0aca-62e5-4b31-967d-91a652e40f21', 'residence', 'Polska', 'Lębork', '21-068', 'Agrestowa', '85'),
  ('00ce4d5a-e98f-42d4-b9d4-3c12970662f1', 'residence', 'Polska', 'Jaworzno', '34-767', 'Dąbrowskiej', '77'),
  ('ccf74bce-2fa2-4701-b7c9-d6682e13cdd6', 'residence', 'Polska', 'Stargard Szczeciński', '60-310', 'Powstańców Śląskich', '104'),
  ('71056595-dae9-46cc-89a7-3943c3f056da', 'residence', 'Polska', 'Wyszków', '64-303', 'Harcerska', '108'),
  ('127f7e23-eebe-45f9-af48-91df12a4417a', 'residence', 'Polska', 'Rumia', '34-600', 'Zbożowa', '45'),
  ('03f057a8-65ab-49ce-a9ec-5f8bf77674b6', 'residence', 'Polska', 'Lubartów', '22-591', 'Rejtana', '1'),
  ('299cec35-a0b0-4910-84ac-95a883b038f4', 'residence', 'Polska', 'Bochnia', '40-172', 'Wrzosowa', '149'),
  ('250b4341-79c7-4971-bd67-6bc1e0dce009', 'residence', 'Polska', 'Częstochowa', '85-111', 'Stefana Batorego', '55'),
  ('229c0323-2395-4585-8809-eead83f17dc0', 'residence', 'Polska', 'Środa Wielkopolska', '34-852', 'Daleka', '44'),
  ('899a644b-f5e8-4c8b-a7ed-ef22b876cb58', 'residence', 'Polska', 'Białystok', '38-369', 'Powstańców Śląskich', '86'),
  ('9b446262-65ea-4b67-ac02-1930f8cbdb82', 'residence', 'Polska', 'Dąbrowa Górnicza', '54-934', 'Prusa', '61'),
  ('d181b7f7-2977-42a5-abcd-f4eb23e07373', 'residence', 'Polska', 'Legnica', '72-914', 'Orzeszkowej', '38'),
  ('fe992458-d3b6-4a7b-a9ef-943a6bcd747d', 'residence', 'Polska', 'Dąbrowa Górnicza', '52-423', 'Cicha', '122'),
  ('dd272a35-0289-4302-9516-8d7db0f0f637', 'residence', 'Polska', 'Rumia', '90-109', 'Kasztanowa', '148'),
  ('596eb1d1-85b0-41bb-acc7-8ca9905c4f09', 'residence', 'Polska', 'Śrem', '62-947', 'Lisia', '127'),
  ('b3a9b210-b5e1-47cd-9d6f-e464685c31cc', 'residence', 'Polska', 'Ostrowiec Świętokrzyski', '80-732', 'Lawendowa', '2'),
  ('1912b7a0-5be5-4ffc-ac61-5921c7c6d18f', 'residence', 'Polska', 'Świdnica', '88-257', 'Spółdzielcza', '46'),
  ('c206f385-da77-4024-8b04-9c8778caa654', 'residence', 'Polska', 'Piła', '93-988', 'Poznańska', '32'),
  ('b98a12e8-21c3-4b51-a474-4c9b398c571c', 'residence', 'Polska', 'Rzeszów', '91-326', 'Kaliska', '136'),
  ('c40253f3-e320-4c55-bd8a-81a54820df3f', 'residence', 'Polska', 'Kołobrzeg', '15-396', 'Owocowa', '130'),
  ('b4a7a05a-a05a-464a-b898-231a7b748599', 'residence', 'Polska', 'Bielsko-Biała', '10-056', 'Zachodnia', '115'),
  ('762b3348-876a-4a44-847d-abf78d384bcd', 'residence', 'Polska', 'Otwock', '85-032', 'Bydgoska', '116'),
  ('27615123-bb5d-4b8c-979b-074c212e3bf2', 'residence', 'Polska', 'Siemianowice Śląskie', '79-855', 'Letnia', '71'),
  ('b73a1259-1a0e-455d-890e-3dc01a7e2a48', 'residence', 'Polska', 'Grudziądz', '73-581', 'Częstochowska', '113'),
  ('b96e4943-4dd8-4d9b-b9e3-c2270be89864', 'residence', 'Polska', 'Augustów', '52-788', 'Prusa', '70'),
  ('f9f76169-83c1-46a2-9555-c207ff3162e6', 'residence', 'Polska', 'Biłgoraj', '19-754', 'Kusocińskiego', '21'),
  ('b5ad293f-49dc-4dc7-a01b-1a37eb8f5a06', 'residence', 'Polska', 'Wyszków', '10-530', 'Dworska', '40'),
  ('7db13ee8-1a91-4cab-b11e-2e62fdfa51ce', 'residence', 'Polska', 'Jaworzno', '83-854', 'Wypoczynkowa', '85'),
  ('0cc321d7-6470-4b0f-9d4d-68c7e01a09a0', 'residence', 'Polska', 'Płońsk', '24-639', 'Władysława Łokietka', '108'),
  ('b40f0217-078e-43a9-ad42-2e5433131328', 'residence', 'Polska', 'Łowicz', '70-848', 'Polna', '6'),
  ('0974103a-fa24-422d-8152-a46503610944', 'residence', 'Polska', 'Kraków', '49-671', 'Krakowska', '91'),
  ('9aee4cd6-6004-493b-90ee-3edcecfee0a9', 'residence', 'Polska', 'Biłgoraj', '16-766', 'Kamienna', '108'),
  ('6fbe1836-40dc-4f4c-9179-ef3356e119dc', 'residence', 'Polska', 'Marki', '64-450', 'Ogrodowa', '112'),
  ('e1f0a451-4312-4de3-9f8d-6fbeb6e0df12', 'residence', 'Polska', 'Mysłowice', '59-953', 'Składowa', '104'),
  ('5a498505-7609-415b-afa5-db28859d8a90', 'residence', 'Polska', 'Kołobrzeg', '82-808', 'Żytnia', '33'),
  ('e893d9cc-b6a0-4028-8f72-38796d26ad0a', 'residence', 'Polska', 'Głogów', '26-855', 'Tulipanowa', '145'),
  ('6c455620-c1c1-4a32-94ad-d217ffe87a3e', 'residence', 'Polska', 'Jasło', '45-404', 'Batalionów Chłopskich', '35'),
  ('4881a2b8-ca39-4175-8946-3f947b9ba56e', 'residence', 'Polska', 'Tczew', '58-185', 'Kościuszki', '98'),
  ('dc0c4527-4e42-4418-8710-38ffdfaa998b', 'residence', 'Polska', 'Stalowa Wola', '61-860', 'Broniewskiego', '87'),
  ('b469d95c-c6bb-44cb-b270-31650118a8f2', 'residence', 'Polska', 'Szczecinek', '81-628', 'Kościuszki', '108'),
  ('57fc7fbb-51ca-48a1-a016-95212967b681', 'residence', 'Polska', 'Chrzanów', '71-056', 'Parkowa', '5'),
  ('e80f7f5c-b046-44ab-8be8-33dff711bce4', 'residence', 'Polska', 'Luboń', '77-468', 'Tuwima', '18'),
  ('39fec4b3-0cec-4e52-8970-4a370cc38e83', 'residence', 'Polska', 'Pabianice', '01-562', 'Plażowa', '64'),
  ('84139b07-7781-4799-a03e-4043dd1bdcbf', 'residence', 'Polska', 'Jarosław', '35-718', 'Norwida', '40'),
  ('d6c6529e-d9dd-4c3d-bbde-fa4915e08185', 'residence', 'Polska', 'Rzeszów', '70-482', 'Dąbrowskiego', '30'),
  ('3b02fcb8-38fd-47f8-8e48-f6cfd14477c7', 'residence', 'Polska', 'Bielsk Podlaski', '28-997', 'Reymonta', '95'),
  ('a79b8663-6581-44ea-b5df-b4283028b81b', 'residence', 'Polska', 'Wołomin', '30-325', 'Ciasna', '30'),
  ('a6df4992-12ad-410c-ac92-2c799fb73ad2', 'residence', 'Polska', 'Jarosław', '38-840', 'Wrocławska', '7'),
  ('a055bd4c-cff8-4258-a5fd-fcb35f0c1412', 'residence', 'Polska', 'Konin', '05-207', 'Południowa', '97'),
  ('88b1b7e3-9c46-4a08-b2db-93dc3c15cf70', 'residence', 'Polska', 'Biała Podlaska', '10-968', 'Grzybowa', '63'),
  ('4869902a-7aa3-468f-b753-2cfbbdc8f458', 'residence', 'Polska', 'Skierniewice', '41-564', 'Brzoskwiniowa', '31'),
  ('6b248baa-0024-4468-aecc-5e53a0912cdd', 'residence', 'Polska', 'Ząbki', '20-097', 'Spokojna', '95'),
  ('8e5bf564-1d81-4c68-a6d2-fcb27c0baab2', 'residence', 'Polska', 'Żyrardów', '16-891', 'Lelewela', '4'),
  ('f299fb48-46dd-4c4e-8fa5-4b1da7e2ced4', 'residence', 'Polska', 'Piaseczno', '34-088', 'Handlowa', '111'),
  ('fad91907-83da-49fc-8189-1b6aa4148632', 'residence', 'Polska', 'Wyszków', '04-789', 'Zielna', '118'),
  ('b761dd0c-5749-4c83-8900-113614a34e03', 'residence', 'Polska', 'Ostrów Mazowiecka', '34-562', 'Wysoka', '134'),
  ('b6dc234b-c035-4a30-ab80-11f75a74c439', 'residence', 'Polska', 'Bielsko-Biała', '24-204', 'Wiklinowa', '138'),
  ('e96eb2f2-9b17-4a2d-9bbe-349d67f7f37b', 'residence', 'Polska', 'Gorlice', '88-233', 'Nowowiejska', '69'),
  ('916b41d9-85e9-4b23-b944-b5820de96764', 'residence', 'Polska', 'Świnoujście', '39-454', 'Konarskiego', '23'),
  ('5ec8d0e0-0083-41b5-b8a1-987086fe1f7a', 'residence', 'Polska', 'Chorzów', '21-198', 'Żwirowa', '119'),
  ('afbff5d3-e51f-4dcb-bc7e-4cd50dbf18d3', 'residence', 'Polska', 'Gorzów Wielkopolski', '58-468', 'Spacerowa', '84'),
  ('5f0f8d1c-60d1-4847-a890-2e86324f1afb', 'residence', 'Polska', 'Świnoujście', '42-462', 'Akacjowa', '67'),
  ('82438d5e-147d-4c75-bd9a-e79597e9c756', 'residence', 'Polska', 'Świdnica', '81-186', 'Okrężna', '71'),
  ('b2c78a63-0052-4320-a386-0974d614f6d0', 'residence', 'Polska', 'Katowice', '19-875', 'Sportowa', '22'),
  ('9255a88f-824a-4f2e-92fb-a7e68656e966', 'residence', 'Polska', 'Starachowice', '68-424', 'Wiatraczna', '143'),
  ('d3268721-8223-4d77-8a01-df4d5c4c2a01', 'residence', 'Polska', 'Turek', '54-424', 'Kasztanowa', '126'),
  ('44333629-2d1a-4fd1-a760-a816c4e1d9cf', 'residence', 'Polska', 'Iława', '43-474', 'Chmielna', '76'),
  ('504c71b6-a4f2-4e7d-bb2b-c9fd88c1796d', 'residence', 'Polska', 'Chełm', '48-463', 'Środkowa', '79'),
  ('5da907d7-d0f4-4640-b396-301c3e401cb3', 'residence', 'Polska', 'Wągrowiec', '77-893', 'Sadowa', '89'),
  ('95672170-9cb3-4f4e-ba99-0b0d0c4dec06', 'residence', 'Polska', 'Mielec', '19-966', 'Szarych Szeregów', '91'),
  ('e45b3328-4c06-4f70-a55d-a89381d28f2d', 'residence', 'Polska', 'Sandomierz', '60-100', 'Szczęśliwa', '60'),
  ('705f32bd-ace6-4d98-b42a-763294c701f9', 'residence', 'Polska', 'Nowy Targ', '60-411', 'Prusa', '31'),
  ('3c32d693-b3c8-4d23-a5f7-1be1e3010e21', 'residence', 'Polska', 'Gliwice', '77-112', 'Baczyńskiego', '124'),
  ('1321e185-fbc5-4083-8422-ed8b751c59f5', 'residence', 'Polska', 'Pruszków', '08-379', 'Bałtycka', '135'),
  ('f9151519-0bf6-4a31-bb28-bb9f13f8640c', 'residence', 'Polska', 'Kętrzyn', '03-148', 'Kossaka', '76'),
  ('17d4276d-767a-4ad3-819e-8bf851c99ce4', 'residence', 'Polska', 'Radomsko', '05-039', 'Listopada', '4'),
  ('84eb27ef-5818-4641-8f02-a9c5b2dc04c6', 'residence', 'Polska', 'Szczecinek', '46-984', 'Zbożowa', '14'),
  ('66a458f5-e877-49ce-a482-04584c101394', 'residence', 'Polska', 'Koło', '20-675', 'Toruńska', '126'),
  ('8c5a6f63-6b50-4733-b716-8f7f72e9d07a', 'residence', 'Polska', 'Biała Podlaska', '61-765', 'Jana', '73'),
  ('19abcb96-52ac-467a-80eb-42da69f4f407', 'residence', 'Polska', 'Reda', '25-533', 'Krańcowa', '48'),
  ('bfa903d5-ea32-4d2c-901a-078814e8a88c', 'residence', 'Polska', 'Dębica', '85-783', 'Głowackiego', '123'),
  ('5754189d-058d-4c26-934a-ba80520aae87', 'residence', 'Polska', 'Kętrzyn', '63-112', 'Prosta', '126'),
  ('c77c0ca4-97c0-4a2a-9524-638da9be6606', 'residence', 'Polska', 'Kościerzyna', '09-554', 'Żwirowa', '14'),
  ('c1713a94-e3c9-442d-80f1-c47f9eed58ea', 'residence', 'Polska', 'Mysłowice', '04-738', 'Sikorskiego', '78'),
  ('6c1ed128-4091-440c-8de0-4a90bb3521bb', 'residence', 'Polska', 'Wrocław', '23-648', 'Piaskowa', '107'),
  ('98ea6618-6dfd-4860-9df3-075cab19fc41', 'residence', 'Polska', 'Tarnowskie Góry', '19-776', 'Jaskółcza', '116'),
  ('bb2ce147-d718-4721-9a6b-2c283a10b7da', 'residence', 'Polska', 'Września', '89-039', 'Piłsudskiego', '110'),
  ('2c05f067-bcc3-4537-8893-ec835cd3d8a8', 'residence', 'Polska', 'Bełchatów', '27-446', 'Dworska', '26'),
  ('f7dd9a02-82ea-4a09-88bc-80d82146947a', 'residence', 'Polska', 'Śrem', '63-056', 'Bociania', '21'),
  ('942aa71f-f55c-47ff-90a6-29dd6ec4f07e', 'residence', 'Polska', 'Zgorzelec', '30-089', 'Wypoczynkowa', '20');

INSERT INTO education_records (user_id, academic_title, university_name, graduation_year, diploma_country) VALUES
  ('9ffe61cb-a17d-403b-bd12-758052f549b8', 'magister', 'Uniwersytet Puławy', 2021, 'Polska'),
  ('de552093-9e6f-4473-8b98-d5164632adfe', 'magister inżynier', 'Uniwersytet Jaworzno', 2021, 'Polska'),
  ('aa7f43d8-c452-411a-8a2a-8c23df18f015', 'magister', 'Uniwersytet Piastów', 2019, 'Polska'),
  ('56f1715f-f0a4-4d15-a009-b2127cb9e573', 'magister', 'Uniwersytet Kościan', 2013, 'Polska'),
  ('1753d6bc-4560-47c5-b20b-73657943a10e', 'magister inżynier', 'Uniwersytet Chrzanów', 2021, 'Polska'),
  ('8921e100-d03c-49fe-ad77-2bc6be2ebf7c', 'licencjat', 'Uniwersytet Świecie', 2013, 'Polska'),
  ('feef9804-e36a-4516-b9a1-79a28bc75668', 'magister', 'Uniwersytet Mińsk Mazowiecki', 2022, 'Polska'),
  ('5db71748-a773-4b90-85b0-b39e7c9a88d4', 'inżynier', 'Uniwersytet Częstochowa', 2014, 'Polska'),
  ('4484cb05-21ca-432f-8535-6625d52e2439', 'magister', 'Uniwersytet Łódź', 2011, 'Polska'),
  ('54e1f1da-6c35-450f-a38f-465a2e4e6ddd', 'inżynier', 'Uniwersytet Ostrów Wielkopolski', 2019, 'Polska'),
  ('cbcc0ac6-920b-4b07-a61e-7ed4d7ea2163', 'licencjat', 'Uniwersytet Bielsk Podlaski', 2018, 'Polska'),
  ('7cd37841-0c64-4e6f-95f9-e5f707fda22a', 'magister', 'Uniwersytet Reda', 2018, 'Polska'),
  ('0b97d646-f568-498a-bbd2-f4ca394d77cf', 'magister inżynier', 'Uniwersytet Świebodzice', 2021, 'Polska'),
  ('679a6a51-d832-419e-8285-034a622667e8', 'inżynier', 'Uniwersytet Mińsk Mazowiecki', 2011, 'Polska'),
  ('ac2eae8f-df75-42dd-a813-daab360be9c7', 'licencjat', 'Uniwersytet Środa Wielkopolska', 2014, 'Polska'),
  ('05a47602-8e04-449a-9ad0-5a621c1d0a97', 'magister inżynier', 'Uniwersytet Zabrze', 2015, 'Polska'),
  ('e63f06ad-24c3-46bf-b897-72ed21e32be7', 'magister', 'Uniwersytet Myszków', 2019, 'Polska'),
  ('51b39c8e-6a4d-4acd-bc3b-92949c8c782e', 'magister inżynier', 'Uniwersytet Szczecinek', 2012, 'Polska'),
  ('83cfd760-60d6-400e-8536-5e4ea49be0c7', 'magister inżynier', 'Uniwersytet Łuków', 2020, 'Polska'),
  ('21132ffe-1545-43fb-8de2-c7a5b1ff1279', 'magister inżynier', 'Uniwersytet Mielec', 2023, 'Polska'),
  ('fea9a616-5127-46fe-a79a-e98ac01f0a37', 'licencjat', 'Uniwersytet Lubartów', 2014, 'Polska'),
  ('dcf05ceb-45a2-4a2e-90be-f205d412be30', 'inżynier', 'Uniwersytet Szczytno', 2013, 'Polska'),
  ('18638198-8f59-4ca7-9d5c-5083a6b52e82', 'licencjat', 'Uniwersytet Radom', 2012, 'Polska'),
  ('c8d8e6e8-4993-48ff-97c4-24fae15f2ca2', 'inżynier', 'Uniwersytet Tychy', 2021, 'Polska'),
  ('79f76230-b2ac-455d-bbdf-540f758f823f', 'licencjat', 'Uniwersytet Zgierz', 2015, 'Polska'),
  ('0f2bbaff-1801-4be2-aa2e-a2c47ec1530e', 'licencjat', 'Uniwersytet Tczew', 2011, 'Polska'),
  ('4e766eb0-6526-4e89-9f41-bac1426da30f', 'magister inżynier', 'Uniwersytet Brodnica', 2020, 'Polska'),
  ('5ef237ce-6d64-4a18-9d79-6fdfed400e5b', 'magister', 'Uniwersytet Kalisz', 2016, 'Polska'),
  ('04738d7c-f02e-41b5-adca-78b37df1bdee', 'inżynier', 'Uniwersytet Piastów', 2018, 'Polska'),
  ('221779f9-0f2e-4bbd-83cf-72e537ca3310', 'magister', 'Uniwersytet Chełm', 2020, 'Polska'),
  ('a9e7f5ed-809a-4d10-8520-fd6247f9c9d5', 'inżynier', 'Uniwersytet Koszalin', 2011, 'Polska'),
  ('70422071-7f1f-4752-b648-a2009726b238', 'licencjat', 'Uniwersytet Środa Wielkopolska', 2010, 'Poza Polską'),
  ('e72652ed-898b-4892-89ca-ebf2b342f00b', 'magister inżynier', 'Uniwersytet Pruszków', 2018, 'Poza Polską'),
  ('72c15dcc-a6d7-49c3-b6fe-962c17f8580b', 'magister inżynier', 'Uniwersytet Bartoszyce', 2012, 'Polska'),
  ('017606c7-a31f-4184-8383-a78639365646', 'magister', 'Uniwersytet Skarżysko-Kamienna', 2019, 'Polska'),
  ('1722ebb0-95ed-4662-8dfa-84673f1951d6', 'magister', 'Uniwersytet Elbląg', 2024, 'Polska'),
  ('a950e985-5250-4891-9888-6d80ac301b3c', 'magister inżynier', 'Uniwersytet Oleśnica', 2010, 'Polska'),
  ('a6630205-433d-4123-bda3-da239e003d34', 'magister', 'Uniwersytet Rumia', 2011, 'Polska'),
  ('576001a5-bda8-41c9-8fc6-08a5524c0044', 'magister inżynier', 'Uniwersytet Krosno', 2012, 'Polska'),
  ('5d254f56-b33d-4a01-9605-66253a60bd8d', 'magister inżynier', 'Uniwersytet Słupsk', 2014, 'Polska'),
  ('cb6ccedf-5dbb-47a3-9b75-b6d47c652304', 'magister inżynier', 'Uniwersytet Biała Podlaska', 2024, 'Polska'),
  ('58a14aa9-95e7-4552-a6a8-e9a48267c588', 'inżynier', 'Uniwersytet Świętochłowice', 2016, 'Poza Polską'),
  ('37625d8d-7f13-42bb-977b-f9106da2819b', 'licencjat', 'Uniwersytet Lubartów', 2024, 'Polska'),
  ('e6a2c1ac-0f88-40bb-9f1c-c951d52b26d4', 'magister inżynier', 'Uniwersytet Turek', 2013, 'Polska'),
  ('65f62333-1419-4b89-8f87-c2c2e4843bf2', 'magister inżynier', 'Uniwersytet Wejherowo', 2019, 'Polska'),
  ('05886ba8-b461-4d05-80ff-29b09d19c7a2', 'magister', 'Uniwersytet Gniezno', 2013, 'Polska'),
  ('66fab0f9-daad-42b1-8152-279400d0fac6', 'inżynier', 'Uniwersytet Kwidzyn', 2011, 'Polska'),
  ('e31e8b39-11e4-442f-8643-881a98c9c3dc', 'licencjat', 'Uniwersytet Jarosław', 2013, 'Polska'),
  ('d2d7e0ba-6f2f-48bc-95b0-ed5eb870ae84', 'licencjat', 'Uniwersytet Chełm', 2013, 'Polska'),
  ('0a645256-2eaf-4d8b-b06b-034c1cd83ada', 'magister inżynier', 'Uniwersytet Zgorzelec', 2011, 'Polska'),
  ('9a1a730e-1167-4e5a-a596-9a2dedc44e31', 'inżynier', 'Uniwersytet Białystok', 2016, 'Polska'),
  ('2e4c65a1-082d-4d99-8491-6d0e5880aab4', 'magister', 'Uniwersytet Ostrołęka', 2010, 'Polska'),
  ('76a6684e-e797-4178-9ceb-2f3e871a1d34', 'magister', 'Uniwersytet Radomsko', 2013, 'Polska'),
  ('8e8a5f44-b74c-449f-9d61-494d8e4b08ee', 'licencjat', 'Uniwersytet Jarosław', 2012, 'Polska'),
  ('e33b490c-ab7d-44b5-9850-c2d6060d760e', 'licencjat', 'Uniwersytet Świnoujście', 2013, 'Polska'),
  ('1c9dff90-170a-4241-8862-f904d802a05c', 'licencjat', 'Uniwersytet Gorlice', 2022, 'Polska'),
  ('5bffba72-1391-46f1-9455-e4ef86d598f0', 'magister', 'Uniwersytet Toruń', 2010, 'Polska'),
  ('86a7c878-972a-444e-96a3-ec3b0100d6bd', 'magister', 'Uniwersytet Kościan', 2011, 'Poza Polską'),
  ('2178401d-6c0c-4658-b709-93665bbdb49c', 'magister inżynier', 'Uniwersytet Radomsko', 2016, 'Polska'),
  ('710af460-ec6c-451e-ae8b-5d84c4e9ed89', 'licencjat', 'Uniwersytet Czechowice-Dziedzice', 2024, 'Polska'),
  ('eeede2d5-47a6-49f8-bcbf-054446e85a1f', 'magister', 'Uniwersytet Kościan', 2016, 'Polska'),
  ('8cda3412-6749-493e-ab35-1310d709159b', 'inżynier', 'Uniwersytet Racibórz', 2016, 'Polska'),
  ('60a87ed1-6801-4ad7-a41a-89641cff6e05', 'licencjat', 'Uniwersytet Świdnica', 2012, 'Polska'),
  ('58b66ee6-348f-4074-97a2-5d0ff3a90186', 'magister', 'Uniwersytet Lubin', 2019, 'Polska'),
  ('3dccd5a5-108c-457b-bcb6-164f49c98e0f', 'inżynier', 'Uniwersytet Elbląg', 2010, 'Polska'),
  ('8127d934-4ee4-4b26-b08c-98cdf09b995a', 'magister inżynier', 'Uniwersytet Wyszków', 2010, 'Poza Polską'),
  ('b482fb0a-2eab-4226-b106-e69b5ff95b4a', 'magister inżynier', 'Uniwersytet Swarzędz', 2011, 'Polska'),
  ('094e1ec3-f030-4870-8aa7-1fc241b0c184', 'licencjat', 'Uniwersytet Rzeszów', 2011, 'Poza Polską'),
  ('63a7436e-2cd4-4a97-b11a-7c544bbef423', 'magister inżynier', 'Uniwersytet Świdnik', 2019, 'Polska'),
  ('a4ff6ef0-cbf3-498d-b47c-3613b29b09fc', 'licencjat', 'Uniwersytet Łuków', 2020, 'Polska'),
  ('f0b6c977-030c-4db9-b498-4f660e4453f8', 'inżynier', 'Uniwersytet Sosnowiec', 2024, 'Polska'),
  ('f60884eb-266d-4b3a-a32c-ec3e4765953d', 'magister inżynier', 'Uniwersytet Opole', 2014, 'Polska'),
  ('f2a1dbe1-5050-4588-8055-d35c5b9d7dd7', 'licencjat', 'Uniwersytet Pruszków', 2015, 'Poza Polską'),
  ('85e1044a-9a3a-45dc-a619-26d340c13111', 'magister', 'Uniwersytet Stargard Szczeciński', 2017, 'Polska'),
  ('ddad9a3a-5690-4719-a740-7402c4a22a57', 'magister', 'Uniwersytet Knurów', 2011, 'Polska'),
  ('07adfe69-502e-4fae-bbee-cd7703f2adb3', 'inżynier', 'Uniwersytet Racibórz', 2012, 'Poza Polską'),
  ('df30817a-16e0-409e-9c18-aee961a27a26', 'magister inżynier', 'Uniwersytet Oleśnica', 2015, 'Polska'),
  ('6d7b42c0-a4d6-4204-a312-9cdd7b2e4066', 'inżynier', 'Uniwersytet Oława', 2019, 'Poza Polską'),
  ('a143ee0d-e1f6-41af-8cc8-385dc04bc39e', 'magister', 'Uniwersytet Zabrze', 2020, 'Polska'),
  ('1e4d6209-8a5f-4cfb-8afc-342ac4368b94', 'magister', 'Uniwersytet Łuków', 2024, 'Polska'),
  ('bf565e8d-59e0-4519-bfb3-224d0d4dcda7', 'magister', 'Uniwersytet Cieszyn', 2021, 'Polska'),
  ('25a639a4-3d17-44bd-ae3f-dfcd763a6257', 'inżynier', 'Uniwersytet Szczytno', 2019, 'Polska'),
  ('e377f19d-3d9a-429c-8a61-f7668c496bfd', 'magister inżynier', 'Uniwersytet Bielawa', 2020, 'Polska'),
  ('6c51805e-1357-4861-96ee-f3156fda0ef7', 'licencjat', 'Uniwersytet Police', 2014, 'Poza Polską'),
  ('896633cd-1ae1-4a6f-86be-477a2dfe4cfa', 'magister', 'Uniwersytet Oława', 2020, 'Polska'),
  ('c72b23e8-9915-4ea1-bb82-acca2d6511f9', 'magister', 'Uniwersytet Knurów', 2010, 'Polska'),
  ('426793a2-de12-4ad1-b574-5434ae0eec90', 'inżynier', 'Uniwersytet Nowy Targ', 2012, 'Polska'),
  ('c3f9389d-4de8-4d56-b225-2137a1e1de75', 'licencjat', 'Uniwersytet Ruda Śląska', 2018, 'Polska'),
  ('5b560a74-6a53-492f-8fcf-cbf588253dd1', 'magister inżynier', 'Uniwersytet Bolesławiec', 2018, 'Polska'),
  ('3b6cf26c-091d-40ec-9470-45f4fc830263', 'magister inżynier', 'Uniwersytet Świdnik', 2016, 'Polska'),
  ('d329d91b-107d-4faa-b68f-d520dac76ff5', 'inżynier', 'Uniwersytet Chorzów', 2024, 'Poza Polską'),
  ('3af6144b-6bc1-4621-a950-66a75ff6fbab', 'inżynier', 'Uniwersytet Rzeszów', 2013, 'Polska'),
  ('1b08c402-5176-464a-b3d6-3da42d498738', 'inżynier', 'Uniwersytet Piekary Śląskie', 2022, 'Polska'),
  ('a54368d2-5c6e-4556-a574-2e72e2db67da', 'magister inżynier', 'Uniwersytet Zielona Góra', 2024, 'Poza Polską'),
  ('27e9165b-284d-4e62-bc9d-30ba273f0574', 'magister inżynier', 'Uniwersytet Legnica', 2024, 'Polska'),
  ('34d6107c-b56d-47a7-881f-4958f3a1e1bb', 'inżynier', 'Uniwersytet Koło', 2022, 'Poza Polską'),
  ('3d08aa84-9418-4166-8377-5fc912556c8b', 'inżynier', 'Uniwersytet Gdynia', 2012, 'Polska'),
  ('937891af-b31c-46b3-b10a-3cd14cfff79e', 'licencjat', 'Uniwersytet Sieradz', 2023, 'Polska'),
  ('3c8ae4a1-25a2-4b6c-8c4d-5b68eac3e3ec', 'magister inżynier', 'Uniwersytet Chorzów', 2013, 'Polska'),
  ('eb923d46-dfc3-4a85-9339-dbfeb66a5f0f', 'inżynier', 'Uniwersytet Gniezno', 2014, 'Polska'),
  ('de659de9-8a31-43ca-92c9-3bb023c90654', 'magister inżynier', 'Uniwersytet Nysa', 2010, 'Polska'),
  ('b1ac32c0-79ca-4cc9-b665-3ca72d2ed9a0', 'inżynier', 'Uniwersytet Mława', 2014, 'Polska'),
  ('d1729cbd-e8ec-4e3c-86d3-cfc96804b23b', 'inżynier', 'Uniwersytet Rumia', 2020, 'Polska'),
  ('c24789c2-8125-4482-9f0a-dcbe630d244c', 'inżynier', 'Uniwersytet Swarzędz', 2010, 'Polska'),
  ('664551ef-04b2-46ed-adbb-2c84f949c711', 'magister inżynier', 'Uniwersytet Zakopane', 2019, 'Poza Polską'),
  ('749eb00e-3e51-4c6c-9927-214f27ea6f80', 'magister', 'Uniwersytet Sieradz', 2011, 'Polska'),
  ('c906176d-d817-463c-b95e-e0414ad91872', 'inżynier', 'Uniwersytet Nowy Dwór Mazowiecki', 2016, 'Polska'),
  ('a54c6f05-2252-48e8-87af-d488c65b68c6', 'magister', 'Uniwersytet Chrzanów', 2016, 'Polska'),
  ('3ab0243f-aa4f-496d-8f7a-c04babed44bc', 'inżynier', 'Uniwersytet Dzierżoniów', 2010, 'Polska'),
  ('96cc43ad-530e-4de2-8293-8b41e744080a', 'magister inżynier', 'Uniwersytet Otwock', 2015, 'Polska'),
  ('1beb0aca-62e5-4b31-967d-91a652e40f21', 'inżynier', 'Uniwersytet Lubliniec', 2020, 'Polska'),
  ('00ce4d5a-e98f-42d4-b9d4-3c12970662f1', 'inżynier', 'Uniwersytet Ruda Śląska', 2020, 'Polska'),
  ('ccf74bce-2fa2-4701-b7c9-d6682e13cdd6', 'inżynier', 'Uniwersytet Dzierżoniów', 2018, 'Polska'),
  ('71056595-dae9-46cc-89a7-3943c3f056da', 'licencjat', 'Uniwersytet Szczecinek', 2020, 'Polska'),
  ('127f7e23-eebe-45f9-af48-91df12a4417a', 'inżynier', 'Uniwersytet Malbork', 2016, 'Polska'),
  ('03f057a8-65ab-49ce-a9ec-5f8bf77674b6', 'inżynier', 'Uniwersytet Słupsk', 2014, 'Polska'),
  ('299cec35-a0b0-4910-84ac-95a883b038f4', 'inżynier', 'Uniwersytet Gdynia', 2017, 'Polska'),
  ('250b4341-79c7-4971-bd67-6bc1e0dce009', 'licencjat', 'Uniwersytet Gdańsk', 2022, 'Poza Polską'),
  ('229c0323-2395-4585-8809-eead83f17dc0', 'magister', 'Uniwersytet Lubin', 2014, 'Polska'),
  ('899a644b-f5e8-4c8b-a7ed-ef22b876cb58', 'magister', 'Uniwersytet Racibórz', 2023, 'Poza Polską'),
  ('9b446262-65ea-4b67-ac02-1930f8cbdb82', 'inżynier', 'Uniwersytet Sochaczew', 2013, 'Polska'),
  ('d181b7f7-2977-42a5-abcd-f4eb23e07373', 'magister', 'Uniwersytet Radom', 2010, 'Polska'),
  ('fe992458-d3b6-4a7b-a9ef-943a6bcd747d', 'magister', 'Uniwersytet Oława', 2017, 'Polska'),
  ('dd272a35-0289-4302-9516-8d7db0f0f637', 'magister inżynier', 'Uniwersytet Jastrzębie-Zdrój', 2021, 'Polska'),
  ('596eb1d1-85b0-41bb-acc7-8ca9905c4f09', 'licencjat', 'Uniwersytet Środa Wielkopolska', 2013, 'Polska'),
  ('b3a9b210-b5e1-47cd-9d6f-e464685c31cc', 'magister', 'Uniwersytet Wągrowiec', 2022, 'Polska'),
  ('1912b7a0-5be5-4ffc-ac61-5921c7c6d18f', 'licencjat', 'Uniwersytet Toruń', 2010, 'Polska'),
  ('c206f385-da77-4024-8b04-9c8778caa654', 'licencjat', 'Uniwersytet Pruszków', 2012, 'Polska'),
  ('b98a12e8-21c3-4b51-a474-4c9b398c571c', 'inżynier', 'Uniwersytet Siemianowice Śląskie', 2022, 'Polska'),
  ('c40253f3-e320-4c55-bd8a-81a54820df3f', 'licencjat', 'Uniwersytet Czeladź', 2023, 'Poza Polską'),
  ('b4a7a05a-a05a-464a-b898-231a7b748599', 'magister inżynier', 'Uniwersytet Przemyśl', 2021, 'Polska'),
  ('762b3348-876a-4a44-847d-abf78d384bcd', 'inżynier', 'Uniwersytet Słupsk', 2022, 'Polska'),
  ('27615123-bb5d-4b8c-979b-074c212e3bf2', 'licencjat', 'Uniwersytet Mysłowice', 2020, 'Polska'),
  ('b73a1259-1a0e-455d-890e-3dc01a7e2a48', 'magister', 'Uniwersytet Racibórz', 2021, 'Polska'),
  ('b96e4943-4dd8-4d9b-b9e3-c2270be89864', 'inżynier', 'Uniwersytet Gniezno', 2015, 'Polska'),
  ('f9f76169-83c1-46a2-9555-c207ff3162e6', 'magister inżynier', 'Uniwersytet Sochaczew', 2012, 'Polska'),
  ('b5ad293f-49dc-4dc7-a01b-1a37eb8f5a06', 'magister inżynier', 'Uniwersytet Dębica', 2011, 'Polska'),
  ('7db13ee8-1a91-4cab-b11e-2e62fdfa51ce', 'licencjat', 'Uniwersytet Gdańsk', 2016, 'Polska'),
  ('0cc321d7-6470-4b0f-9d4d-68c7e01a09a0', 'licencjat', 'Uniwersytet Kraśnik', 2024, 'Polska'),
  ('b40f0217-078e-43a9-ad42-2e5433131328', 'licencjat', 'Uniwersytet Łaziska Górne', 2017, 'Polska'),
  ('0974103a-fa24-422d-8152-a46503610944', 'inżynier', 'Uniwersytet Szczytno', 2022, 'Polska'),
  ('9aee4cd6-6004-493b-90ee-3edcecfee0a9', 'magister inżynier', 'Uniwersytet Mikołów', 2017, 'Polska'),
  ('6fbe1836-40dc-4f4c-9179-ef3356e119dc', 'licencjat', 'Uniwersytet Lubin', 2010, 'Polska'),
  ('e1f0a451-4312-4de3-9f8d-6fbeb6e0df12', 'magister inżynier', 'Uniwersytet Łuków', 2023, 'Polska'),
  ('5a498505-7609-415b-afa5-db28859d8a90', 'magister', 'Uniwersytet Jarocin', 2024, 'Polska'),
  ('e893d9cc-b6a0-4028-8f72-38796d26ad0a', 'magister', 'Uniwersytet Pruszcz Gdański', 2011, 'Polska'),
  ('6c455620-c1c1-4a32-94ad-d217ffe87a3e', 'licencjat', 'Uniwersytet Łaziska Górne', 2012, 'Polska'),
  ('4881a2b8-ca39-4175-8946-3f947b9ba56e', 'inżynier', 'Uniwersytet Włocławek', 2013, 'Polska'),
  ('dc0c4527-4e42-4418-8710-38ffdfaa998b', 'licencjat', 'Uniwersytet Rybnik', 2014, 'Polska'),
  ('b469d95c-c6bb-44cb-b270-31650118a8f2', 'inżynier', 'Uniwersytet Zduńska Wola', 2023, 'Polska'),
  ('57fc7fbb-51ca-48a1-a016-95212967b681', 'magister', 'Uniwersytet Reda', 2015, 'Polska'),
  ('e80f7f5c-b046-44ab-8be8-33dff711bce4', 'magister', 'Uniwersytet Goleniów', 2022, 'Polska'),
  ('39fec4b3-0cec-4e52-8970-4a370cc38e83', 'magister inżynier', 'Uniwersytet Inowrocław', 2023, 'Polska'),
  ('84139b07-7781-4799-a03e-4043dd1bdcbf', 'magister inżynier', 'Uniwersytet Oleśnica', 2012, 'Polska'),
  ('d6c6529e-d9dd-4c3d-bbde-fa4915e08185', 'magister inżynier', 'Uniwersytet Mysłowice', 2017, 'Polska'),
  ('3b02fcb8-38fd-47f8-8e48-f6cfd14477c7', 'magister inżynier', 'Uniwersytet Chełm', 2019, 'Polska'),
  ('a79b8663-6581-44ea-b5df-b4283028b81b', 'magister inżynier', 'Uniwersytet Kętrzyn', 2014, 'Polska'),
  ('a6df4992-12ad-410c-ac92-2c799fb73ad2', 'inżynier', 'Uniwersytet Czeladź', 2019, 'Polska'),
  ('a055bd4c-cff8-4258-a5fd-fcb35f0c1412', 'licencjat', 'Uniwersytet Wołomin', 2021, 'Polska'),
  ('88b1b7e3-9c46-4a08-b2db-93dc3c15cf70', 'magister', 'Uniwersytet Czechowice-Dziedzice', 2021, 'Polska'),
  ('4869902a-7aa3-468f-b753-2cfbbdc8f458', 'magister', 'Uniwersytet Rumia', 2015, 'Polska'),
  ('6b248baa-0024-4468-aecc-5e53a0912cdd', 'magister', 'Uniwersytet Knurów', 2018, 'Polska'),
  ('8e5bf564-1d81-4c68-a6d2-fcb27c0baab2', 'licencjat', 'Uniwersytet Głogów', 2023, 'Polska'),
  ('f299fb48-46dd-4c4e-8fa5-4b1da7e2ced4', 'inżynier', 'Uniwersytet Jasło', 2020, 'Polska'),
  ('fad91907-83da-49fc-8189-1b6aa4148632', 'magister inżynier', 'Uniwersytet Nowy Sącz', 2016, 'Polska'),
  ('b761dd0c-5749-4c83-8900-113614a34e03', 'inżynier', 'Uniwersytet Brodnica', 2019, 'Polska'),
  ('b6dc234b-c035-4a30-ab80-11f75a74c439', 'licencjat', 'Uniwersytet Knurów', 2017, 'Polska'),
  ('e96eb2f2-9b17-4a2d-9bbe-349d67f7f37b', 'inżynier', 'Uniwersytet Zamość', 2023, 'Polska'),
  ('916b41d9-85e9-4b23-b944-b5820de96764', 'inżynier', 'Uniwersytet Marki', 2024, 'Polska'),
  ('5ec8d0e0-0083-41b5-b8a1-987086fe1f7a', 'licencjat', 'Uniwersytet Lublin', 2015, 'Polska'),
  ('afbff5d3-e51f-4dcb-bc7e-4cd50dbf18d3', 'magister inżynier', 'Uniwersytet Tomaszów Mazowiecki', 2017, 'Polska'),
  ('5f0f8d1c-60d1-4847-a890-2e86324f1afb', 'inżynier', 'Uniwersytet Konin', 2014, 'Polska'),
  ('82438d5e-147d-4c75-bd9a-e79597e9c756', 'magister', 'Uniwersytet Włocławek', 2018, 'Poza Polską'),
  ('b2c78a63-0052-4320-a386-0974d614f6d0', 'magister inżynier', 'Uniwersytet Bielsk Podlaski', 2021, 'Polska'),
  ('9255a88f-824a-4f2e-92fb-a7e68656e966', 'magister inżynier', 'Uniwersytet Ostrowiec Świętokrzyski', 2021, 'Polska'),
  ('d3268721-8223-4d77-8a01-df4d5c4c2a01', 'licencjat', 'Uniwersytet Zawiercie', 2022, 'Polska'),
  ('44333629-2d1a-4fd1-a760-a816c4e1d9cf', 'magister inżynier', 'Uniwersytet Piastów', 2016, 'Polska'),
  ('504c71b6-a4f2-4e7d-bb2b-c9fd88c1796d', 'inżynier', 'Uniwersytet Stargard Szczeciński', 2017, 'Polska'),
  ('5da907d7-d0f4-4640-b396-301c3e401cb3', 'licencjat', 'Uniwersytet Zawiercie', 2021, 'Polska'),
  ('95672170-9cb3-4f4e-ba99-0b0d0c4dec06', 'licencjat', 'Uniwersytet Bełchatów', 2014, 'Polska'),
  ('e45b3328-4c06-4f70-a55d-a89381d28f2d', 'magister', 'Uniwersytet Piekary Śląskie', 2021, 'Polska'),
  ('705f32bd-ace6-4d98-b42a-763294c701f9', 'magister inżynier', 'Uniwersytet Świnoujście', 2013, 'Polska'),
  ('3c32d693-b3c8-4d23-a5f7-1be1e3010e21', 'inżynier', 'Uniwersytet Giżycko', 2021, 'Polska'),
  ('1321e185-fbc5-4083-8422-ed8b751c59f5', 'inżynier', 'Uniwersytet Radom', 2011, 'Polska'),
  ('f9151519-0bf6-4a31-bb28-bb9f13f8640c', 'magister inżynier', 'Uniwersytet Wołomin', 2015, 'Polska'),
  ('17d4276d-767a-4ad3-819e-8bf851c99ce4', 'magister inżynier', 'Uniwersytet Sochaczew', 2014, 'Polska'),
  ('84eb27ef-5818-4641-8f02-a9c5b2dc04c6', 'inżynier', 'Uniwersytet Ełk', 2021, 'Poza Polską'),
  ('66a458f5-e877-49ce-a482-04584c101394', 'magister', 'Uniwersytet Krosno', 2023, 'Polska'),
  ('8c5a6f63-6b50-4733-b716-8f7f72e9d07a', 'licencjat', 'Uniwersytet Nowy Targ', 2017, 'Polska'),
  ('19abcb96-52ac-467a-80eb-42da69f4f407', 'magister', 'Uniwersytet Jarocin', 2014, 'Poza Polską'),
  ('bfa903d5-ea32-4d2c-901a-078814e8a88c', 'magister', 'Uniwersytet Swarzędz', 2023, 'Polska'),
  ('5754189d-058d-4c26-934a-ba80520aae87', 'magister', 'Uniwersytet Czeladź', 2019, 'Polska'),
  ('c77c0ca4-97c0-4a2a-9524-638da9be6606', 'magister inżynier', 'Uniwersytet Warszawa', 2012, 'Polska'),
  ('c1713a94-e3c9-442d-80f1-c47f9eed58ea', 'magister', 'Uniwersytet Zamość', 2013, 'Polska'),
  ('6c1ed128-4091-440c-8de0-4a90bb3521bb', 'magister inżynier', 'Uniwersytet Zgierz', 2022, 'Polska'),
  ('98ea6618-6dfd-4860-9df3-075cab19fc41', 'licencjat', 'Uniwersytet Nowy Sącz', 2014, 'Polska'),
  ('bb2ce147-d718-4721-9a6b-2c283a10b7da', 'inżynier', 'Uniwersytet Piotrków Trybunalski', 2019, 'Polska'),
  ('2c05f067-bcc3-4537-8893-ec835cd3d8a8', 'magister inżynier', 'Uniwersytet Zawiercie', 2020, 'Polska'),
  ('f7dd9a02-82ea-4a09-88bc-80d82146947a', 'magister inżynier', 'Uniwersytet Kalisz', 2013, 'Polska'),
  ('942aa71f-f55c-47ff-90a6-29dd6ec4f07e', 'magister inżynier', 'Uniwersytet Dzierżoniów', 2010, 'Polska');

INSERT INTO emergency_contacts (user_id, full_name, email, phone) VALUES
  ('9ffe61cb-a17d-403b-bd12-758052f549b8', 'Marcin Wacławczyk', 'pawel16@example.org', '885 940 781'),
  ('de552093-9e6f-4473-8b98-d5164632adfe', 'pani Sara Mydlak', 'wojciech92@example.net', '+48 883 276 483'),
  ('aa7f43d8-c452-411a-8a2a-8c23df18f015', 'Janina Skotarek', 'omikita@example.org', '+48 607 101 226'),
  ('56f1715f-f0a4-4d15-a009-b2127cb9e573', 'Nela Stupak', 'dorotamajak@example.net', '788 932 528'),
  ('1753d6bc-4560-47c5-b20b-73657943a10e', 'Błażej Amanowicz', 'ileszkiewicz@example.net', '+48 793 465 787'),
  ('8921e100-d03c-49fe-ad77-2bc6be2ebf7c', 'pan Jeremi Tyka', 'ymacias@example.com', '+48 32 631 16 56'),
  ('feef9804-e36a-4516-b9a1-79a28bc75668', 'Franciszek Klemens', 'delugamarek@example.org', '+48 517 736 026'),
  ('5db71748-a773-4b90-85b0-b39e7c9a88d4', 'pan Antoni Handke', 'kielczykdaniel@example.org', '+48 721 361 939'),
  ('4484cb05-21ca-432f-8535-6625d52e2439', 'pan Piotr Rapa', 'dorotabobrowicz@example.org', '881 354 278'),
  ('54e1f1da-6c35-450f-a38f-465a2e4e6ddd', 'Dorota Wołoszyk', 'mikolaj16@example.com', '510 524 278'),
  ('cbcc0ac6-920b-4b07-a61e-7ed4d7ea2163', 'Maks Wyciszkiewicz', 'vschubert@example.org', '722 260 256'),
  ('7cd37841-0c64-4e6f-95f9-e5f707fda22a', 'Nataniel Toma', 'islowiak@example.com', '501 429 401'),
  ('0b97d646-f568-498a-bbd2-f4ca394d77cf', 'Dariusz Raźniak', 'leszczakkornel@example.net', '791 484 656'),
  ('679a6a51-d832-419e-8285-034a622667e8', 'pan Juliusz Wojtczuk', 'karolkosno@example.net', '+48 789 513 433'),
  ('ac2eae8f-df75-42dd-a813-daab360be9c7', 'Borys Balas', 'jfilas@example.org', '+48 22 172 78 89'),
  ('05a47602-8e04-449a-9ad0-5a621c1d0a97', 'Marek Glazer', 'alex81@example.org', '603 623 166'),
  ('e63f06ad-24c3-46bf-b897-72ed21e32be7', 'Ada Neubauer', 'justyna70@example.com', '796 272 980'),
  ('51b39c8e-6a4d-4acd-bc3b-92949c8c782e', 'Maksymilian Gumienna', 'bukrozalia@example.org', '883 100 330'),
  ('83cfd760-60d6-400e-8536-5e4ea49be0c7', 'Ewa Smoczyk', 'igorgiel@example.net', '22 314 91 90'),
  ('21132ffe-1545-43fb-8de2-c7a5b1ff1279', 'pan Przemysław Windak', 'kazimierz31@example.com', '+48 533 799 650'),
  ('fea9a616-5127-46fe-a79a-e98ac01f0a37', 'Lidia Bandyk', 'ybrzakala@example.org', '534 363 495'),
  ('dcf05ceb-45a2-4a2e-90be-f205d412be30', 'Eryk Kieszek', 'uklimko@example.net', '32 894 13 43'),
  ('18638198-8f59-4ca7-9d5c-5083a6b52e82', 'Malwina Początek', 'maslonmarika@example.org', '+48 690 229 413'),
  ('c8d8e6e8-4993-48ff-97c4-24fae15f2ca2', 'Bruno Dykas', 'szczerbiaktadeusz@example.org', '+48 661 206 797'),
  ('79f76230-b2ac-455d-bbdf-540f758f823f', 'Monika Kołton', 'tprzeklasa@example.net', '+48 504 887 719'),
  ('0f2bbaff-1801-4be2-aa2e-a2c47ec1530e', 'Janina Dziarmaga', 'elodyga@example.com', '+48 515 512 567'),
  ('4e766eb0-6526-4e89-9f41-bac1426da30f', 'pan Fryderyk Gomuła', 'cezaryswies@example.org', '787 710 932'),
  ('5ef237ce-6d64-4a18-9d79-6fdfed400e5b', 'Rafał Pierzak', 'krzysztofmazik@example.com', '798 404 499'),
  ('04738d7c-f02e-41b5-adca-78b37df1bdee', 'pan Eryk Mordak', 'anastazjajanowiak@example.org', '+48 609 517 187'),
  ('221779f9-0f2e-4bbd-83cf-72e537ca3310', 'Olaf Pyś', 'witkooskar@example.net', '+48 791 724 005'),
  ('a9e7f5ed-809a-4d10-8520-fd6247f9c9d5', 'Marcelina Bajko', 'roza40@example.com', '788 217 594'),
  ('70422071-7f1f-4752-b648-a2009726b238', 'Sonia Mazepa', 'olaf95@example.org', '+48 733 942 104'),
  ('e72652ed-898b-4892-89ca-ebf2b342f00b', 'pani Dorota Buczko', 'arturkuster@example.net', '+48 886 851 604'),
  ('72c15dcc-a6d7-49c3-b6fe-962c17f8580b', 'Kalina Hermann', 'aleksanderjaniga@example.com', '+48 571 138 267'),
  ('017606c7-a31f-4184-8383-a78639365646', 'Leonard Staniczek', 'stanislaw64@example.org', '577 139 005'),
  ('1722ebb0-95ed-4662-8dfa-84673f1951d6', 'Adrian Kołaczek', 'marek95@example.org', '664 026 811'),
  ('a950e985-5250-4891-9888-6d80ac301b3c', 'pan Maciej Macek', 'wiktorchruszcz@example.com', '+48 729 856 984'),
  ('a6630205-433d-4123-bda3-da239e003d34', 'Lidia Samul', 'stworakarol@example.org', '+48 511 528 098'),
  ('576001a5-bda8-41c9-8fc6-08a5524c0044', 'Konstanty Panasiewicz', 'mariannaszylar@example.net', '32 998 09 40'),
  ('5d254f56-b33d-4a01-9605-66253a60bd8d', 'pani Anita Golenia', 'garczykmikolaj@example.org', '669 014 767'),
  ('cb6ccedf-5dbb-47a3-9b75-b6d47c652304', 'Sebastian Melcer', 'aleks51@example.org', '+48 576 226 838'),
  ('58a14aa9-95e7-4552-a6a8-e9a48267c588', 'Róża Paczos', 'dawid61@example.org', '+48 519 681 645'),
  ('37625d8d-7f13-42bb-977b-f9106da2819b', 'Kajetan Tomzik', 'wmusiolik@example.net', '32 979 95 52'),
  ('e6a2c1ac-0f88-40bb-9f1c-c951d52b26d4', 'Marcelina Miszkurka', 'mironczukanita@example.net', '695 978 207'),
  ('65f62333-1419-4b89-8f87-c2c2e4843bf2', 'Józef Stanisławek', 'patryk86@example.com', '739 251 925'),
  ('05886ba8-b461-4d05-80ff-29b09d19c7a2', 'pani Monika Mamcarz', 'marcinnalecz@example.com', '+48 22 188 80 59'),
  ('66fab0f9-daad-42b1-8152-279400d0fac6', 'Leonard Franaszek', 'xtoloczko@example.com', '32 688 62 39'),
  ('e31e8b39-11e4-442f-8643-881a98c9c3dc', 'pani Anastazja Lesisz', 'xszmaj@example.org', '+48 501 530 515'),
  ('d2d7e0ba-6f2f-48bc-95b0-ed5eb870ae84', 'Marcel Witaszek', 'sandraluberda@example.net', '+48 531 179 808'),
  ('0a645256-2eaf-4d8b-b06b-034c1cd83ada', 'Tobiasz Fiutak', 'ozdziech@example.com', '884 051 531'),
  ('9a1a730e-1167-4e5a-a596-9a2dedc44e31', 'pani Eliza Gryta', 'czoladz@example.net', '694 505 415'),
  ('2e4c65a1-082d-4d99-8491-6d0e5880aab4', 'Maksymilian Skubis', 'norbert79@example.net', '+48 512 757 059'),
  ('76a6684e-e797-4178-9ceb-2f3e871a1d34', 'pani Ewelina Feret', 'anielaberus@example.com', '+48 531 928 565'),
  ('8e8a5f44-b74c-449f-9d61-494d8e4b08ee', 'Sara Malcher', 'mieszko18@example.net', '784 225 831'),
  ('e33b490c-ab7d-44b5-9850-c2d6060d760e', 'Aurelia Dybka', 'alexhynek@example.org', '+48 537 852 892'),
  ('1c9dff90-170a-4241-8862-f904d802a05c', 'Ewelina Deluga', 'tolakudelka@example.org', '669 959 001'),
  ('5bffba72-1391-46f1-9455-e4ef86d598f0', 'Monika Ciochoń', 'ndlubak@example.com', '+48 722 555 625'),
  ('86a7c878-972a-444e-96a3-ec3b0100d6bd', 'pani Elżbieta Sykut', 'dtluczek@example.com', '787 016 873'),
  ('2178401d-6c0c-4658-b709-93665bbdb49c', 'Blanka Labus', 'olgierdjedrys@example.com', '536 878 499'),
  ('710af460-ec6c-451e-ae8b-5d84c4e9ed89', 'pan Emil Odrzywołek', 'arkadiuszniebudek@example.com', '666 949 588'),
  ('eeede2d5-47a6-49f8-bcbf-054446e85a1f', 'Janina Szymaniuk', 'anna-mariagromala@example.net', '+48 726 230 913'),
  ('8cda3412-6749-493e-ab35-1310d709159b', 'Róża Słupik', 'inga54@example.net', '+48 573 348 434'),
  ('60a87ed1-6801-4ad7-a41a-89641cff6e05', 'Mieszko Basaj', 'malwina33@example.net', '738 421 993'),
  ('58b66ee6-348f-4074-97a2-5d0ff3a90186', 'Kazimierz Sobel', 'sporyszdawid@example.net', '+48 693 802 620'),
  ('3dccd5a5-108c-457b-bcb6-164f49c98e0f', 'pani Anita Hojda', 'daniel05@example.com', '+48 693 296 685'),
  ('8127d934-4ee4-4b26-b08c-98cdf09b995a', 'pani Olga Grund', 'osialnorbert@example.org', '+48 508 414 593'),
  ('b482fb0a-2eab-4226-b106-e69b5ff95b4a', 'Stanisław Pawlonka', 'anitaharaburda@example.org', '665 871 397'),
  ('094e1ec3-f030-4870-8aa7-1fc241b0c184', 'Kaja Natanek', 'migonstanislaw@example.org', '+48 570 462 265'),
  ('63a7436e-2cd4-4a97-b11a-7c544bbef423', 'Olaf Wylegała', 'jfutyma@example.com', '691 069 033'),
  ('a4ff6ef0-cbf3-498d-b47c-3613b29b09fc', 'pani Aniela Plich', 'angelikamichniak@example.com', '784 089 268'),
  ('f0b6c977-030c-4db9-b498-4f660e4453f8', 'Urszula Majdan', 'tobiaszpelka@example.com', '695 175 183'),
  ('f60884eb-266d-4b3a-a32c-ec3e4765953d', 'pan Nataniel Damian', 'ewagogacz@example.net', '794 678 544'),
  ('f2a1dbe1-5050-4588-8055-d35c5b9d7dd7', 'Konrad Skupin', 'fryderyksadlak@example.org', '+48 578 547 772'),
  ('85e1044a-9a3a-45dc-a619-26d340c13111', 'pan Antoni Senger', 'fgalos@example.org', '508 860 084'),
  ('ddad9a3a-5690-4719-a740-7402c4a22a57', 'Artur Szyndler', 'supernakfilip@example.org', '+48 506 687 002'),
  ('07adfe69-502e-4fae-bbee-cd7703f2adb3', 'Nikodem Miksza', 'ewatomalak@example.com', '669 396 856'),
  ('df30817a-16e0-409e-9c18-aee961a27a26', 'Maurycy Lewek', 'ldoroz@example.net', '+48 696 194 311'),
  ('6d7b42c0-a4d6-4204-a312-9cdd7b2e4066', 'Paweł Kwasek', 'kurczakbianka@example.org', '+48 729 560 466'),
  ('a143ee0d-e1f6-41af-8cc8-385dc04bc39e', 'pani Aniela Jakubiuk', 'nmoneta@example.org', '+48 531 240 659'),
  ('1e4d6209-8a5f-4cfb-8afc-342ac4368b94', 'Arkadiusz Kruszona', 'kamila51@example.net', '699 828 073'),
  ('bf565e8d-59e0-4519-bfb3-224d0d4dcda7', 'Inga Pyda', 'julita91@example.org', '32 352 90 96'),
  ('25a639a4-3d17-44bd-ae3f-dfcd763a6257', 'Mieszko Rybus', 'sblaszyk@example.com', '531 254 573'),
  ('e377f19d-3d9a-429c-8a61-f7668c496bfd', 'Marcelina Płócienniczak', 'lzontek@example.org', '+48 736 609 379'),
  ('6c51805e-1357-4861-96ee-f3156fda0ef7', 'pani Inga Jodko', 'andrearczykmaks@example.com', '+48 722 499 125'),
  ('896633cd-1ae1-4a6f-86be-477a2dfe4cfa', 'Marika Jerzyk', 'danielsura@example.com', '+48 720 507 236'),
  ('c72b23e8-9915-4ea1-bb82-acca2d6511f9', 'pan Stefan Początek', 'inga58@example.org', '32 783 61 34'),
  ('426793a2-de12-4ad1-b574-5434ae0eec90', 'Gaja Głuszko', 'kazimierzdyda@example.com', '789 481 260'),
  ('c3f9389d-4de8-4d56-b225-2137a1e1de75', 'Ida Bittner', 'leonard77@example.com', '+48 690 175 186'),
  ('5b560a74-6a53-492f-8fcf-cbf588253dd1', 'pan Bruno Garncarek', 'emilmiskowiec@example.com', '535 415 206'),
  ('3b6cf26c-091d-40ec-9470-45f4fc830263', 'Malwina Matyka', 'erneststrzyz@example.net', '+48 32 115 54 26'),
  ('d329d91b-107d-4faa-b68f-d520dac76ff5', 'Julianna Jarmużek', 'bwojtaszczyk@example.com', '+48 32 234 13 89'),
  ('3af6144b-6bc1-4621-a950-66a75ff6fbab', 'Olgierd Januchta', 'tobiaszsiewert@example.net', '+48 515 827 109'),
  ('1b08c402-5176-464a-b3d6-3da42d498738', 'Apolonia Łukowiak', 'julitaslyk@example.com', '+48 691 463 031'),
  ('a54368d2-5c6e-4556-a574-2e72e2db67da', 'Ignacy Miros', 'grzeniamarianna@example.com', '+48 601 491 778'),
  ('27e9165b-284d-4e62-bc9d-30ba273f0574', 'Piotr Martin', 'udzierwa@example.org', '+48 515 419 518'),
  ('34d6107c-b56d-47a7-881f-4958f3a1e1bb', 'Marcelina Gęsiarz', 'xwygoda@example.org', '+48 888 320 603'),
  ('3d08aa84-9418-4166-8377-5fc912556c8b', 'Angelika Ziółko', 'roza19@example.org', '+48 602 619 906'),
  ('937891af-b31c-46b3-b10a-3cd14cfff79e', 'Julita Budzyń', 'anielakosiec@example.com', '731 124 903'),
  ('3c8ae4a1-25a2-4b6c-8c4d-5b68eac3e3ec', 'Bartek Hamera', 'adriankaczka@example.com', '881 994 101'),
  ('eb923d46-dfc3-4a85-9339-dbfeb66a5f0f', 'Jacek Korkosz', 'jgarczyk@example.org', '+48 729 934 768'),
  ('de659de9-8a31-43ca-92c9-3bb023c90654', 'Grzegorz Para', 'gaja30@example.com', '517 859 321'),
  ('b1ac32c0-79ca-4cc9-b665-3ca72d2ed9a0', 'Sylwia Kulisz', 'tbilik@example.org', '+48 570 103 930'),
  ('d1729cbd-e8ec-4e3c-86d3-cfc96804b23b', 'Julianna Wołk', 'emil52@example.org', '+48 886 752 895'),
  ('c24789c2-8125-4482-9f0a-dcbe630d244c', 'Sonia Pachołek', 'igor35@example.com', '661 570 433'),
  ('664551ef-04b2-46ed-adbb-2c84f949c711', 'Miłosz Gosz', 'welencfilip@example.com', '505 411 526'),
  ('749eb00e-3e51-4c6c-9927-214f27ea6f80', 'Ryszard Macioł', 'patrykzieja@example.com', '+48 698 720 506'),
  ('c906176d-d817-463c-b95e-e0414ad91872', 'Daniel Berus', 'lnyk@example.com', '514 774 349'),
  ('a54c6f05-2252-48e8-87af-d488c65b68c6', 'Maksymilian Gryszkiewicz', 'szmajanita@example.net', '+48 32 992 17 22'),
  ('3ab0243f-aa4f-496d-8f7a-c04babed44bc', 'pan Nataniel Markiel', 'atomaszkiewicz@example.org', '609 991 191'),
  ('96cc43ad-530e-4de2-8293-8b41e744080a', 'pani Olga Pasieczna', 'xrembisz@example.org', '794 447 132'),
  ('1beb0aca-62e5-4b31-967d-91a652e40f21', 'Łukasz Tarach', 'romaniakeryk@example.org', '22 030 70 53'),
  ('00ce4d5a-e98f-42d4-b9d4-3c12970662f1', 'Antoni Bartkowicz', 'paradaanita@example.org', '+48 22 333 46 80'),
  ('ccf74bce-2fa2-4701-b7c9-d6682e13cdd6', 'Janina Kazek', 'gumulamariusz@example.net', '+48 739 944 171'),
  ('71056595-dae9-46cc-89a7-3943c3f056da', 'Tobiasz Drobisz', 'rasalaanita@example.org', '793 875 842'),
  ('127f7e23-eebe-45f9-af48-91df12a4417a', 'Natasza Kiełbowicz', 'luczykeryk@example.net', '576 846 022'),
  ('03f057a8-65ab-49ce-a9ec-5f8bf77674b6', 'pan Wiktor Pasich', 'bdylak@example.com', '+48 517 600 835'),
  ('299cec35-a0b0-4910-84ac-95a883b038f4', 'Aleks Strzoda', 'justyna25@example.com', '883 260 332'),
  ('250b4341-79c7-4971-bd67-6bc1e0dce009', 'Oliwier Namysło', 'hciecko@example.net', '737 230 461'),
  ('229c0323-2395-4585-8809-eead83f17dc0', 'pani Marcelina Abramczuk', 'holotasonia@example.org', '+48 797 530 011'),
  ('899a644b-f5e8-4c8b-a7ed-ef22b876cb58', 'Oliwier Dycha', 'rychelsebastian@example.net', '+48 732 557 941'),
  ('9b446262-65ea-4b67-ac02-1930f8cbdb82', 'pan Norbert Dorobisz', 'antoni27@example.com', '576 701 450'),
  ('d181b7f7-2977-42a5-abcd-f4eb23e07373', 'Damian Składanek', 'fdabal@example.org', '537 535 408'),
  ('fe992458-d3b6-4a7b-a9ef-943a6bcd747d', 'Tomasz Kaletka', 'apolonia83@example.net', '+48 787 550 375'),
  ('dd272a35-0289-4302-9516-8d7db0f0f637', 'pan Maurycy Klepka', 'qluczkiewicz@example.net', '693 163 735'),
  ('596eb1d1-85b0-41bb-acc7-8ca9905c4f09', 'Elżbieta Romaniak', 'pawelksiezyk@example.net', '+48 729 586 693'),
  ('b3a9b210-b5e1-47cd-9d6f-e464685c31cc', 'pani Nicole Fijałek', 'nelaswiatek@example.net', '+48 735 158 799'),
  ('1912b7a0-5be5-4ffc-ac61-5921c7c6d18f', 'Gabriel Pyszny', 'palygaaniela@example.org', '+48 728 386 384'),
  ('c206f385-da77-4024-8b04-9c8778caa654', 'pan Cyprian Ślęczka', 'tymoteuszsiemienczuk@example.net', '576 064 842'),
  ('b98a12e8-21c3-4b51-a474-4c9b398c571c', 'Angelika Gajdzik', 'urszulaolesiejuk@example.net', '+48 501 533 555'),
  ('c40253f3-e320-4c55-bd8a-81a54820df3f', 'Szymon Kacperczyk', 'ida87@example.com', '514 358 112'),
  ('b4a7a05a-a05a-464a-b898-231a7b748599', 'Aurelia Swacha', 'robertwielgos@example.com', '+48 536 650 618'),
  ('762b3348-876a-4a44-847d-abf78d384bcd', 'Łukasz Pyś', 'zstranc@example.net', '782 450 882'),
  ('27615123-bb5d-4b8c-979b-074c212e3bf2', 'Grzegorz Uliczka', 'kielczykkrystyna@example.com', '+48 738 141 413'),
  ('b73a1259-1a0e-455d-890e-3dc01a7e2a48', 'Alan Furgał', 'witold36@example.com', '22 525 77 75'),
  ('b96e4943-4dd8-4d9b-b9e3-c2270be89864', 'Bianka Porwoł', 'xkala@example.org', '886 394 278'),
  ('f9f76169-83c1-46a2-9555-c207ff3162e6', 'pani Adrianna Koniec', 'eplocienniczak@example.com', '883 038 567'),
  ('b5ad293f-49dc-4dc7-a01b-1a37eb8f5a06', 'Eliza Kacperek', 'mieszko77@example.net', '508 272 318'),
  ('7db13ee8-1a91-4cab-b11e-2e62fdfa51ce', 'Aleksander Radko', 'lukaszbroszkiewicz@example.net', '519 202 428'),
  ('0cc321d7-6470-4b0f-9d4d-68c7e01a09a0', 'Leon Gadzina', 'agnieszka99@example.org', '726 621 038'),
  ('b40f0217-078e-43a9-ad42-2e5433131328', 'Angelika Browarczyk', 'aleksander86@example.org', '+48 32 765 99 16'),
  ('0974103a-fa24-422d-8152-a46503610944', 'pani Karina Łój', 'mariannanarozna@example.net', '734 869 594'),
  ('9aee4cd6-6004-493b-90ee-3edcecfee0a9', 'Oskar Neska', 'vdrgas@example.net', '+48 720 260 127'),
  ('6fbe1836-40dc-4f4c-9179-ef3356e119dc', 'Eryk Kielan', 'alanochab@example.org', '883 021 465'),
  ('e1f0a451-4312-4de3-9f8d-6fbeb6e0df12', 'Robert Smektała', 'gmajsterek@example.net', '538 451 848'),
  ('5a498505-7609-415b-afa5-db28859d8a90', 'Jędrzej Makosz', 'eliza80@example.net', '22 434 16 51'),
  ('e893d9cc-b6a0-4028-8f72-38796d26ad0a', 'pani Janina Łój', 'gabkaanastazja@example.net', '508 075 957'),
  ('6c455620-c1c1-4a32-94ad-d217ffe87a3e', 'Róża Przewoźny', 'spiotrowiak@example.org', '503 691 559'),
  ('4881a2b8-ca39-4175-8946-3f947b9ba56e', 'Oskar Jakubiuk', 'marek86@example.com', '692 270 267'),
  ('dc0c4527-4e42-4418-8710-38ffdfaa998b', 'pan Adrian Zegar', 'melania84@example.com', '506 159 399'),
  ('b469d95c-c6bb-44cb-b270-31650118a8f2', 'Maksymilian Fiedoruk', 'olaf55@example.net', '784 964 759'),
  ('57fc7fbb-51ca-48a1-a016-95212967b681', 'Anna Maria Duc', 'uliaszblazej@example.net', '601 643 347'),
  ('e80f7f5c-b046-44ab-8be8-33dff711bce4', 'Anna Maria Foit', 'mieszko78@example.org', '+48 32 174 56 42'),
  ('39fec4b3-0cec-4e52-8970-4a370cc38e83', 'Melania Pawliczak', 'ksynak@example.net', '+48 886 634 163'),
  ('84139b07-7781-4799-a03e-4043dd1bdcbf', 'Kazimierz Kwoka', 'franciszekszott@example.org', '661 442 703'),
  ('d6c6529e-d9dd-4c3d-bbde-fa4915e08185', 'Fryderyk Sugier', 'smutekwitold@example.com', '32 730 37 18'),
  ('3b02fcb8-38fd-47f8-8e48-f6cfd14477c7', 'Arkadiusz Kurzak', 'jacekprokopiak@example.org', '+48 503 009 792'),
  ('a79b8663-6581-44ea-b5df-b4283028b81b', 'pani Anita Twardzik', 'blazejewiczalbert@example.com', '+48 882 407 784'),
  ('a6df4992-12ad-410c-ac92-2c799fb73ad2', 'pani Kamila Smykała', 'ljarmula@example.org', '+48 725 935 186'),
  ('a055bd4c-cff8-4258-a5fd-fcb35f0c1412', 'Oskar Tworzydło', 'fsuchenek@example.net', '+48 729 405 391'),
  ('88b1b7e3-9c46-4a08-b2db-93dc3c15cf70', 'Oskar Wabik', 'ewelinalosiak@example.org', '698 392 886'),
  ('4869902a-7aa3-468f-b753-2cfbbdc8f458', 'Kornelia Sobolak', 'tadeusz98@example.org', '+48 508 457 760'),
  ('6b248baa-0024-4468-aecc-5e53a0912cdd', 'pani Kaja Listwan', 'janina33@example.com', '+48 32 419 69 31'),
  ('8e5bf564-1d81-4c68-a6d2-fcb27c0baab2', 'Fryderyk Piórek', 'anna-maria05@example.net', '+48 692 583 206'),
  ('f299fb48-46dd-4c4e-8fa5-4b1da7e2ced4', 'Adrian Roda', 'karinaubysz@example.org', '+48 576 938 983'),
  ('fad91907-83da-49fc-8189-1b6aa4148632', 'pani Inga Dworczak', 'oorman@example.org', '+48 785 211 039'),
  ('b761dd0c-5749-4c83-8900-113614a34e03', 'Kacper Miękina', 'maszotaalan@example.org', '783 940 701'),
  ('b6dc234b-c035-4a30-ab80-11f75a74c439', 'Maciej Wylegała', 'jozef76@example.net', '660 555 438'),
  ('e96eb2f2-9b17-4a2d-9bbe-349d67f7f37b', 'Marianna Kordus', 'adrianna82@example.org', '+48 732 983 248'),
  ('916b41d9-85e9-4b23-b944-b5820de96764', 'Krystian Citko', 'dominikkursa@example.org', '509 949 993'),
  ('5ec8d0e0-0083-41b5-b8a1-987086fe1f7a', 'Bartek Kalisiak', 'vmiekus@example.net', '693 127 975'),
  ('afbff5d3-e51f-4dcb-bc7e-4cd50dbf18d3', 'Maciej Kozdroń', 'wpalonek@example.net', '513 476 447'),
  ('5f0f8d1c-60d1-4847-a890-2e86324f1afb', 'pan Olaf Woszczyna', 'kazimierz21@example.org', '577 518 689'),
  ('82438d5e-147d-4c75-bd9a-e79597e9c756', 'Jakub Rochowiak', 'bartek77@example.com', '+48 660 973 397'),
  ('b2c78a63-0052-4320-a386-0974d614f6d0', 'Kornel Malcher', 'kandziaurszula@example.org', '664 999 827'),
  ('9255a88f-824a-4f2e-92fb-a7e68656e966', 'Adam Gieroń', 'romejkostefan@example.com', '+48 725 489 952'),
  ('d3268721-8223-4d77-8a01-df4d5c4c2a01', 'pani Kamila Działa', 'ryszardkik@example.org', '784 885 015'),
  ('44333629-2d1a-4fd1-a760-a816c4e1d9cf', 'Angelika Długajczyk', 'dagmara80@example.org', '+48 695 512 405'),
  ('504c71b6-a4f2-4e7d-bb2b-c9fd88c1796d', 'Tymoteusz Cecot', 'piotr31@example.com', '+48 600 782 357'),
  ('5da907d7-d0f4-4640-b396-301c3e401cb3', 'pan Mikołaj Koniecko', 'michal94@example.net', '695 334 485'),
  ('95672170-9cb3-4f4e-ba99-0b0d0c4dec06', 'Alan Łyczak', 'natan87@example.org', '600 701 601'),
  ('e45b3328-4c06-4f70-a55d-a89381d28f2d', 'pan Oliwier Szyja', 'robertpenkala@example.com', '665 577 017'),
  ('705f32bd-ace6-4d98-b42a-763294c701f9', 'Andrzej Koronkiewicz', 'karinacylwik@example.org', '793 966 958'),
  ('3c32d693-b3c8-4d23-a5f7-1be1e3010e21', 'Arkadiusz Rajda', 'wiechprzemyslaw@example.org', '+48 690 227 846'),
  ('1321e185-fbc5-4083-8422-ed8b751c59f5', 'Melania Grześków', 'kamil40@example.org', '+48 519 656 666'),
  ('f9151519-0bf6-4a31-bb28-bb9f13f8640c', 'Łukasz Goś', 'urszulakuster@example.com', '+48 32 969 27 86'),
  ('17d4276d-767a-4ad3-819e-8bf851c99ce4', 'pani Julita Szymańczak', 'iwanowanna-maria@example.com', '+48 538 189 137'),
  ('84eb27ef-5818-4641-8f02-a9c5b2dc04c6', 'Piotr Kryza', 'sylwia40@example.net', '+48 579 290 490'),
  ('66a458f5-e877-49ce-a482-04584c101394', 'Robert Bruś', 'adawawszczyk@example.net', '+48 22 051 29 27'),
  ('8c5a6f63-6b50-4733-b716-8f7f72e9d07a', 'Fryderyk Ograbek', 'qdudziec@example.org', '+48 606 047 658'),
  ('19abcb96-52ac-467a-80eb-42da69f4f407', 'Jędrzej Kwapień', 'heczkomateusz@example.org', '506 181 753'),
  ('bfa903d5-ea32-4d2c-901a-078814e8a88c', 'Kamil Durczok', 'iwogumienny@example.com', '+48 781 746 542'),
  ('5754189d-058d-4c26-934a-ba80520aae87', 'Przemysław Szkaradek', 'kielbikrobert@example.org', '511 194 707'),
  ('c77c0ca4-97c0-4a2a-9524-638da9be6606', 'Karina Hajduga', 'jozef46@example.org', '+48 731 585 174'),
  ('c1713a94-e3c9-442d-80f1-c47f9eed58ea', 'pan Filip Suchojad', 'sonia87@example.org', '515 050 613'),
  ('6c1ed128-4091-440c-8de0-4a90bb3521bb', 'Agnieszka Domowicz', 'tolamorys@example.org', '577 993 136'),
  ('98ea6618-6dfd-4860-9df3-075cab19fc41', 'pani Nela Pabis', 'leksoskar@example.net', '+48 726 207 100'),
  ('bb2ce147-d718-4721-9a6b-2c283a10b7da', 'pan Jędrzej Rajczak', 'nataniel60@example.net', '723 181 958'),
  ('2c05f067-bcc3-4537-8893-ec835cd3d8a8', 'pan Mikołaj Gal', 'zaczykkajetan@example.org', '+48 32 078 11 37'),
  ('f7dd9a02-82ea-4a09-88bc-80d82146947a', 'Agnieszka Kubowicz', 'iscibior@example.com', '+48 883 543 520'),
  ('942aa71f-f55c-47ff-90a6-29dd6ec4f07e', 'pan Gustaw Winnik', 'akosidlo@example.net', '+48 513 356 939');

INSERT INTO user_agreements (user_id, agreement_type, accepted, accepted_at) VALUES
  ('9ffe61cb-a17d-403b-bd12-758052f549b8', 'rodo', TRUE, '2026-01-12 23:41:19.528546'),
  ('9ffe61cb-a17d-403b-bd12-758052f549b8', 'marketing', FALSE, NULL),
  ('de552093-9e6f-4473-8b98-d5164632adfe', 'rodo', TRUE, '2026-03-04 23:41:19.528546'),
  ('de552093-9e6f-4473-8b98-d5164632adfe', 'marketing', TRUE, '2026-03-12 23:41:19.528546'),
  ('aa7f43d8-c452-411a-8a2a-8c23df18f015', 'rodo', TRUE, '2026-03-05 23:41:19.528546'),
  ('aa7f43d8-c452-411a-8a2a-8c23df18f015', 'marketing', FALSE, NULL),
  ('56f1715f-f0a4-4d15-a009-b2127cb9e573', 'rodo', TRUE, '2026-01-11 23:41:19.528546'),
  ('56f1715f-f0a4-4d15-a009-b2127cb9e573', 'marketing', FALSE, NULL),
  ('1753d6bc-4560-47c5-b20b-73657943a10e', 'rodo', TRUE, '2026-04-01 23:41:19.528546'),
  ('1753d6bc-4560-47c5-b20b-73657943a10e', 'marketing', TRUE, '2026-03-08 23:41:19.528546'),
  ('8921e100-d03c-49fe-ad77-2bc6be2ebf7c', 'rodo', TRUE, '2026-01-20 23:41:19.528546'),
  ('8921e100-d03c-49fe-ad77-2bc6be2ebf7c', 'marketing', TRUE, '2026-02-15 23:41:19.528546'),
  ('feef9804-e36a-4516-b9a1-79a28bc75668', 'rodo', TRUE, '2026-03-27 23:41:19.528546'),
  ('feef9804-e36a-4516-b9a1-79a28bc75668', 'marketing', TRUE, '2026-01-18 23:41:19.528546'),
  ('5db71748-a773-4b90-85b0-b39e7c9a88d4', 'rodo', TRUE, '2026-03-22 23:41:19.528546'),
  ('5db71748-a773-4b90-85b0-b39e7c9a88d4', 'marketing', FALSE, NULL),
  ('4484cb05-21ca-432f-8535-6625d52e2439', 'rodo', TRUE, '2026-03-23 23:41:19.528546'),
  ('4484cb05-21ca-432f-8535-6625d52e2439', 'marketing', TRUE, '2026-04-03 23:41:19.528546'),
  ('54e1f1da-6c35-450f-a38f-465a2e4e6ddd', 'rodo', TRUE, '2026-03-20 23:41:19.528546'),
  ('54e1f1da-6c35-450f-a38f-465a2e4e6ddd', 'marketing', FALSE, NULL),
  ('cbcc0ac6-920b-4b07-a61e-7ed4d7ea2163', 'rodo', TRUE, '2026-01-24 23:41:19.528546'),
  ('cbcc0ac6-920b-4b07-a61e-7ed4d7ea2163', 'marketing', FALSE, NULL),
  ('7cd37841-0c64-4e6f-95f9-e5f707fda22a', 'rodo', TRUE, '2026-02-13 23:41:19.528546'),
  ('7cd37841-0c64-4e6f-95f9-e5f707fda22a', 'marketing', TRUE, '2026-02-10 23:41:19.528546'),
  ('0b97d646-f568-498a-bbd2-f4ca394d77cf', 'rodo', TRUE, '2026-01-12 23:41:19.528546'),
  ('0b97d646-f568-498a-bbd2-f4ca394d77cf', 'marketing', FALSE, NULL),
  ('679a6a51-d832-419e-8285-034a622667e8', 'rodo', TRUE, '2026-01-11 23:41:19.528546'),
  ('679a6a51-d832-419e-8285-034a622667e8', 'marketing', FALSE, NULL),
  ('ac2eae8f-df75-42dd-a813-daab360be9c7', 'rodo', TRUE, '2026-03-07 23:41:19.528546'),
  ('ac2eae8f-df75-42dd-a813-daab360be9c7', 'marketing', FALSE, NULL),
  ('05a47602-8e04-449a-9ad0-5a621c1d0a97', 'rodo', TRUE, '2026-02-13 23:41:19.528546'),
  ('05a47602-8e04-449a-9ad0-5a621c1d0a97', 'marketing', TRUE, '2026-01-24 23:41:19.528546'),
  ('e63f06ad-24c3-46bf-b897-72ed21e32be7', 'rodo', TRUE, '2026-04-05 23:41:19.528546'),
  ('e63f06ad-24c3-46bf-b897-72ed21e32be7', 'marketing', FALSE, NULL),
  ('51b39c8e-6a4d-4acd-bc3b-92949c8c782e', 'rodo', TRUE, '2026-02-28 23:41:19.528546'),
  ('51b39c8e-6a4d-4acd-bc3b-92949c8c782e', 'marketing', FALSE, NULL),
  ('83cfd760-60d6-400e-8536-5e4ea49be0c7', 'rodo', TRUE, '2026-04-07 23:41:19.528546'),
  ('83cfd760-60d6-400e-8536-5e4ea49be0c7', 'marketing', TRUE, '2026-03-12 23:41:19.528546'),
  ('21132ffe-1545-43fb-8de2-c7a5b1ff1279', 'rodo', TRUE, '2026-01-14 23:41:19.528546'),
  ('21132ffe-1545-43fb-8de2-c7a5b1ff1279', 'marketing', TRUE, '2026-01-14 23:41:19.528546'),
  ('fea9a616-5127-46fe-a79a-e98ac01f0a37', 'rodo', TRUE, '2026-03-07 23:41:19.528546'),
  ('fea9a616-5127-46fe-a79a-e98ac01f0a37', 'marketing', TRUE, '2026-03-19 23:41:19.528546'),
  ('dcf05ceb-45a2-4a2e-90be-f205d412be30', 'rodo', TRUE, '2026-02-09 23:41:19.528546'),
  ('dcf05ceb-45a2-4a2e-90be-f205d412be30', 'marketing', FALSE, NULL),
  ('18638198-8f59-4ca7-9d5c-5083a6b52e82', 'rodo', TRUE, '2026-03-06 23:41:19.528546'),
  ('18638198-8f59-4ca7-9d5c-5083a6b52e82', 'marketing', TRUE, '2026-01-26 23:41:19.528546'),
  ('c8d8e6e8-4993-48ff-97c4-24fae15f2ca2', 'rodo', TRUE, '2026-02-14 23:41:19.528546'),
  ('c8d8e6e8-4993-48ff-97c4-24fae15f2ca2', 'marketing', FALSE, NULL),
  ('79f76230-b2ac-455d-bbdf-540f758f823f', 'rodo', TRUE, '2026-03-30 23:41:19.528546'),
  ('79f76230-b2ac-455d-bbdf-540f758f823f', 'marketing', FALSE, NULL),
  ('0f2bbaff-1801-4be2-aa2e-a2c47ec1530e', 'rodo', TRUE, '2026-02-25 23:41:19.528546'),
  ('0f2bbaff-1801-4be2-aa2e-a2c47ec1530e', 'marketing', FALSE, NULL),
  ('4e766eb0-6526-4e89-9f41-bac1426da30f', 'rodo', TRUE, '2026-02-27 23:41:19.528546'),
  ('4e766eb0-6526-4e89-9f41-bac1426da30f', 'marketing', FALSE, NULL),
  ('5ef237ce-6d64-4a18-9d79-6fdfed400e5b', 'rodo', TRUE, '2026-01-15 23:41:19.528546'),
  ('5ef237ce-6d64-4a18-9d79-6fdfed400e5b', 'marketing', TRUE, '2026-03-21 23:41:19.528546'),
  ('04738d7c-f02e-41b5-adca-78b37df1bdee', 'rodo', TRUE, '2026-02-27 23:41:19.528546'),
  ('04738d7c-f02e-41b5-adca-78b37df1bdee', 'marketing', FALSE, NULL),
  ('221779f9-0f2e-4bbd-83cf-72e537ca3310', 'rodo', TRUE, '2026-01-12 23:41:19.528546'),
  ('221779f9-0f2e-4bbd-83cf-72e537ca3310', 'marketing', FALSE, NULL),
  ('a9e7f5ed-809a-4d10-8520-fd6247f9c9d5', 'rodo', TRUE, '2026-03-05 23:41:19.528546'),
  ('a9e7f5ed-809a-4d10-8520-fd6247f9c9d5', 'marketing', FALSE, NULL),
  ('70422071-7f1f-4752-b648-a2009726b238', 'rodo', TRUE, '2026-01-30 23:41:19.528546'),
  ('70422071-7f1f-4752-b648-a2009726b238', 'marketing', TRUE, '2026-02-11 23:41:19.528546'),
  ('e72652ed-898b-4892-89ca-ebf2b342f00b', 'rodo', TRUE, '2026-03-30 23:41:19.528546'),
  ('e72652ed-898b-4892-89ca-ebf2b342f00b', 'marketing', FALSE, NULL),
  ('72c15dcc-a6d7-49c3-b6fe-962c17f8580b', 'rodo', TRUE, '2026-03-09 23:41:19.528546'),
  ('72c15dcc-a6d7-49c3-b6fe-962c17f8580b', 'marketing', FALSE, NULL),
  ('017606c7-a31f-4184-8383-a78639365646', 'rodo', TRUE, '2026-03-27 23:41:19.528546'),
  ('017606c7-a31f-4184-8383-a78639365646', 'marketing', FALSE, NULL),
  ('1722ebb0-95ed-4662-8dfa-84673f1951d6', 'rodo', TRUE, '2026-02-04 23:41:19.528546'),
  ('1722ebb0-95ed-4662-8dfa-84673f1951d6', 'marketing', TRUE, '2026-01-16 23:41:19.528546'),
  ('a950e985-5250-4891-9888-6d80ac301b3c', 'rodo', TRUE, '2026-01-31 23:41:19.528546'),
  ('a950e985-5250-4891-9888-6d80ac301b3c', 'marketing', FALSE, NULL),
  ('a6630205-433d-4123-bda3-da239e003d34', 'rodo', TRUE, '2026-02-17 23:41:19.528546'),
  ('a6630205-433d-4123-bda3-da239e003d34', 'marketing', TRUE, '2026-03-17 23:41:19.528546'),
  ('576001a5-bda8-41c9-8fc6-08a5524c0044', 'rodo', TRUE, '2026-02-03 23:41:19.528546'),
  ('576001a5-bda8-41c9-8fc6-08a5524c0044', 'marketing', FALSE, NULL),
  ('5d254f56-b33d-4a01-9605-66253a60bd8d', 'rodo', TRUE, '2026-01-21 23:41:19.528546'),
  ('5d254f56-b33d-4a01-9605-66253a60bd8d', 'marketing', FALSE, NULL),
  ('cb6ccedf-5dbb-47a3-9b75-b6d47c652304', 'rodo', TRUE, '2026-01-20 23:41:19.528546'),
  ('cb6ccedf-5dbb-47a3-9b75-b6d47c652304', 'marketing', FALSE, NULL),
  ('58a14aa9-95e7-4552-a6a8-e9a48267c588', 'rodo', TRUE, '2026-04-04 23:41:19.528546'),
  ('58a14aa9-95e7-4552-a6a8-e9a48267c588', 'marketing', TRUE, '2026-03-07 23:41:19.528546'),
  ('37625d8d-7f13-42bb-977b-f9106da2819b', 'rodo', TRUE, '2026-01-30 23:41:19.528546'),
  ('37625d8d-7f13-42bb-977b-f9106da2819b', 'marketing', TRUE, '2026-03-05 23:41:19.528546'),
  ('e6a2c1ac-0f88-40bb-9f1c-c951d52b26d4', 'rodo', TRUE, '2026-02-13 23:41:19.528546'),
  ('e6a2c1ac-0f88-40bb-9f1c-c951d52b26d4', 'marketing', FALSE, NULL),
  ('65f62333-1419-4b89-8f87-c2c2e4843bf2', 'rodo', TRUE, '2026-03-26 23:41:19.528546'),
  ('65f62333-1419-4b89-8f87-c2c2e4843bf2', 'marketing', TRUE, '2026-01-20 23:41:19.528546'),
  ('05886ba8-b461-4d05-80ff-29b09d19c7a2', 'rodo', TRUE, '2026-01-23 23:41:19.528546'),
  ('05886ba8-b461-4d05-80ff-29b09d19c7a2', 'marketing', TRUE, '2026-03-21 23:41:19.528546'),
  ('66fab0f9-daad-42b1-8152-279400d0fac6', 'rodo', TRUE, '2026-03-02 23:41:19.528546'),
  ('66fab0f9-daad-42b1-8152-279400d0fac6', 'marketing', TRUE, '2026-01-30 23:41:19.528546'),
  ('e31e8b39-11e4-442f-8643-881a98c9c3dc', 'rodo', TRUE, '2026-02-17 23:41:19.528546'),
  ('e31e8b39-11e4-442f-8643-881a98c9c3dc', 'marketing', TRUE, '2026-03-13 23:41:19.528546'),
  ('d2d7e0ba-6f2f-48bc-95b0-ed5eb870ae84', 'rodo', TRUE, '2026-03-27 23:41:19.528546'),
  ('d2d7e0ba-6f2f-48bc-95b0-ed5eb870ae84', 'marketing', FALSE, NULL),
  ('0a645256-2eaf-4d8b-b06b-034c1cd83ada', 'rodo', TRUE, '2026-03-26 23:41:19.528546'),
  ('0a645256-2eaf-4d8b-b06b-034c1cd83ada', 'marketing', TRUE, '2026-02-06 23:41:19.528546'),
  ('9a1a730e-1167-4e5a-a596-9a2dedc44e31', 'rodo', TRUE, '2026-03-04 23:41:19.528546'),
  ('9a1a730e-1167-4e5a-a596-9a2dedc44e31', 'marketing', FALSE, NULL),
  ('2e4c65a1-082d-4d99-8491-6d0e5880aab4', 'rodo', TRUE, '2026-02-16 23:41:19.528546'),
  ('2e4c65a1-082d-4d99-8491-6d0e5880aab4', 'marketing', FALSE, NULL),
  ('76a6684e-e797-4178-9ceb-2f3e871a1d34', 'rodo', TRUE, '2026-02-09 23:41:19.528546'),
  ('76a6684e-e797-4178-9ceb-2f3e871a1d34', 'marketing', TRUE, '2026-02-11 23:41:19.528546'),
  ('8e8a5f44-b74c-449f-9d61-494d8e4b08ee', 'rodo', TRUE, '2026-01-30 23:41:19.528546'),
  ('8e8a5f44-b74c-449f-9d61-494d8e4b08ee', 'marketing', TRUE, '2026-02-20 23:41:19.528546'),
  ('e33b490c-ab7d-44b5-9850-c2d6060d760e', 'rodo', TRUE, '2026-03-17 23:41:19.528546'),
  ('e33b490c-ab7d-44b5-9850-c2d6060d760e', 'marketing', TRUE, '2026-04-02 23:41:19.528546'),
  ('1c9dff90-170a-4241-8862-f904d802a05c', 'rodo', TRUE, '2026-03-06 23:41:19.528546'),
  ('1c9dff90-170a-4241-8862-f904d802a05c', 'marketing', FALSE, NULL),
  ('5bffba72-1391-46f1-9455-e4ef86d598f0', 'rodo', TRUE, '2026-02-26 23:41:19.528546'),
  ('5bffba72-1391-46f1-9455-e4ef86d598f0', 'marketing', FALSE, NULL),
  ('86a7c878-972a-444e-96a3-ec3b0100d6bd', 'rodo', TRUE, '2026-04-10 23:41:19.528546'),
  ('86a7c878-972a-444e-96a3-ec3b0100d6bd', 'marketing', FALSE, NULL),
  ('2178401d-6c0c-4658-b709-93665bbdb49c', 'rodo', TRUE, '2026-03-03 23:41:19.528546'),
  ('2178401d-6c0c-4658-b709-93665bbdb49c', 'marketing', FALSE, NULL),
  ('710af460-ec6c-451e-ae8b-5d84c4e9ed89', 'rodo', TRUE, '2026-03-22 23:41:19.528546'),
  ('710af460-ec6c-451e-ae8b-5d84c4e9ed89', 'marketing', FALSE, NULL),
  ('eeede2d5-47a6-49f8-bcbf-054446e85a1f', 'rodo', TRUE, '2026-02-01 23:41:19.528546'),
  ('eeede2d5-47a6-49f8-bcbf-054446e85a1f', 'marketing', FALSE, NULL),
  ('8cda3412-6749-493e-ab35-1310d709159b', 'rodo', TRUE, '2026-02-25 23:41:19.528546'),
  ('8cda3412-6749-493e-ab35-1310d709159b', 'marketing', FALSE, NULL),
  ('60a87ed1-6801-4ad7-a41a-89641cff6e05', 'rodo', TRUE, '2026-01-30 23:41:19.528546'),
  ('60a87ed1-6801-4ad7-a41a-89641cff6e05', 'marketing', FALSE, NULL),
  ('58b66ee6-348f-4074-97a2-5d0ff3a90186', 'rodo', TRUE, '2026-02-11 23:41:19.528546'),
  ('58b66ee6-348f-4074-97a2-5d0ff3a90186', 'marketing', FALSE, NULL),
  ('3dccd5a5-108c-457b-bcb6-164f49c98e0f', 'rodo', TRUE, '2026-03-17 23:41:19.528546'),
  ('3dccd5a5-108c-457b-bcb6-164f49c98e0f', 'marketing', TRUE, '2026-01-27 23:41:19.528546'),
  ('8127d934-4ee4-4b26-b08c-98cdf09b995a', 'rodo', TRUE, '2026-02-20 23:41:19.528546'),
  ('8127d934-4ee4-4b26-b08c-98cdf09b995a', 'marketing', TRUE, '2026-02-17 23:41:19.528546'),
  ('b482fb0a-2eab-4226-b106-e69b5ff95b4a', 'rodo', TRUE, '2026-04-05 23:41:19.528546'),
  ('b482fb0a-2eab-4226-b106-e69b5ff95b4a', 'marketing', FALSE, NULL),
  ('094e1ec3-f030-4870-8aa7-1fc241b0c184', 'rodo', TRUE, '2026-02-09 23:41:19.528546'),
  ('094e1ec3-f030-4870-8aa7-1fc241b0c184', 'marketing', FALSE, NULL),
  ('63a7436e-2cd4-4a97-b11a-7c544bbef423', 'rodo', TRUE, '2026-02-20 23:41:19.528546'),
  ('63a7436e-2cd4-4a97-b11a-7c544bbef423', 'marketing', TRUE, '2026-02-06 23:41:19.528546'),
  ('a4ff6ef0-cbf3-498d-b47c-3613b29b09fc', 'rodo', TRUE, '2026-04-06 23:41:19.528546'),
  ('a4ff6ef0-cbf3-498d-b47c-3613b29b09fc', 'marketing', TRUE, '2026-02-05 23:41:19.528546'),
  ('f0b6c977-030c-4db9-b498-4f660e4453f8', 'rodo', TRUE, '2026-01-25 23:41:19.528546'),
  ('f0b6c977-030c-4db9-b498-4f660e4453f8', 'marketing', FALSE, NULL),
  ('f60884eb-266d-4b3a-a32c-ec3e4765953d', 'rodo', TRUE, '2026-03-29 23:41:19.528546'),
  ('f60884eb-266d-4b3a-a32c-ec3e4765953d', 'marketing', FALSE, NULL),
  ('f2a1dbe1-5050-4588-8055-d35c5b9d7dd7', 'rodo', TRUE, '2026-03-29 23:41:19.528546'),
  ('f2a1dbe1-5050-4588-8055-d35c5b9d7dd7', 'marketing', FALSE, NULL),
  ('85e1044a-9a3a-45dc-a619-26d340c13111', 'rodo', TRUE, '2026-04-09 23:41:19.528546'),
  ('85e1044a-9a3a-45dc-a619-26d340c13111', 'marketing', TRUE, '2026-02-17 23:41:19.528546'),
  ('ddad9a3a-5690-4719-a740-7402c4a22a57', 'rodo', TRUE, '2026-01-17 23:41:19.528546'),
  ('ddad9a3a-5690-4719-a740-7402c4a22a57', 'marketing', TRUE, '2026-04-01 23:41:19.528546'),
  ('07adfe69-502e-4fae-bbee-cd7703f2adb3', 'rodo', TRUE, '2026-02-09 23:41:19.528546'),
  ('07adfe69-502e-4fae-bbee-cd7703f2adb3', 'marketing', FALSE, NULL),
  ('df30817a-16e0-409e-9c18-aee961a27a26', 'rodo', TRUE, '2026-02-26 23:41:19.528546'),
  ('df30817a-16e0-409e-9c18-aee961a27a26', 'marketing', FALSE, NULL),
  ('6d7b42c0-a4d6-4204-a312-9cdd7b2e4066', 'rodo', TRUE, '2026-01-17 23:41:19.528546'),
  ('6d7b42c0-a4d6-4204-a312-9cdd7b2e4066', 'marketing', TRUE, '2026-02-27 23:41:19.528546'),
  ('a143ee0d-e1f6-41af-8cc8-385dc04bc39e', 'rodo', TRUE, '2026-01-14 23:41:19.528546'),
  ('a143ee0d-e1f6-41af-8cc8-385dc04bc39e', 'marketing', FALSE, NULL),
  ('1e4d6209-8a5f-4cfb-8afc-342ac4368b94', 'rodo', TRUE, '2026-03-01 23:41:19.528546'),
  ('1e4d6209-8a5f-4cfb-8afc-342ac4368b94', 'marketing', FALSE, NULL),
  ('bf565e8d-59e0-4519-bfb3-224d0d4dcda7', 'rodo', TRUE, '2026-01-31 23:41:19.528546'),
  ('bf565e8d-59e0-4519-bfb3-224d0d4dcda7', 'marketing', TRUE, '2026-01-21 23:41:19.528546'),
  ('25a639a4-3d17-44bd-ae3f-dfcd763a6257', 'rodo', TRUE, '2026-04-02 23:41:19.528546'),
  ('25a639a4-3d17-44bd-ae3f-dfcd763a6257', 'marketing', TRUE, '2026-01-20 23:41:19.528546'),
  ('e377f19d-3d9a-429c-8a61-f7668c496bfd', 'rodo', TRUE, '2026-01-13 23:41:19.528546'),
  ('e377f19d-3d9a-429c-8a61-f7668c496bfd', 'marketing', FALSE, NULL),
  ('6c51805e-1357-4861-96ee-f3156fda0ef7', 'rodo', TRUE, '2026-03-12 23:41:19.528546'),
  ('6c51805e-1357-4861-96ee-f3156fda0ef7', 'marketing', TRUE, '2026-02-14 23:41:19.528546'),
  ('896633cd-1ae1-4a6f-86be-477a2dfe4cfa', 'rodo', TRUE, '2026-03-29 23:41:19.528546'),
  ('896633cd-1ae1-4a6f-86be-477a2dfe4cfa', 'marketing', TRUE, '2026-02-13 23:41:19.528546'),
  ('c72b23e8-9915-4ea1-bb82-acca2d6511f9', 'rodo', TRUE, '2026-03-20 23:41:19.528546'),
  ('c72b23e8-9915-4ea1-bb82-acca2d6511f9', 'marketing', FALSE, NULL),
  ('426793a2-de12-4ad1-b574-5434ae0eec90', 'rodo', TRUE, '2026-04-07 23:41:19.528546'),
  ('426793a2-de12-4ad1-b574-5434ae0eec90', 'marketing', TRUE, '2026-02-28 23:41:19.528546'),
  ('c3f9389d-4de8-4d56-b225-2137a1e1de75', 'rodo', TRUE, '2026-04-03 23:41:19.528546'),
  ('c3f9389d-4de8-4d56-b225-2137a1e1de75', 'marketing', FALSE, NULL),
  ('5b560a74-6a53-492f-8fcf-cbf588253dd1', 'rodo', TRUE, '2026-02-24 23:41:19.528546'),
  ('5b560a74-6a53-492f-8fcf-cbf588253dd1', 'marketing', FALSE, NULL),
  ('3b6cf26c-091d-40ec-9470-45f4fc830263', 'rodo', TRUE, '2026-02-14 23:41:19.528546'),
  ('3b6cf26c-091d-40ec-9470-45f4fc830263', 'marketing', TRUE, '2026-03-10 23:41:19.528546'),
  ('d329d91b-107d-4faa-b68f-d520dac76ff5', 'rodo', TRUE, '2026-02-02 23:41:19.528546'),
  ('d329d91b-107d-4faa-b68f-d520dac76ff5', 'marketing', FALSE, NULL),
  ('3af6144b-6bc1-4621-a950-66a75ff6fbab', 'rodo', TRUE, '2026-01-28 23:41:19.528546'),
  ('3af6144b-6bc1-4621-a950-66a75ff6fbab', 'marketing', TRUE, '2026-03-20 23:41:19.528546'),
  ('1b08c402-5176-464a-b3d6-3da42d498738', 'rodo', TRUE, '2026-03-19 23:41:19.528546'),
  ('1b08c402-5176-464a-b3d6-3da42d498738', 'marketing', TRUE, '2026-01-22 23:41:19.528546'),
  ('a54368d2-5c6e-4556-a574-2e72e2db67da', 'rodo', TRUE, '2026-02-21 23:41:19.528546'),
  ('a54368d2-5c6e-4556-a574-2e72e2db67da', 'marketing', TRUE, '2026-02-06 23:41:19.528546'),
  ('27e9165b-284d-4e62-bc9d-30ba273f0574', 'rodo', TRUE, '2026-01-26 23:41:19.528546'),
  ('27e9165b-284d-4e62-bc9d-30ba273f0574', 'marketing', TRUE, '2026-03-12 23:41:19.528546'),
  ('34d6107c-b56d-47a7-881f-4958f3a1e1bb', 'rodo', TRUE, '2026-02-10 23:41:19.528546'),
  ('34d6107c-b56d-47a7-881f-4958f3a1e1bb', 'marketing', FALSE, NULL),
  ('3d08aa84-9418-4166-8377-5fc912556c8b', 'rodo', TRUE, '2026-02-11 23:41:19.528546'),
  ('3d08aa84-9418-4166-8377-5fc912556c8b', 'marketing', FALSE, NULL),
  ('937891af-b31c-46b3-b10a-3cd14cfff79e', 'rodo', TRUE, '2026-01-15 23:41:19.528546'),
  ('937891af-b31c-46b3-b10a-3cd14cfff79e', 'marketing', TRUE, '2026-02-10 23:41:19.528546'),
  ('3c8ae4a1-25a2-4b6c-8c4d-5b68eac3e3ec', 'rodo', TRUE, '2026-03-05 23:41:19.528546'),
  ('3c8ae4a1-25a2-4b6c-8c4d-5b68eac3e3ec', 'marketing', TRUE, '2026-04-01 23:41:19.528546'),
  ('eb923d46-dfc3-4a85-9339-dbfeb66a5f0f', 'rodo', TRUE, '2026-02-13 23:41:19.528546'),
  ('eb923d46-dfc3-4a85-9339-dbfeb66a5f0f', 'marketing', FALSE, NULL),
  ('de659de9-8a31-43ca-92c9-3bb023c90654', 'rodo', TRUE, '2026-01-25 23:41:19.528546'),
  ('de659de9-8a31-43ca-92c9-3bb023c90654', 'marketing', FALSE, NULL),
  ('b1ac32c0-79ca-4cc9-b665-3ca72d2ed9a0', 'rodo', TRUE, '2026-01-19 23:41:19.528546'),
  ('b1ac32c0-79ca-4cc9-b665-3ca72d2ed9a0', 'marketing', FALSE, NULL),
  ('d1729cbd-e8ec-4e3c-86d3-cfc96804b23b', 'rodo', TRUE, '2026-01-12 23:41:19.528546'),
  ('d1729cbd-e8ec-4e3c-86d3-cfc96804b23b', 'marketing', FALSE, NULL),
  ('c24789c2-8125-4482-9f0a-dcbe630d244c', 'rodo', TRUE, '2026-02-11 23:41:19.528546'),
  ('c24789c2-8125-4482-9f0a-dcbe630d244c', 'marketing', FALSE, NULL),
  ('664551ef-04b2-46ed-adbb-2c84f949c711', 'rodo', TRUE, '2026-03-16 23:41:19.528546'),
  ('664551ef-04b2-46ed-adbb-2c84f949c711', 'marketing', FALSE, NULL),
  ('749eb00e-3e51-4c6c-9927-214f27ea6f80', 'rodo', TRUE, '2026-02-08 23:41:19.528546'),
  ('749eb00e-3e51-4c6c-9927-214f27ea6f80', 'marketing', TRUE, '2026-03-11 23:41:19.528546'),
  ('c906176d-d817-463c-b95e-e0414ad91872', 'rodo', TRUE, '2026-02-21 23:41:19.528546'),
  ('c906176d-d817-463c-b95e-e0414ad91872', 'marketing', FALSE, NULL),
  ('a54c6f05-2252-48e8-87af-d488c65b68c6', 'rodo', TRUE, '2026-01-27 23:41:19.528546'),
  ('a54c6f05-2252-48e8-87af-d488c65b68c6', 'marketing', FALSE, NULL),
  ('3ab0243f-aa4f-496d-8f7a-c04babed44bc', 'rodo', TRUE, '2026-01-11 23:41:19.528546'),
  ('3ab0243f-aa4f-496d-8f7a-c04babed44bc', 'marketing', FALSE, NULL),
  ('96cc43ad-530e-4de2-8293-8b41e744080a', 'rodo', TRUE, '2026-04-08 23:41:19.528546'),
  ('96cc43ad-530e-4de2-8293-8b41e744080a', 'marketing', FALSE, NULL),
  ('1beb0aca-62e5-4b31-967d-91a652e40f21', 'rodo', TRUE, '2026-03-06 23:41:19.528546'),
  ('1beb0aca-62e5-4b31-967d-91a652e40f21', 'marketing', TRUE, '2026-01-28 23:41:19.528546'),
  ('00ce4d5a-e98f-42d4-b9d4-3c12970662f1', 'rodo', TRUE, '2026-01-13 23:41:19.528546'),
  ('00ce4d5a-e98f-42d4-b9d4-3c12970662f1', 'marketing', TRUE, '2026-01-23 23:41:19.528546'),
  ('ccf74bce-2fa2-4701-b7c9-d6682e13cdd6', 'rodo', TRUE, '2026-02-06 23:41:19.528546'),
  ('ccf74bce-2fa2-4701-b7c9-d6682e13cdd6', 'marketing', FALSE, NULL),
  ('71056595-dae9-46cc-89a7-3943c3f056da', 'rodo', TRUE, '2026-03-12 23:41:19.528546'),
  ('71056595-dae9-46cc-89a7-3943c3f056da', 'marketing', FALSE, NULL),
  ('127f7e23-eebe-45f9-af48-91df12a4417a', 'rodo', TRUE, '2026-03-13 23:41:19.528546'),
  ('127f7e23-eebe-45f9-af48-91df12a4417a', 'marketing', TRUE, '2026-01-21 23:41:19.528546'),
  ('03f057a8-65ab-49ce-a9ec-5f8bf77674b6', 'rodo', TRUE, '2026-03-09 23:41:19.528546'),
  ('03f057a8-65ab-49ce-a9ec-5f8bf77674b6', 'marketing', TRUE, '2026-01-20 23:41:19.528546'),
  ('299cec35-a0b0-4910-84ac-95a883b038f4', 'rodo', TRUE, '2026-03-29 23:41:19.528546'),
  ('299cec35-a0b0-4910-84ac-95a883b038f4', 'marketing', TRUE, '2026-03-02 23:41:19.528546'),
  ('250b4341-79c7-4971-bd67-6bc1e0dce009', 'rodo', TRUE, '2026-02-13 23:41:19.528546'),
  ('250b4341-79c7-4971-bd67-6bc1e0dce009', 'marketing', TRUE, '2026-01-26 23:41:19.528546'),
  ('229c0323-2395-4585-8809-eead83f17dc0', 'rodo', TRUE, '2026-02-23 23:41:19.528546'),
  ('229c0323-2395-4585-8809-eead83f17dc0', 'marketing', TRUE, '2026-03-30 23:41:19.528546'),
  ('899a644b-f5e8-4c8b-a7ed-ef22b876cb58', 'rodo', TRUE, '2026-03-04 23:41:19.528546'),
  ('899a644b-f5e8-4c8b-a7ed-ef22b876cb58', 'marketing', FALSE, NULL),
  ('9b446262-65ea-4b67-ac02-1930f8cbdb82', 'rodo', TRUE, '2026-02-16 23:41:19.528546'),
  ('9b446262-65ea-4b67-ac02-1930f8cbdb82', 'marketing', TRUE, '2026-03-16 23:41:19.528546'),
  ('d181b7f7-2977-42a5-abcd-f4eb23e07373', 'rodo', TRUE, '2026-03-25 23:41:19.528546'),
  ('d181b7f7-2977-42a5-abcd-f4eb23e07373', 'marketing', FALSE, NULL),
  ('fe992458-d3b6-4a7b-a9ef-943a6bcd747d', 'rodo', TRUE, '2026-02-02 23:41:19.528546'),
  ('fe992458-d3b6-4a7b-a9ef-943a6bcd747d', 'marketing', FALSE, NULL),
  ('dd272a35-0289-4302-9516-8d7db0f0f637', 'rodo', TRUE, '2026-03-20 23:41:19.528546'),
  ('dd272a35-0289-4302-9516-8d7db0f0f637', 'marketing', FALSE, NULL),
  ('596eb1d1-85b0-41bb-acc7-8ca9905c4f09', 'rodo', TRUE, '2026-02-08 23:41:19.528546'),
  ('596eb1d1-85b0-41bb-acc7-8ca9905c4f09', 'marketing', FALSE, NULL),
  ('b3a9b210-b5e1-47cd-9d6f-e464685c31cc', 'rodo', TRUE, '2026-02-26 23:41:19.528546'),
  ('b3a9b210-b5e1-47cd-9d6f-e464685c31cc', 'marketing', TRUE, '2026-02-10 23:41:19.528546'),
  ('1912b7a0-5be5-4ffc-ac61-5921c7c6d18f', 'rodo', TRUE, '2026-04-01 23:41:19.528546'),
  ('1912b7a0-5be5-4ffc-ac61-5921c7c6d18f', 'marketing', TRUE, '2026-03-13 23:41:19.528546'),
  ('c206f385-da77-4024-8b04-9c8778caa654', 'rodo', TRUE, '2026-01-14 23:41:19.528546'),
  ('c206f385-da77-4024-8b04-9c8778caa654', 'marketing', FALSE, NULL),
  ('b98a12e8-21c3-4b51-a474-4c9b398c571c', 'rodo', TRUE, '2026-01-29 23:41:19.528546'),
  ('b98a12e8-21c3-4b51-a474-4c9b398c571c', 'marketing', FALSE, NULL),
  ('c40253f3-e320-4c55-bd8a-81a54820df3f', 'rodo', TRUE, '2026-03-30 23:41:19.528546'),
  ('c40253f3-e320-4c55-bd8a-81a54820df3f', 'marketing', FALSE, NULL),
  ('b4a7a05a-a05a-464a-b898-231a7b748599', 'rodo', TRUE, '2026-04-09 23:41:19.528546'),
  ('b4a7a05a-a05a-464a-b898-231a7b748599', 'marketing', FALSE, NULL),
  ('762b3348-876a-4a44-847d-abf78d384bcd', 'rodo', TRUE, '2026-02-01 23:41:19.528546'),
  ('762b3348-876a-4a44-847d-abf78d384bcd', 'marketing', TRUE, '2026-02-11 23:41:19.528546'),
  ('27615123-bb5d-4b8c-979b-074c212e3bf2', 'rodo', TRUE, '2026-02-22 23:41:19.528546'),
  ('27615123-bb5d-4b8c-979b-074c212e3bf2', 'marketing', FALSE, NULL),
  ('b73a1259-1a0e-455d-890e-3dc01a7e2a48', 'rodo', TRUE, '2026-01-26 23:41:19.528546'),
  ('b73a1259-1a0e-455d-890e-3dc01a7e2a48', 'marketing', FALSE, NULL),
  ('b96e4943-4dd8-4d9b-b9e3-c2270be89864', 'rodo', TRUE, '2026-01-19 23:41:19.528546'),
  ('b96e4943-4dd8-4d9b-b9e3-c2270be89864', 'marketing', FALSE, NULL),
  ('f9f76169-83c1-46a2-9555-c207ff3162e6', 'rodo', TRUE, '2026-03-28 23:41:19.528546'),
  ('f9f76169-83c1-46a2-9555-c207ff3162e6', 'marketing', TRUE, '2026-02-09 23:41:19.528546'),
  ('b5ad293f-49dc-4dc7-a01b-1a37eb8f5a06', 'rodo', TRUE, '2026-04-07 23:41:19.528546'),
  ('b5ad293f-49dc-4dc7-a01b-1a37eb8f5a06', 'marketing', FALSE, NULL),
  ('7db13ee8-1a91-4cab-b11e-2e62fdfa51ce', 'rodo', TRUE, '2026-01-22 23:41:19.528546'),
  ('7db13ee8-1a91-4cab-b11e-2e62fdfa51ce', 'marketing', TRUE, '2026-01-18 23:41:19.528546'),
  ('0cc321d7-6470-4b0f-9d4d-68c7e01a09a0', 'rodo', TRUE, '2026-04-02 23:41:19.528546'),
  ('0cc321d7-6470-4b0f-9d4d-68c7e01a09a0', 'marketing', FALSE, NULL),
  ('b40f0217-078e-43a9-ad42-2e5433131328', 'rodo', TRUE, '2026-01-11 23:41:19.528546'),
  ('b40f0217-078e-43a9-ad42-2e5433131328', 'marketing', FALSE, NULL),
  ('0974103a-fa24-422d-8152-a46503610944', 'rodo', TRUE, '2026-01-17 23:41:19.528546'),
  ('0974103a-fa24-422d-8152-a46503610944', 'marketing', FALSE, NULL),
  ('9aee4cd6-6004-493b-90ee-3edcecfee0a9', 'rodo', TRUE, '2026-03-27 23:41:19.528546'),
  ('9aee4cd6-6004-493b-90ee-3edcecfee0a9', 'marketing', TRUE, '2026-04-05 23:41:19.528546'),
  ('6fbe1836-40dc-4f4c-9179-ef3356e119dc', 'rodo', TRUE, '2026-04-06 23:41:19.528546'),
  ('6fbe1836-40dc-4f4c-9179-ef3356e119dc', 'marketing', FALSE, NULL),
  ('e1f0a451-4312-4de3-9f8d-6fbeb6e0df12', 'rodo', TRUE, '2026-02-06 23:41:19.528546'),
  ('e1f0a451-4312-4de3-9f8d-6fbeb6e0df12', 'marketing', TRUE, '2026-03-29 23:41:19.528546'),
  ('5a498505-7609-415b-afa5-db28859d8a90', 'rodo', TRUE, '2026-03-11 23:41:19.528546'),
  ('5a498505-7609-415b-afa5-db28859d8a90', 'marketing', TRUE, '2026-02-20 23:41:19.528546'),
  ('e893d9cc-b6a0-4028-8f72-38796d26ad0a', 'rodo', TRUE, '2026-02-11 23:41:19.528546'),
  ('e893d9cc-b6a0-4028-8f72-38796d26ad0a', 'marketing', FALSE, NULL),
  ('6c455620-c1c1-4a32-94ad-d217ffe87a3e', 'rodo', TRUE, '2026-01-15 23:41:19.528546'),
  ('6c455620-c1c1-4a32-94ad-d217ffe87a3e', 'marketing', FALSE, NULL),
  ('4881a2b8-ca39-4175-8946-3f947b9ba56e', 'rodo', TRUE, '2026-01-25 23:41:19.528546'),
  ('4881a2b8-ca39-4175-8946-3f947b9ba56e', 'marketing', TRUE, '2026-02-16 23:41:19.528546'),
  ('dc0c4527-4e42-4418-8710-38ffdfaa998b', 'rodo', TRUE, '2026-01-17 23:41:19.528546'),
  ('dc0c4527-4e42-4418-8710-38ffdfaa998b', 'marketing', TRUE, '2026-02-07 23:41:19.528546'),
  ('b469d95c-c6bb-44cb-b270-31650118a8f2', 'rodo', TRUE, '2026-01-22 23:41:19.528546'),
  ('b469d95c-c6bb-44cb-b270-31650118a8f2', 'marketing', FALSE, NULL),
  ('57fc7fbb-51ca-48a1-a016-95212967b681', 'rodo', TRUE, '2026-03-06 23:41:19.528546'),
  ('57fc7fbb-51ca-48a1-a016-95212967b681', 'marketing', TRUE, '2026-01-12 23:41:19.528546'),
  ('e80f7f5c-b046-44ab-8be8-33dff711bce4', 'rodo', TRUE, '2026-02-22 23:41:19.528546'),
  ('e80f7f5c-b046-44ab-8be8-33dff711bce4', 'marketing', TRUE, '2026-02-13 23:41:19.528546'),
  ('39fec4b3-0cec-4e52-8970-4a370cc38e83', 'rodo', TRUE, '2026-02-13 23:41:19.528546'),
  ('39fec4b3-0cec-4e52-8970-4a370cc38e83', 'marketing', TRUE, '2026-02-23 23:41:19.528546'),
  ('84139b07-7781-4799-a03e-4043dd1bdcbf', 'rodo', TRUE, '2026-03-29 23:41:19.528546'),
  ('84139b07-7781-4799-a03e-4043dd1bdcbf', 'marketing', FALSE, NULL),
  ('d6c6529e-d9dd-4c3d-bbde-fa4915e08185', 'rodo', TRUE, '2026-01-31 23:41:19.528546'),
  ('d6c6529e-d9dd-4c3d-bbde-fa4915e08185', 'marketing', FALSE, NULL),
  ('3b02fcb8-38fd-47f8-8e48-f6cfd14477c7', 'rodo', TRUE, '2026-04-03 23:41:19.528546'),
  ('3b02fcb8-38fd-47f8-8e48-f6cfd14477c7', 'marketing', FALSE, NULL),
  ('a79b8663-6581-44ea-b5df-b4283028b81b', 'rodo', TRUE, '2026-03-06 23:41:19.528546'),
  ('a79b8663-6581-44ea-b5df-b4283028b81b', 'marketing', TRUE, '2026-03-26 23:41:19.528546'),
  ('a6df4992-12ad-410c-ac92-2c799fb73ad2', 'rodo', TRUE, '2026-02-11 23:41:19.528546'),
  ('a6df4992-12ad-410c-ac92-2c799fb73ad2', 'marketing', TRUE, '2026-01-16 23:41:19.528546'),
  ('a055bd4c-cff8-4258-a5fd-fcb35f0c1412', 'rodo', TRUE, '2026-03-14 23:41:19.528546'),
  ('a055bd4c-cff8-4258-a5fd-fcb35f0c1412', 'marketing', TRUE, '2026-04-04 23:41:19.528546'),
  ('88b1b7e3-9c46-4a08-b2db-93dc3c15cf70', 'rodo', TRUE, '2026-02-27 23:41:19.528546'),
  ('88b1b7e3-9c46-4a08-b2db-93dc3c15cf70', 'marketing', TRUE, '2026-03-25 23:41:19.528546'),
  ('4869902a-7aa3-468f-b753-2cfbbdc8f458', 'rodo', TRUE, '2026-01-28 23:41:19.528546'),
  ('4869902a-7aa3-468f-b753-2cfbbdc8f458', 'marketing', TRUE, '2026-04-02 23:41:19.528546'),
  ('6b248baa-0024-4468-aecc-5e53a0912cdd', 'rodo', TRUE, '2026-01-30 23:41:19.528546'),
  ('6b248baa-0024-4468-aecc-5e53a0912cdd', 'marketing', TRUE, '2026-01-25 23:41:19.528546'),
  ('8e5bf564-1d81-4c68-a6d2-fcb27c0baab2', 'rodo', TRUE, '2026-03-14 23:41:19.528546'),
  ('8e5bf564-1d81-4c68-a6d2-fcb27c0baab2', 'marketing', TRUE, '2026-02-27 23:41:19.528546'),
  ('f299fb48-46dd-4c4e-8fa5-4b1da7e2ced4', 'rodo', TRUE, '2026-03-23 23:41:19.528546'),
  ('f299fb48-46dd-4c4e-8fa5-4b1da7e2ced4', 'marketing', TRUE, '2026-03-06 23:41:19.528546'),
  ('fad91907-83da-49fc-8189-1b6aa4148632', 'rodo', TRUE, '2026-03-23 23:41:19.528546'),
  ('fad91907-83da-49fc-8189-1b6aa4148632', 'marketing', TRUE, '2026-01-31 23:41:19.528546'),
  ('b761dd0c-5749-4c83-8900-113614a34e03', 'rodo', TRUE, '2026-03-09 23:41:19.528546'),
  ('b761dd0c-5749-4c83-8900-113614a34e03', 'marketing', TRUE, '2026-03-27 23:41:19.528546'),
  ('b6dc234b-c035-4a30-ab80-11f75a74c439', 'rodo', TRUE, '2026-01-16 23:41:19.528546'),
  ('b6dc234b-c035-4a30-ab80-11f75a74c439', 'marketing', TRUE, '2026-03-25 23:41:19.528546'),
  ('e96eb2f2-9b17-4a2d-9bbe-349d67f7f37b', 'rodo', TRUE, '2026-04-09 23:41:19.528546'),
  ('e96eb2f2-9b17-4a2d-9bbe-349d67f7f37b', 'marketing', FALSE, NULL),
  ('916b41d9-85e9-4b23-b944-b5820de96764', 'rodo', TRUE, '2026-03-11 23:41:19.528546'),
  ('916b41d9-85e9-4b23-b944-b5820de96764', 'marketing', FALSE, NULL),
  ('5ec8d0e0-0083-41b5-b8a1-987086fe1f7a', 'rodo', TRUE, '2026-04-08 23:41:19.528546'),
  ('5ec8d0e0-0083-41b5-b8a1-987086fe1f7a', 'marketing', TRUE, '2026-03-08 23:41:19.528546'),
  ('afbff5d3-e51f-4dcb-bc7e-4cd50dbf18d3', 'rodo', TRUE, '2026-04-04 23:41:19.528546'),
  ('afbff5d3-e51f-4dcb-bc7e-4cd50dbf18d3', 'marketing', TRUE, '2026-02-16 23:41:19.528546'),
  ('5f0f8d1c-60d1-4847-a890-2e86324f1afb', 'rodo', TRUE, '2026-02-02 23:41:19.528546'),
  ('5f0f8d1c-60d1-4847-a890-2e86324f1afb', 'marketing', TRUE, '2026-04-02 23:41:19.528546'),
  ('82438d5e-147d-4c75-bd9a-e79597e9c756', 'rodo', TRUE, '2026-02-09 23:41:19.528546'),
  ('82438d5e-147d-4c75-bd9a-e79597e9c756', 'marketing', FALSE, NULL),
  ('b2c78a63-0052-4320-a386-0974d614f6d0', 'rodo', TRUE, '2026-02-23 23:41:19.528546'),
  ('b2c78a63-0052-4320-a386-0974d614f6d0', 'marketing', TRUE, '2026-02-12 23:41:19.528546'),
  ('9255a88f-824a-4f2e-92fb-a7e68656e966', 'rodo', TRUE, '2026-02-05 23:41:19.528546'),
  ('9255a88f-824a-4f2e-92fb-a7e68656e966', 'marketing', TRUE, '2026-01-22 23:41:19.528546'),
  ('d3268721-8223-4d77-8a01-df4d5c4c2a01', 'rodo', TRUE, '2026-04-05 23:41:19.528546'),
  ('d3268721-8223-4d77-8a01-df4d5c4c2a01', 'marketing', FALSE, NULL),
  ('44333629-2d1a-4fd1-a760-a816c4e1d9cf', 'rodo', TRUE, '2026-02-11 23:41:19.528546'),
  ('44333629-2d1a-4fd1-a760-a816c4e1d9cf', 'marketing', TRUE, '2026-04-03 23:41:19.528546'),
  ('504c71b6-a4f2-4e7d-bb2b-c9fd88c1796d', 'rodo', TRUE, '2026-02-08 23:41:19.528546'),
  ('504c71b6-a4f2-4e7d-bb2b-c9fd88c1796d', 'marketing', FALSE, NULL),
  ('5da907d7-d0f4-4640-b396-301c3e401cb3', 'rodo', TRUE, '2026-02-15 23:41:19.528546'),
  ('5da907d7-d0f4-4640-b396-301c3e401cb3', 'marketing', TRUE, '2026-02-07 23:41:19.528546'),
  ('95672170-9cb3-4f4e-ba99-0b0d0c4dec06', 'rodo', TRUE, '2026-02-13 23:41:19.528546'),
  ('95672170-9cb3-4f4e-ba99-0b0d0c4dec06', 'marketing', TRUE, '2026-03-31 23:41:19.528546'),
  ('e45b3328-4c06-4f70-a55d-a89381d28f2d', 'rodo', TRUE, '2026-02-28 23:41:19.528546'),
  ('e45b3328-4c06-4f70-a55d-a89381d28f2d', 'marketing', TRUE, '2026-04-02 23:41:19.528546'),
  ('705f32bd-ace6-4d98-b42a-763294c701f9', 'rodo', TRUE, '2026-03-25 23:41:19.528546'),
  ('705f32bd-ace6-4d98-b42a-763294c701f9', 'marketing', FALSE, NULL),
  ('3c32d693-b3c8-4d23-a5f7-1be1e3010e21', 'rodo', TRUE, '2026-01-21 23:41:19.528546'),
  ('3c32d693-b3c8-4d23-a5f7-1be1e3010e21', 'marketing', FALSE, NULL),
  ('1321e185-fbc5-4083-8422-ed8b751c59f5', 'rodo', TRUE, '2026-02-21 23:41:19.528546'),
  ('1321e185-fbc5-4083-8422-ed8b751c59f5', 'marketing', FALSE, NULL),
  ('f9151519-0bf6-4a31-bb28-bb9f13f8640c', 'rodo', TRUE, '2026-02-11 23:41:19.528546'),
  ('f9151519-0bf6-4a31-bb28-bb9f13f8640c', 'marketing', FALSE, NULL),
  ('17d4276d-767a-4ad3-819e-8bf851c99ce4', 'rodo', TRUE, '2026-03-29 23:41:19.528546'),
  ('17d4276d-767a-4ad3-819e-8bf851c99ce4', 'marketing', TRUE, '2026-01-17 23:41:19.528546'),
  ('84eb27ef-5818-4641-8f02-a9c5b2dc04c6', 'rodo', TRUE, '2026-01-17 23:41:19.528546'),
  ('84eb27ef-5818-4641-8f02-a9c5b2dc04c6', 'marketing', TRUE, '2026-02-14 23:41:19.528546'),
  ('66a458f5-e877-49ce-a482-04584c101394', 'rodo', TRUE, '2026-02-12 23:41:19.528546'),
  ('66a458f5-e877-49ce-a482-04584c101394', 'marketing', TRUE, '2026-02-17 23:41:19.528546'),
  ('8c5a6f63-6b50-4733-b716-8f7f72e9d07a', 'rodo', TRUE, '2026-02-26 23:41:19.528546'),
  ('8c5a6f63-6b50-4733-b716-8f7f72e9d07a', 'marketing', FALSE, NULL),
  ('19abcb96-52ac-467a-80eb-42da69f4f407', 'rodo', TRUE, '2026-02-18 23:41:19.528546'),
  ('19abcb96-52ac-467a-80eb-42da69f4f407', 'marketing', FALSE, NULL),
  ('bfa903d5-ea32-4d2c-901a-078814e8a88c', 'rodo', TRUE, '2026-03-29 23:41:19.528546'),
  ('bfa903d5-ea32-4d2c-901a-078814e8a88c', 'marketing', FALSE, NULL),
  ('5754189d-058d-4c26-934a-ba80520aae87', 'rodo', TRUE, '2026-02-15 23:41:19.528546'),
  ('5754189d-058d-4c26-934a-ba80520aae87', 'marketing', FALSE, NULL),
  ('c77c0ca4-97c0-4a2a-9524-638da9be6606', 'rodo', TRUE, '2026-01-15 23:41:19.528546'),
  ('c77c0ca4-97c0-4a2a-9524-638da9be6606', 'marketing', FALSE, NULL),
  ('c1713a94-e3c9-442d-80f1-c47f9eed58ea', 'rodo', TRUE, '2026-02-22 23:41:19.528546'),
  ('c1713a94-e3c9-442d-80f1-c47f9eed58ea', 'marketing', TRUE, '2026-01-13 23:41:19.528546'),
  ('6c1ed128-4091-440c-8de0-4a90bb3521bb', 'rodo', TRUE, '2026-02-09 23:41:19.528546'),
  ('6c1ed128-4091-440c-8de0-4a90bb3521bb', 'marketing', TRUE, '2026-03-30 23:41:19.528546'),
  ('98ea6618-6dfd-4860-9df3-075cab19fc41', 'rodo', TRUE, '2026-03-31 23:41:19.528546'),
  ('98ea6618-6dfd-4860-9df3-075cab19fc41', 'marketing', TRUE, '2026-02-14 23:41:19.528546'),
  ('bb2ce147-d718-4721-9a6b-2c283a10b7da', 'rodo', TRUE, '2026-03-29 23:41:19.528546'),
  ('bb2ce147-d718-4721-9a6b-2c283a10b7da', 'marketing', FALSE, NULL),
  ('2c05f067-bcc3-4537-8893-ec835cd3d8a8', 'rodo', TRUE, '2026-03-25 23:41:19.528546'),
  ('2c05f067-bcc3-4537-8893-ec835cd3d8a8', 'marketing', TRUE, '2026-01-25 23:41:19.528546'),
  ('f7dd9a02-82ea-4a09-88bc-80d82146947a', 'rodo', TRUE, '2026-01-29 23:41:19.528546'),
  ('f7dd9a02-82ea-4a09-88bc-80d82146947a', 'marketing', FALSE, NULL),
  ('942aa71f-f55c-47ff-90a6-29dd6ec4f07e', 'rodo', TRUE, '2026-01-15 23:41:19.528546'),
  ('942aa71f-f55c-47ff-90a6-29dd6ec4f07e', 'marketing', TRUE, '2026-02-17 23:41:19.528546');

INSERT INTO programs (id, name, description, is_active) VALUES
  ('informatyka-st', 'Informatyka — studia stacjonarne', 'Studia podyplomowe: Informatyka — studia stacjonarne', TRUE),
  ('zarzadzanie-np', 'Zarządzanie — studia niestacjonarne', 'Studia podyplomowe: Zarządzanie — studia niestacjonarne', TRUE),
  ('cyberbezpieczenstwo', 'Cyberbezpieczeństwo', 'Studia podyplomowe: Cyberbezpieczeństwo', TRUE);

INSERT INTO program_editions (id, program_id, edition_name, recruitment_start, recruitment_end, studies_start, studies_end, min_enrollment, max_enrollment, enrollment_fee, tuition_fee) VALUES
  ('ff05d78c-3ad4-4721-8c60-5d672a41bfb2', 'informatyka-st', '2025/2026 semestr zimowy', '2025-06-01', '2025-09-30', '2025-10-15', '2026-06-30', 15, 40, 100.0, 6000);

INSERT INTO program_editions (id, program_id, edition_name, recruitment_start, recruitment_end, studies_start, studies_end, min_enrollment, max_enrollment, enrollment_fee, tuition_fee) VALUES
  ('e9c2b3ce-6f67-4b76-bd95-ee1c7f08bbce', 'zarzadzanie-np', '2025/2026 semestr zimowy', '2025-06-01', '2025-09-30', '2025-10-15', '2026-06-30', 15, 40, 100.0, 5000);

INSERT INTO program_editions (id, program_id, edition_name, recruitment_start, recruitment_end, studies_start, studies_end, min_enrollment, max_enrollment, enrollment_fee, tuition_fee) VALUES
  ('612e641b-51c6-485d-a92b-be3f8c5cd2b4', 'cyberbezpieczenstwo', '2025/2026 semestr zimowy', '2025-06-01', '2025-09-30', '2025-10-15', '2026-06-30', 15, 40, 100.0, 7000);

INSERT INTO edition_required_documents (id, edition_id, doc_type, description, is_required) VALUES
  ('9b619a43-81fd-4512-b0d5-d9c1848aaf52', 'ff05d78c-3ad4-4721-8c60-5d672a41bfb2', 'diploma_scan', NULL, TRUE),
  ('3bb694bd-1723-49c6-acdc-95b0729fd701', 'ff05d78c-3ad4-4721-8c60-5d672a41bfb2', 'application_form', NULL, TRUE),
  ('9e0559f8-318d-453a-ae3e-8fc568269248', 'ff05d78c-3ad4-4721-8c60-5d672a41bfb2', 'enrollment_fee_proof', NULL, TRUE),
  ('d17db279-850e-4208-b6da-6f4c4fefcaeb', 'e9c2b3ce-6f67-4b76-bd95-ee1c7f08bbce', 'diploma_scan', NULL, TRUE),
  ('04dacc95-8de6-4014-8ec4-7074970b7613', 'e9c2b3ce-6f67-4b76-bd95-ee1c7f08bbce', 'application_form', NULL, TRUE),
  ('b9b84bfa-c5f3-447e-8d03-7192d3d1978c', 'e9c2b3ce-6f67-4b76-bd95-ee1c7f08bbce', 'enrollment_fee_proof', NULL, TRUE),
  ('714a6ca7-648f-4c2e-a932-9d13b161b25c', '612e641b-51c6-485d-a92b-be3f8c5cd2b4', 'diploma_scan', NULL, TRUE),
  ('35ca5f22-9f30-4739-a248-16263df05de4', '612e641b-51c6-485d-a92b-be3f8c5cd2b4', 'application_form', NULL, TRUE),
  ('a4b48766-a0f1-4622-8c3f-5224c1424ee4', '612e641b-51c6-485d-a92b-be3f8c5cd2b4', 'enrollment_fee_proof', NULL, TRUE);

INSERT INTO program_applications (id, user_id, edition_id, status, form_data, submitted_at) VALUES
  ('58a5d2a5-0b59-4caa-b328-71348971d2bd', '9ffe61cb-a17d-403b-bd12-758052f549b8', 'e9c2b3ce-6f67-4b76-bd95-ee1c7f08bbce', 'awaiting_payment', '{"work_experience": "Powyżej 2 lat", "weekend_availability": true}', '2026-01-25 04:34:23'),
  ('43b457f4-875d-468d-b54f-dd8d561d049d', 'de552093-9e6f-4473-8b98-d5164632adfe', 'ff05d78c-3ad4-4721-8c60-5d672a41bfb2', 'awaiting_enrollment_fee', '{"github_profile": "https://github.com/felusaleksander", "study_mode_confirm": true}', '2026-04-09 10:39:05'),
  ('7fd10656-c8c1-433d-86c1-6c380614e1f5', 'aa7f43d8-c452-411a-8a2a-8c23df18f015', '612e641b-51c6-485d-a92b-be3f8c5cd2b4', 'awaiting_enrollment_fee', '{}', '2026-01-14 14:47:31'),
  ('cb4c71da-6152-43a0-83fd-bc0f4d458ede', '56f1715f-f0a4-4d15-a009-b2127cb9e573', 'e9c2b3ce-6f67-4b76-bd95-ee1c7f08bbce', 'submitted', '{"work_experience": "Powyżej 2 lat", "weekend_availability": true}', '2026-02-25 10:08:55'),
  ('0d181b0a-4b08-417f-ab7a-55b5fdf4dbd8', '1753d6bc-4560-47c5-b20b-73657943a10e', '612e641b-51c6-485d-a92b-be3f8c5cd2b4', 'documents_verified', '{}', '2026-03-22 22:34:20'),
  ('ed5dc125-2336-44ff-98ca-ae0fc16be61b', '8921e100-d03c-49fe-ad77-2bc6be2ebf7c', 'ff05d78c-3ad4-4721-8c60-5d672a41bfb2', 'payment_confirmed', '{"github_profile": "https://github.com/wojtliwia", "study_mode_confirm": true}', '2026-03-26 08:25:52'),
  ('eeae1805-0498-4873-bba6-c94134a85acf', 'feef9804-e36a-4516-b9a1-79a28bc75668', 'ff05d78c-3ad4-4721-8c60-5d672a41bfb2', 'submitted', '{"github_profile": "https://github.com/zhamrol", "study_mode_confirm": true}', '2026-02-18 00:16:52'),
  ('ae66746a-17f7-4c01-a49f-7ec893303cd1', '5db71748-a773-4b90-85b0-b39e7c9a88d4', 'e9c2b3ce-6f67-4b76-bd95-ee1c7f08bbce', 'accepted', '{"work_experience": "Do 2 lat", "weekend_availability": true}', '2026-03-19 08:46:08'),
  ('ee17955b-345e-41d3-a0f1-5ac4251e0264', '4484cb05-21ca-432f-8535-6625d52e2439', 'ff05d78c-3ad4-4721-8c60-5d672a41bfb2', 'awaiting_enrollment_fee', '{"github_profile": "https://github.com/pikoranastazja", "study_mode_confirm": true}', '2026-03-31 11:11:45'),
  ('140e6e39-d600-4ed8-9f2d-b552600424cc', '54e1f1da-6c35-450f-a38f-465a2e4e6ddd', '612e641b-51c6-485d-a92b-be3f8c5cd2b4', 'documents_verified', '{}', '2026-02-03 01:52:51'),
  ('25c1142c-6ea8-49bc-a21c-d17ce2b74c46', 'cbcc0ac6-920b-4b07-a61e-7ed4d7ea2163', 'e9c2b3ce-6f67-4b76-bd95-ee1c7f08bbce', 'accepted', '{"work_experience": "Powyżej 2 lat", "weekend_availability": true}', '2026-01-18 19:03:57'),
  ('91756c26-bf89-4f78-8d80-c9e2fecf81ab', '7cd37841-0c64-4e6f-95f9-e5f707fda22a', '612e641b-51c6-485d-a92b-be3f8c5cd2b4', 'accepted', '{}', '2026-03-05 22:49:03'),
  ('785b4650-9940-42a6-b861-81d7e58e4b5d', '0b97d646-f568-498a-bbd2-f4ca394d77cf', 'ff05d78c-3ad4-4721-8c60-5d672a41bfb2', 'awaiting_enrollment_fee', '{"github_profile": "https://github.com/kurzkalina", "study_mode_confirm": true}', '2026-03-24 20:14:56'),
  ('5d3336ea-040a-44ac-a484-abb13b63d45f', '679a6a51-d832-419e-8285-034a622667e8', 'ff05d78c-3ad4-4721-8c60-5d672a41bfb2', 'documents_incomplete', '{"github_profile": "https://github.com/maurycygolan", "study_mode_confirm": true}', '2026-01-31 21:26:25'),
  ('2f49400b-7be8-4bc2-b5af-be1dc6211920', 'ac2eae8f-df75-42dd-a813-daab360be9c7', 'e9c2b3ce-6f67-4b76-bd95-ee1c7f08bbce', 'awaiting_enrollment_fee', '{"work_experience": "Do 2 lat", "weekend_availability": true}', '2026-02-02 22:30:15'),
  ('ca7f745a-e284-4395-b88c-4b116572b9eb', '05a47602-8e04-449a-9ad0-5a621c1d0a97', 'e9c2b3ce-6f67-4b76-bd95-ee1c7f08bbce', 'draft', '{"work_experience": "Brak", "weekend_availability": true}', NULL),
  ('4fc37961-0c19-4bc7-9df9-41f75db040ff', 'e63f06ad-24c3-46bf-b897-72ed21e32be7', 'ff05d78c-3ad4-4721-8c60-5d672a41bfb2', 'awaiting_payment', '{"github_profile": "https://github.com/oleszkomalwina", "study_mode_confirm": true}', '2026-03-14 14:33:34'),
  ('02561354-e338-464d-9ec4-704c92561e4a', '51b39c8e-6a4d-4acd-bc3b-92949c8c782e', 'ff05d78c-3ad4-4721-8c60-5d672a41bfb2', 'documents_incomplete', '{"github_profile": "https://github.com/milosz79", "study_mode_confirm": true}', '2026-03-16 16:24:52'),
  ('b4fea8ee-5617-4d74-a1e5-f571fe4a0191', '83cfd760-60d6-400e-8536-5e4ea49be0c7', '612e641b-51c6-485d-a92b-be3f8c5cd2b4', 'draft', '{}', NULL),
  ('c3a36135-5533-4612-aa3f-6365670af0fe', '21132ffe-1545-43fb-8de2-c7a5b1ff1279', 'ff05d78c-3ad4-4721-8c60-5d672a41bfb2', 'accepted', '{"github_profile": "https://github.com/freitagmarcelina", "study_mode_confirm": true}', '2026-03-24 06:45:10'),
  ('9713783c-a3e0-471e-82f7-137d501b3cff', 'fea9a616-5127-46fe-a79a-e98ac01f0a37', 'ff05d78c-3ad4-4721-8c60-5d672a41bfb2', 'awaiting_payment', '{"github_profile": "https://github.com/olgabareja", "study_mode_confirm": true}', '2026-03-26 15:57:16'),
  ('3d70493f-6432-4387-8ed7-736d393b5777', 'dcf05ceb-45a2-4a2e-90be-f205d412be30', 'e9c2b3ce-6f67-4b76-bd95-ee1c7f08bbce', 'payment_confirmed', '{"work_experience": "Do 2 lat", "weekend_availability": true}', '2026-03-28 09:57:10'),
  ('297e7674-1608-497d-9134-ed00486e2b2e', '18638198-8f59-4ca7-9d5c-5083a6b52e82', 'ff05d78c-3ad4-4721-8c60-5d672a41bfb2', 'enrollment_fee_paid', '{"github_profile": "https://github.com/marcelina01", "study_mode_confirm": true}', '2026-04-05 08:18:41'),
  ('04e39c10-3072-4b59-adc7-e3afe7e24a36', 'c8d8e6e8-4993-48ff-97c4-24fae15f2ca2', 'e9c2b3ce-6f67-4b76-bd95-ee1c7f08bbce', 'enrollment_fee_paid', '{"work_experience": "Powyżej 2 lat", "weekend_availability": true}', '2026-02-17 02:16:56'),
  ('6b901e84-2d8a-41d3-910b-ef7e6ec5dc55', '79f76230-b2ac-455d-bbdf-540f758f823f', '612e641b-51c6-485d-a92b-be3f8c5cd2b4', 'submitted', '{}', '2026-04-07 11:18:06'),
  ('da018d52-5013-4ea3-93de-8601e00690f2', '0f2bbaff-1801-4be2-aa2e-a2c47ec1530e', 'ff05d78c-3ad4-4721-8c60-5d672a41bfb2', 'documents_incomplete', '{"github_profile": "https://github.com/liwia04", "study_mode_confirm": true}', '2026-03-18 19:00:51'),
  ('affe7089-66bc-4353-89db-d78284bede3f', '4e766eb0-6526-4e89-9f41-bac1426da30f', 'ff05d78c-3ad4-4721-8c60-5d672a41bfb2', 'draft', '{"github_profile": "https://github.com/rzoladkiewicz", "study_mode_confirm": true}', NULL),
  ('1649fcc1-438a-4465-a493-6e6be892bdec', '5ef237ce-6d64-4a18-9d79-6fdfed400e5b', '612e641b-51c6-485d-a92b-be3f8c5cd2b4', 'submitted', '{}', '2026-03-19 12:02:04'),
  ('a8ca1aae-3764-4894-a803-c3cac6885b51', '04738d7c-f02e-41b5-adca-78b37df1bdee', 'e9c2b3ce-6f67-4b76-bd95-ee1c7f08bbce', 'payment_confirmed', '{"work_experience": "Powyżej 2 lat", "weekend_availability": true}', '2026-03-11 04:40:47'),
  ('24db4db6-018b-4df2-9b27-4ead144156cb', '221779f9-0f2e-4bbd-83cf-72e537ca3310', 'e9c2b3ce-6f67-4b76-bd95-ee1c7f08bbce', 'payment_confirmed', '{"work_experience": "Powyżej 2 lat", "weekend_availability": true}', '2026-03-04 09:24:50'),
  ('2fc2cb12-28a8-4e43-869e-5879acb8b2c0', 'a9e7f5ed-809a-4d10-8520-fd6247f9c9d5', 'e9c2b3ce-6f67-4b76-bd95-ee1c7f08bbce', 'awaiting_payment', '{"work_experience": "Do 2 lat", "weekend_availability": true}', '2026-03-07 13:49:48'),
  ('e81b40d0-a436-4015-9473-de381f7ab135', '70422071-7f1f-4752-b648-a2009726b238', 'ff05d78c-3ad4-4721-8c60-5d672a41bfb2', 'accepted', '{"github_profile": "https://github.com/maksymilianarendarczyk", "study_mode_confirm": true}', '2026-03-28 20:43:05'),
  ('9cfb5771-bd87-4d50-9f3b-5214b13c8478', 'e72652ed-898b-4892-89ca-ebf2b342f00b', 'ff05d78c-3ad4-4721-8c60-5d672a41bfb2', 'enrollment_fee_paid', '{"github_profile": "https://github.com/adam85", "study_mode_confirm": true}', '2026-04-06 05:58:17'),
  ('bf61e913-dcfc-4952-bc68-d21f6b4d542d', '72c15dcc-a6d7-49c3-b6fe-962c17f8580b', 'e9c2b3ce-6f67-4b76-bd95-ee1c7f08bbce', 'submitted', '{"work_experience": "Do 2 lat", "weekend_availability": true}', '2026-04-06 22:35:13'),
  ('4b2c7417-2aba-48cd-bd5f-1483bfc32b40', '017606c7-a31f-4184-8383-a78639365646', '612e641b-51c6-485d-a92b-be3f8c5cd2b4', 'payment_confirmed', '{}', '2026-01-15 17:35:53'),
  ('799795c4-096f-4e03-86cc-b81aa964efea', '1722ebb0-95ed-4662-8dfa-84673f1951d6', '612e641b-51c6-485d-a92b-be3f8c5cd2b4', 'awaiting_enrollment_fee', '{}', '2026-01-21 12:01:09'),
  ('a52c9e2d-8aef-4aa1-8cb5-fa9de8160209', 'a950e985-5250-4891-9888-6d80ac301b3c', 'ff05d78c-3ad4-4721-8c60-5d672a41bfb2', 'documents_verified', '{"github_profile": "https://github.com/roksana90", "study_mode_confirm": true}', '2026-02-16 21:47:54'),
  ('6e6e95d0-555d-4cd3-bb4c-cc741712f28d', 'a6630205-433d-4123-bda3-da239e003d34', 'e9c2b3ce-6f67-4b76-bd95-ee1c7f08bbce', 'draft', '{"work_experience": "Brak", "weekend_availability": true}', NULL),
  ('5bed9e4f-72e4-416c-8a14-bfd7e7b472ba', '576001a5-bda8-41c9-8fc6-08a5524c0044', 'ff05d78c-3ad4-4721-8c60-5d672a41bfb2', 'awaiting_enrollment_fee', '{"github_profile": "https://github.com/tymoteusz81", "study_mode_confirm": true}', '2026-02-15 05:17:28'),
  ('a4b987f5-e096-41f9-954d-fbfea1738510', '5d254f56-b33d-4a01-9605-66253a60bd8d', 'ff05d78c-3ad4-4721-8c60-5d672a41bfb2', 'documents_incomplete', '{"github_profile": "https://github.com/sebastianherba", "study_mode_confirm": true}', '2026-03-06 04:06:35'),
  ('36d7a041-3c0f-4e0b-b7e9-3bdeaa149003', 'cb6ccedf-5dbb-47a3-9b75-b6d47c652304', 'e9c2b3ce-6f67-4b76-bd95-ee1c7f08bbce', 'awaiting_enrollment_fee', '{"work_experience": "Do 2 lat", "weekend_availability": true}', '2026-02-02 21:30:11'),
  ('1c1157f2-5400-4a05-9f9e-f974dfb91589', '58a14aa9-95e7-4552-a6a8-e9a48267c588', 'ff05d78c-3ad4-4721-8c60-5d672a41bfb2', 'draft', '{"github_profile": "https://github.com/kolonkomalwina", "study_mode_confirm": true}', NULL),
  ('7433aea5-9520-49a5-ae6d-150aeb46db3e', '37625d8d-7f13-42bb-977b-f9106da2819b', 'e9c2b3ce-6f67-4b76-bd95-ee1c7f08bbce', 'awaiting_payment', '{"work_experience": "Brak", "weekend_availability": true}', '2026-03-23 07:40:07'),
  ('713cff56-668b-42b2-825e-8388f81a6572', 'e6a2c1ac-0f88-40bb-9f1c-c951d52b26d4', 'ff05d78c-3ad4-4721-8c60-5d672a41bfb2', 'awaiting_payment', '{"github_profile": "https://github.com/arturfilek", "study_mode_confirm": true}', '2026-04-11 21:49:18'),
  ('0c78544c-c9d1-4a13-8d02-dbe1d45260ad', '65f62333-1419-4b89-8f87-c2c2e4843bf2', '612e641b-51c6-485d-a92b-be3f8c5cd2b4', 'documents_verified', '{}', '2026-02-13 23:19:34'),
  ('0eebadec-00c7-4778-810d-3f89bd8791ef', '05886ba8-b461-4d05-80ff-29b09d19c7a2', '612e641b-51c6-485d-a92b-be3f8c5cd2b4', 'accepted', '{}', '2026-04-07 21:47:03'),
  ('7db25391-8669-4e1f-bfd1-6261c53346e3', '66fab0f9-daad-42b1-8152-279400d0fac6', '612e641b-51c6-485d-a92b-be3f8c5cd2b4', 'enrollment_fee_paid', '{}', '2026-02-05 16:26:15'),
  ('262015f3-a1d0-48e0-8de7-6b595c704d55', 'e31e8b39-11e4-442f-8643-881a98c9c3dc', 'ff05d78c-3ad4-4721-8c60-5d672a41bfb2', 'awaiting_payment', '{"github_profile": "https://github.com/dperczak", "study_mode_confirm": true}', '2026-02-28 14:50:32'),
  ('c4f4647c-d9ae-4ee9-a600-6ad0f529ebb4', 'd2d7e0ba-6f2f-48bc-95b0-ed5eb870ae84', '612e641b-51c6-485d-a92b-be3f8c5cd2b4', 'draft', '{}', NULL),
  ('e1e24dd2-d535-43d5-9f83-89a3c8c164e5', '0a645256-2eaf-4d8b-b06b-034c1cd83ada', 'e9c2b3ce-6f67-4b76-bd95-ee1c7f08bbce', 'draft', '{"work_experience": "Do 2 lat", "weekend_availability": true}', NULL),
  ('1962e1c1-b336-4f8f-8ca6-ce8de487e84a', '9a1a730e-1167-4e5a-a596-9a2dedc44e31', 'ff05d78c-3ad4-4721-8c60-5d672a41bfb2', 'enrollment_fee_paid', '{"github_profile": "https://github.com/mieszko77", "study_mode_confirm": true}', '2026-01-16 21:06:34'),
  ('476739fd-b6b7-4de0-abeb-36b0d21388ef', '2e4c65a1-082d-4d99-8491-6d0e5880aab4', '612e641b-51c6-485d-a92b-be3f8c5cd2b4', 'awaiting_payment', '{}', '2026-02-28 09:54:43'),
  ('66b47d0f-8485-4347-93bb-a21ba0f08057', '76a6684e-e797-4178-9ceb-2f3e871a1d34', '612e641b-51c6-485d-a92b-be3f8c5cd2b4', 'awaiting_payment', '{}', '2026-03-02 20:42:28'),
  ('36840430-ca01-4e9a-bb53-2c7edd0990c8', '8e8a5f44-b74c-449f-9d61-494d8e4b08ee', '612e641b-51c6-485d-a92b-be3f8c5cd2b4', 'awaiting_payment', '{}', '2026-04-01 06:27:47'),
  ('58c43f13-8b42-4966-9f15-1cff901e32b6', 'e33b490c-ab7d-44b5-9850-c2d6060d760e', 'e9c2b3ce-6f67-4b76-bd95-ee1c7f08bbce', 'submitted', '{"work_experience": "Do 2 lat", "weekend_availability": true}', '2026-01-22 15:22:56'),
  ('b64b9c04-fcdb-438c-b784-2e6a9e634771', '1c9dff90-170a-4241-8862-f904d802a05c', 'ff05d78c-3ad4-4721-8c60-5d672a41bfb2', 'enrollment_fee_paid', '{"github_profile": "https://github.com/aniela95", "study_mode_confirm": true}', '2026-02-25 09:00:35'),
  ('59f82044-228e-442d-9f8c-938cc2230249', '5bffba72-1391-46f1-9455-e4ef86d598f0', 'ff05d78c-3ad4-4721-8c60-5d672a41bfb2', 'payment_confirmed', '{"github_profile": "https://github.com/kuliszroza", "study_mode_confirm": true}', '2026-03-29 09:21:34'),
  ('a4925733-ee77-444d-9b2e-a228d2e1b246', '86a7c878-972a-444e-96a3-ec3b0100d6bd', '612e641b-51c6-485d-a92b-be3f8c5cd2b4', 'enrollment_fee_paid', '{}', '2026-01-19 04:53:33'),
  ('a23eb998-8970-489c-a2af-0c70d5e35fa7', '2178401d-6c0c-4658-b709-93665bbdb49c', 'ff05d78c-3ad4-4721-8c60-5d672a41bfb2', 'awaiting_payment', '{"github_profile": "https://github.com/lwladyka", "study_mode_confirm": true}', '2026-01-18 12:15:33'),
  ('7b058ecb-0028-46b6-8373-0e724aab8c36', '710af460-ec6c-451e-ae8b-5d84c4e9ed89', 'ff05d78c-3ad4-4721-8c60-5d672a41bfb2', 'documents_verified', '{"github_profile": "https://github.com/gieronleon", "study_mode_confirm": true}', '2026-02-07 17:24:20'),
  ('a5b52bd6-43be-44aa-9c36-de19bc8d91d6', 'eeede2d5-47a6-49f8-bcbf-054446e85a1f', 'e9c2b3ce-6f67-4b76-bd95-ee1c7f08bbce', 'awaiting_payment', '{"work_experience": "Powyżej 2 lat", "weekend_availability": true}', '2026-02-06 12:26:30'),
  ('0060bb2f-797b-46b2-9f62-c28a06150a2e', '8cda3412-6749-493e-ab35-1310d709159b', 'ff05d78c-3ad4-4721-8c60-5d672a41bfb2', 'awaiting_payment', '{"github_profile": "https://github.com/soniakrysik", "study_mode_confirm": true}', '2026-01-21 14:29:05'),
  ('27092075-ebbd-474f-b4af-34a878c6e990', '60a87ed1-6801-4ad7-a41a-89641cff6e05', 'e9c2b3ce-6f67-4b76-bd95-ee1c7f08bbce', 'enrollment_fee_paid', '{"work_experience": "Brak", "weekend_availability": true}', '2026-04-05 16:19:49'),
  ('f94c9d09-4cdf-471c-8a51-b92acc6002e3', '58b66ee6-348f-4074-97a2-5d0ff3a90186', 'e9c2b3ce-6f67-4b76-bd95-ee1c7f08bbce', 'documents_incomplete', '{"work_experience": "Brak", "weekend_availability": true}', '2026-01-30 13:23:59'),
  ('9d7088a4-ea1a-46e4-badd-d3fd84912177', '3dccd5a5-108c-457b-bcb6-164f49c98e0f', '612e641b-51c6-485d-a92b-be3f8c5cd2b4', 'submitted', '{}', '2026-03-02 06:44:19'),
  ('72d45581-5ca1-488f-8618-57229f33799e', '8127d934-4ee4-4b26-b08c-98cdf09b995a', '612e641b-51c6-485d-a92b-be3f8c5cd2b4', 'accepted', '{}', '2026-03-12 15:06:29'),
  ('e59340ba-c157-475b-9486-206b5df11277', 'b482fb0a-2eab-4226-b106-e69b5ff95b4a', 'ff05d78c-3ad4-4721-8c60-5d672a41bfb2', 'enrollment_fee_paid', '{"github_profile": "https://github.com/urszula82", "study_mode_confirm": true}', '2026-01-12 22:19:14'),
  ('0c3b76cb-0ab9-489d-8084-77330ac0110d', '094e1ec3-f030-4870-8aa7-1fc241b0c184', 'e9c2b3ce-6f67-4b76-bd95-ee1c7f08bbce', 'documents_incomplete', '{"work_experience": "Brak", "weekend_availability": true}', '2026-02-25 17:43:37'),
  ('904e4c86-50f9-4ec4-b2bd-080c3efa535d', '63a7436e-2cd4-4a97-b11a-7c544bbef423', 'ff05d78c-3ad4-4721-8c60-5d672a41bfb2', 'documents_incomplete', '{"github_profile": "https://github.com/vlada", "study_mode_confirm": true}', '2026-02-13 09:19:07'),
  ('5d00679b-0705-4b24-8211-5471cea4cb27', 'a4ff6ef0-cbf3-498d-b47c-3613b29b09fc', 'e9c2b3ce-6f67-4b76-bd95-ee1c7f08bbce', 'documents_verified', '{"work_experience": "Brak", "weekend_availability": true}', '2026-03-14 07:40:20'),
  ('59488cd5-f2de-451c-b0e6-7b42c661e110', 'f0b6c977-030c-4db9-b498-4f660e4453f8', '612e641b-51c6-485d-a92b-be3f8c5cd2b4', 'documents_incomplete', '{}', '2026-01-12 19:30:21'),
  ('27760013-edab-47df-a5e0-b00b1d1d9fac', 'f60884eb-266d-4b3a-a32c-ec3e4765953d', '612e641b-51c6-485d-a92b-be3f8c5cd2b4', 'submitted', '{}', '2026-02-08 00:43:55'),
  ('acdb0fe8-c4e9-474b-9c93-dfa89d14a4b8', 'f2a1dbe1-5050-4588-8055-d35c5b9d7dd7', 'ff05d78c-3ad4-4721-8c60-5d672a41bfb2', 'payment_confirmed', '{"github_profile": "https://github.com/galikjerzy", "study_mode_confirm": true}', '2026-01-29 01:59:30'),
  ('9506fe5c-03df-469c-be14-c7941581ac60', '85e1044a-9a3a-45dc-a619-26d340c13111', 'e9c2b3ce-6f67-4b76-bd95-ee1c7f08bbce', 'payment_confirmed', '{"work_experience": "Powyżej 2 lat", "weekend_availability": true}', '2026-04-01 19:01:02'),
  ('ae8ffd05-1def-4466-8b61-676abf3cf561', 'ddad9a3a-5690-4719-a740-7402c4a22a57', '612e641b-51c6-485d-a92b-be3f8c5cd2b4', 'enrollment_fee_paid', '{}', '2026-03-02 04:15:07'),
  ('8a35bd08-ccc3-4a35-9adb-66f2b3897376', '07adfe69-502e-4fae-bbee-cd7703f2adb3', '612e641b-51c6-485d-a92b-be3f8c5cd2b4', 'enrollment_fee_paid', '{}', '2026-03-14 07:38:35'),
  ('01016b74-b46d-4394-893c-a42b3d27a891', 'df30817a-16e0-409e-9c18-aee961a27a26', 'ff05d78c-3ad4-4721-8c60-5d672a41bfb2', 'payment_confirmed', '{"github_profile": "https://github.com/vciesielka", "study_mode_confirm": true}', '2026-02-12 08:05:58'),
  ('97797d51-010d-4a89-80ce-2f8ec453924e', '6d7b42c0-a4d6-4204-a312-9cdd7b2e4066', 'ff05d78c-3ad4-4721-8c60-5d672a41bfb2', 'payment_confirmed', '{"github_profile": "https://github.com/ada98", "study_mode_confirm": true}', '2026-03-15 09:28:52'),
  ('c8a4260d-0ad8-4bd7-8e44-a4d63d4d7b0c', 'a143ee0d-e1f6-41af-8cc8-385dc04bc39e', 'e9c2b3ce-6f67-4b76-bd95-ee1c7f08bbce', 'awaiting_enrollment_fee', '{"work_experience": "Do 2 lat", "weekend_availability": true}', '2026-04-02 11:14:10'),
  ('be33974b-30cf-440a-b2bf-fce1ce0a14c4', '1e4d6209-8a5f-4cfb-8afc-342ac4368b94', '612e641b-51c6-485d-a92b-be3f8c5cd2b4', 'draft', '{}', NULL),
  ('784a7376-ed5a-4eea-a477-601d3cf4e447', 'bf565e8d-59e0-4519-bfb3-224d0d4dcda7', 'e9c2b3ce-6f67-4b76-bd95-ee1c7f08bbce', 'accepted', '{"work_experience": "Brak", "weekend_availability": true}', '2026-03-04 23:28:24'),
  ('39cccae3-dcb4-4147-92db-37254230057b', '25a639a4-3d17-44bd-ae3f-dfcd763a6257', 'e9c2b3ce-6f67-4b76-bd95-ee1c7f08bbce', 'payment_confirmed', '{"work_experience": "Do 2 lat", "weekend_availability": true}', '2026-02-22 22:58:15'),
  ('f1fb0139-30b7-4906-8f89-f1e614aa779b', 'e377f19d-3d9a-429c-8a61-f7668c496bfd', 'ff05d78c-3ad4-4721-8c60-5d672a41bfb2', 'draft', '{"github_profile": "https://github.com/kciuba", "study_mode_confirm": true}', NULL),
  ('32931c1a-ef51-44c1-8c8c-75e5d8faa05a', '6c51805e-1357-4861-96ee-f3156fda0ef7', 'e9c2b3ce-6f67-4b76-bd95-ee1c7f08bbce', 'awaiting_enrollment_fee', '{"work_experience": "Brak", "weekend_availability": true}', '2026-01-23 12:55:27'),
  ('71631247-4f6a-4d81-a588-677fdf4fbc86', '896633cd-1ae1-4a6f-86be-477a2dfe4cfa', '612e641b-51c6-485d-a92b-be3f8c5cd2b4', 'submitted', '{}', '2026-04-07 22:35:49'),
  ('6c00ba61-5e70-425e-bb23-889d10b01b6b', 'c72b23e8-9915-4ea1-bb82-acca2d6511f9', '612e641b-51c6-485d-a92b-be3f8c5cd2b4', 'accepted', '{}', '2026-03-28 08:45:48'),
  ('8932d373-e9c8-4024-9f76-ef995d0c24e4', '426793a2-de12-4ad1-b574-5434ae0eec90', 'e9c2b3ce-6f67-4b76-bd95-ee1c7f08bbce', 'payment_confirmed', '{"work_experience": "Powyżej 2 lat", "weekend_availability": true}', '2026-02-09 11:38:01'),
  ('87e86a62-7f31-4b7c-85c8-07b2438d58f9', 'c3f9389d-4de8-4d56-b225-2137a1e1de75', '612e641b-51c6-485d-a92b-be3f8c5cd2b4', 'draft', '{}', NULL),
  ('1ec73301-dc89-412d-8cfd-339c7f4989d3', '5b560a74-6a53-492f-8fcf-cbf588253dd1', 'e9c2b3ce-6f67-4b76-bd95-ee1c7f08bbce', 'documents_verified', '{"work_experience": "Do 2 lat", "weekend_availability": true}', '2026-01-27 09:37:30'),
  ('f54c5de6-2607-4cf1-89d3-8bbaf06109a6', '3b6cf26c-091d-40ec-9470-45f4fc830263', '612e641b-51c6-485d-a92b-be3f8c5cd2b4', 'payment_confirmed', '{}', '2026-03-28 08:34:32'),
  ('2d034a6f-d238-46d1-89ba-2a039c8c1166', 'd329d91b-107d-4faa-b68f-d520dac76ff5', '612e641b-51c6-485d-a92b-be3f8c5cd2b4', 'documents_incomplete', '{}', '2026-02-04 23:18:35'),
  ('ca13498d-d607-4003-8381-8a1ec5aa4860', '3af6144b-6bc1-4621-a950-66a75ff6fbab', 'ff05d78c-3ad4-4721-8c60-5d672a41bfb2', 'payment_confirmed', '{"github_profile": "https://github.com/sdoroszkiewicz", "study_mode_confirm": true}', '2026-02-01 17:53:19'),
  ('d3902a4d-aabc-41f6-bec7-80568de4aa9a', '1b08c402-5176-464a-b3d6-3da42d498738', 'ff05d78c-3ad4-4721-8c60-5d672a41bfb2', 'enrollment_fee_paid', '{"github_profile": "https://github.com/kochelmaks", "study_mode_confirm": true}', '2026-03-26 11:05:43'),
  ('d5fd48a7-4f0f-41a7-a9c1-4394eb9ae5d7', 'a54368d2-5c6e-4556-a574-2e72e2db67da', '612e641b-51c6-485d-a92b-be3f8c5cd2b4', 'submitted', '{}', '2026-02-07 08:06:24'),
  ('9d69b006-1e41-4733-90a7-aadc3c40c625', '27e9165b-284d-4e62-bc9d-30ba273f0574', '612e641b-51c6-485d-a92b-be3f8c5cd2b4', 'documents_incomplete', '{}', '2026-02-23 23:50:03'),
  ('cfff0de9-93c6-40dc-afe9-47cf91462d4c', '34d6107c-b56d-47a7-881f-4958f3a1e1bb', 'ff05d78c-3ad4-4721-8c60-5d672a41bfb2', 'documents_verified', '{"github_profile": "https://github.com/julitasuchon", "study_mode_confirm": true}', '2026-01-26 21:06:09'),
  ('b6583813-b725-4273-ae17-9db991657dc4', '3d08aa84-9418-4166-8377-5fc912556c8b', '612e641b-51c6-485d-a92b-be3f8c5cd2b4', 'payment_confirmed', '{}', '2026-01-28 10:11:34'),
  ('aab7eab5-3204-4df7-a4d3-6a99f0f1b8e9', '937891af-b31c-46b3-b10a-3cd14cfff79e', 'e9c2b3ce-6f67-4b76-bd95-ee1c7f08bbce', 'accepted', '{"work_experience": "Powyżej 2 lat", "weekend_availability": true}', '2026-01-27 18:03:55'),
  ('e8b02032-5b6e-4b7b-9c89-83b2cbfc80be', '3c8ae4a1-25a2-4b6c-8c4d-5b68eac3e3ec', '612e641b-51c6-485d-a92b-be3f8c5cd2b4', 'documents_incomplete', '{}', '2026-04-02 05:13:59'),
  ('8b007d74-bc6a-40a4-81e7-a6a6b406b684', 'eb923d46-dfc3-4a85-9339-dbfeb66a5f0f', 'e9c2b3ce-6f67-4b76-bd95-ee1c7f08bbce', 'enrollment_fee_paid', '{"work_experience": "Do 2 lat", "weekend_availability": true}', '2026-03-20 11:28:01'),
  ('7238ab12-8db4-4898-95a0-6b285d53b64a', 'de659de9-8a31-43ca-92c9-3bb023c90654', 'e9c2b3ce-6f67-4b76-bd95-ee1c7f08bbce', 'awaiting_payment', '{"work_experience": "Do 2 lat", "weekend_availability": true}', '2026-03-18 23:55:39'),
  ('0cfb1b17-861e-4f79-80d4-35820553c450', 'b1ac32c0-79ca-4cc9-b665-3ca72d2ed9a0', '612e641b-51c6-485d-a92b-be3f8c5cd2b4', 'draft', '{}', NULL),
  ('4175cb3c-6337-4771-b010-b69fd38c9c51', 'd1729cbd-e8ec-4e3c-86d3-cfc96804b23b', '612e641b-51c6-485d-a92b-be3f8c5cd2b4', 'enrollment_fee_paid', '{}', '2026-04-08 13:34:42'),
  ('09ba1f16-be3a-4162-a309-16caaac7f878', 'c24789c2-8125-4482-9f0a-dcbe630d244c', 'ff05d78c-3ad4-4721-8c60-5d672a41bfb2', 'enrollment_fee_paid', '{"github_profile": "https://github.com/miloszfleszar", "study_mode_confirm": true}', '2026-03-16 10:10:13'),
  ('7000e815-bcfc-455c-8a5b-6077c5154a67', '664551ef-04b2-46ed-adbb-2c84f949c711', 'ff05d78c-3ad4-4721-8c60-5d672a41bfb2', 'accepted', '{"github_profile": "https://github.com/januchtaaurelia", "study_mode_confirm": true}', '2026-01-22 01:53:08'),
  ('87798a80-5a38-4b38-885e-f907f48660fc', '749eb00e-3e51-4c6c-9927-214f27ea6f80', '612e641b-51c6-485d-a92b-be3f8c5cd2b4', 'awaiting_payment', '{}', '2026-01-23 00:09:11'),
  ('593852cc-5034-40be-b9f3-f99478c18039', 'c906176d-d817-463c-b95e-e0414ad91872', 'e9c2b3ce-6f67-4b76-bd95-ee1c7f08bbce', 'awaiting_enrollment_fee', '{"work_experience": "Powyżej 2 lat", "weekend_availability": true}', '2026-02-22 12:47:36'),
  ('1faa220c-a1fe-4663-8053-b32dd889fd19', 'a54c6f05-2252-48e8-87af-d488c65b68c6', '612e641b-51c6-485d-a92b-be3f8c5cd2b4', 'documents_incomplete', '{}', '2026-02-05 00:14:28'),
  ('ec38fbb6-f985-40ae-b80f-517dcf96ae63', '3ab0243f-aa4f-496d-8f7a-c04babed44bc', 'e9c2b3ce-6f67-4b76-bd95-ee1c7f08bbce', 'submitted', '{"work_experience": "Powyżej 2 lat", "weekend_availability": true}', '2026-02-15 14:50:49'),
  ('99ca9fa2-3ec5-4fb1-88ab-ef403f8efbbc', '96cc43ad-530e-4de2-8293-8b41e744080a', '612e641b-51c6-485d-a92b-be3f8c5cd2b4', 'documents_incomplete', '{}', '2026-01-28 15:21:24'),
  ('12727a40-4720-4349-8b08-2c9de8a6ea29', '1beb0aca-62e5-4b31-967d-91a652e40f21', 'e9c2b3ce-6f67-4b76-bd95-ee1c7f08bbce', 'awaiting_enrollment_fee', '{"work_experience": "Powyżej 2 lat", "weekend_availability": true}', '2026-01-30 15:29:42'),
  ('5271df8e-d9b3-4e3e-b8aa-94421b3483b5', '00ce4d5a-e98f-42d4-b9d4-3c12970662f1', '612e641b-51c6-485d-a92b-be3f8c5cd2b4', 'awaiting_payment', '{}', '2026-03-06 08:08:19'),
  ('f50171fe-3db0-47c1-9263-42934b11c58d', 'ccf74bce-2fa2-4701-b7c9-d6682e13cdd6', 'ff05d78c-3ad4-4721-8c60-5d672a41bfb2', 'submitted', '{"github_profile": "https://github.com/walaszekalex", "study_mode_confirm": true}', '2026-03-20 09:11:28'),
  ('7ed70a13-2dea-401f-9380-c3e9de506bf4', '71056595-dae9-46cc-89a7-3943c3f056da', 'e9c2b3ce-6f67-4b76-bd95-ee1c7f08bbce', 'accepted', '{"work_experience": "Do 2 lat", "weekend_availability": true}', '2026-02-13 02:40:12'),
  ('2046364b-5e1c-4d83-a576-487197417d20', '127f7e23-eebe-45f9-af48-91df12a4417a', '612e641b-51c6-485d-a92b-be3f8c5cd2b4', 'enrollment_fee_paid', '{}', '2026-01-25 02:11:01'),
  ('51e03fd6-6943-4434-a270-66c42314dc24', '03f057a8-65ab-49ce-a9ec-5f8bf77674b6', 'ff05d78c-3ad4-4721-8c60-5d672a41bfb2', 'accepted', '{"github_profile": "https://github.com/kkieloch", "study_mode_confirm": true}', '2026-02-15 22:24:12'),
  ('10191075-d285-4c97-8b37-df772cd274b6', '299cec35-a0b0-4910-84ac-95a883b038f4', 'ff05d78c-3ad4-4721-8c60-5d672a41bfb2', 'awaiting_payment', '{"github_profile": "https://github.com/marcel06", "study_mode_confirm": true}', '2026-03-03 12:55:36'),
  ('fe5e919b-6ca7-479e-aa0c-0d1df4d3c19d', '250b4341-79c7-4971-bd67-6bc1e0dce009', '612e641b-51c6-485d-a92b-be3f8c5cd2b4', 'enrollment_fee_paid', '{}', '2026-04-11 02:59:47'),
  ('89161e66-75d9-4306-a3a6-f9b8e6f944af', '229c0323-2395-4585-8809-eead83f17dc0', 'ff05d78c-3ad4-4721-8c60-5d672a41bfb2', 'enrollment_fee_paid', '{"github_profile": "https://github.com/rozagregorowicz", "study_mode_confirm": true}', '2026-02-28 05:10:27'),
  ('d5756afe-f1a9-4a50-a585-5621ba4183a7', '899a644b-f5e8-4c8b-a7ed-ef22b876cb58', 'e9c2b3ce-6f67-4b76-bd95-ee1c7f08bbce', 'documents_incomplete', '{"work_experience": "Brak", "weekend_availability": true}', '2026-01-25 21:04:44'),
  ('a9c79497-8d51-4ff2-9592-1d7725801f2e', '9b446262-65ea-4b67-ac02-1930f8cbdb82', 'e9c2b3ce-6f67-4b76-bd95-ee1c7f08bbce', 'payment_confirmed', '{"work_experience": "Brak", "weekend_availability": true}', '2026-01-11 03:27:18'),
  ('a14b590b-5e1c-4cc7-bc6e-7af02f8b6bcb', 'd181b7f7-2977-42a5-abcd-f4eb23e07373', 'ff05d78c-3ad4-4721-8c60-5d672a41bfb2', 'documents_incomplete', '{"github_profile": "https://github.com/gustaw74", "study_mode_confirm": true}', '2026-03-23 10:15:59'),
  ('6c8677be-3f9c-43ba-bf88-3e2ff5340997', 'fe992458-d3b6-4a7b-a9ef-943a6bcd747d', 'ff05d78c-3ad4-4721-8c60-5d672a41bfb2', 'submitted', '{"github_profile": "https://github.com/sylwiaklus", "study_mode_confirm": true}', '2026-03-24 22:46:21'),
  ('6946a0ff-8a31-433c-ac7e-f56c218b3179', 'dd272a35-0289-4302-9516-8d7db0f0f637', 'e9c2b3ce-6f67-4b76-bd95-ee1c7f08bbce', 'submitted', '{"work_experience": "Powyżej 2 lat", "weekend_availability": true}', '2026-04-08 18:38:02'),
  ('1227db70-2651-4d15-bb76-a9ef712008ad', '596eb1d1-85b0-41bb-acc7-8ca9905c4f09', '612e641b-51c6-485d-a92b-be3f8c5cd2b4', 'accepted', '{}', '2026-04-10 06:32:41'),
  ('bfba04cd-1f45-425a-8e59-2d3a26c6d59a', 'b3a9b210-b5e1-47cd-9d6f-e464685c31cc', 'ff05d78c-3ad4-4721-8c60-5d672a41bfb2', 'enrollment_fee_paid', '{"github_profile": "https://github.com/kamil70", "study_mode_confirm": true}', '2026-02-22 15:37:45'),
  ('d6920977-c916-4832-89f7-c56bc55b014a', '1912b7a0-5be5-4ffc-ac61-5921c7c6d18f', '612e641b-51c6-485d-a92b-be3f8c5cd2b4', 'documents_incomplete', '{}', '2026-01-24 06:19:42'),
  ('812e108c-a7be-4200-8887-e72abfa842af', 'c206f385-da77-4024-8b04-9c8778caa654', '612e641b-51c6-485d-a92b-be3f8c5cd2b4', 'awaiting_payment', '{}', '2026-03-17 13:19:21'),
  ('1ae36008-0cf0-42ba-92f7-6a897b5069c9', 'b98a12e8-21c3-4b51-a474-4c9b398c571c', 'ff05d78c-3ad4-4721-8c60-5d672a41bfb2', 'documents_incomplete', '{"github_profile": "https://github.com/labuddaszymon", "study_mode_confirm": true}', '2026-03-05 05:16:42'),
  ('7a422fa5-a2ea-4f8f-b5e1-983d7adb75ac', 'c40253f3-e320-4c55-bd8a-81a54820df3f', 'ff05d78c-3ad4-4721-8c60-5d672a41bfb2', 'documents_incomplete', '{"github_profile": "https://github.com/adriannakomisarczyk", "study_mode_confirm": true}', '2026-02-18 17:18:50'),
  ('a3bb2bbc-54a7-46ca-a7e5-6d6821001186', 'b4a7a05a-a05a-464a-b898-231a7b748599', '612e641b-51c6-485d-a92b-be3f8c5cd2b4', 'payment_confirmed', '{}', '2026-01-19 16:56:42'),
  ('2a6807ef-6139-433e-b24e-25f42ba8e28a', '762b3348-876a-4a44-847d-abf78d384bcd', 'ff05d78c-3ad4-4721-8c60-5d672a41bfb2', 'awaiting_payment', '{"github_profile": "https://github.com/nedzieryk", "study_mode_confirm": true}', '2026-02-11 09:56:15'),
  ('42196838-4c93-4055-bb5a-32abafe134a1', '27615123-bb5d-4b8c-979b-074c212e3bf2', 'e9c2b3ce-6f67-4b76-bd95-ee1c7f08bbce', 'documents_verified', '{"work_experience": "Do 2 lat", "weekend_availability": true}', '2026-03-08 08:56:32'),
  ('9396c972-8c17-4ca3-aefd-1135de638f08', 'b73a1259-1a0e-455d-890e-3dc01a7e2a48', '612e641b-51c6-485d-a92b-be3f8c5cd2b4', 'awaiting_enrollment_fee', '{}', '2026-03-02 20:07:42'),
  ('4d39679e-3ddf-44e9-9cfd-c7f1d5bd2c37', 'b96e4943-4dd8-4d9b-b9e3-c2270be89864', '612e641b-51c6-485d-a92b-be3f8c5cd2b4', 'payment_confirmed', '{}', '2026-02-01 07:04:52'),
  ('1c440b46-de4b-48e3-821c-fce4fb3ab94b', 'f9f76169-83c1-46a2-9555-c207ff3162e6', 'ff05d78c-3ad4-4721-8c60-5d672a41bfb2', 'accepted', '{"github_profile": "https://github.com/konrad01", "study_mode_confirm": true}', '2026-03-27 13:58:14'),
  ('54793df0-3e84-4f0d-bda7-409f0d9d0b50', 'b5ad293f-49dc-4dc7-a01b-1a37eb8f5a06', 'ff05d78c-3ad4-4721-8c60-5d672a41bfb2', 'awaiting_enrollment_fee', '{"github_profile": "https://github.com/qprzewloka", "study_mode_confirm": true}', '2026-03-04 00:02:24'),
  ('38b1ff79-3a94-4343-99f7-5bfa86a406bd', '7db13ee8-1a91-4cab-b11e-2e62fdfa51ce', 'e9c2b3ce-6f67-4b76-bd95-ee1c7f08bbce', 'documents_verified', '{"work_experience": "Do 2 lat", "weekend_availability": true}', '2026-01-19 05:03:05'),
  ('963f4e58-d55d-4672-8538-657b3a04bb52', '0cc321d7-6470-4b0f-9d4d-68c7e01a09a0', '612e641b-51c6-485d-a92b-be3f8c5cd2b4', 'payment_confirmed', '{}', '2026-03-01 09:59:59'),
  ('a165c338-c7b1-4a26-adbf-e5893a7d4efc', 'b40f0217-078e-43a9-ad42-2e5433131328', 'e9c2b3ce-6f67-4b76-bd95-ee1c7f08bbce', 'awaiting_enrollment_fee', '{"work_experience": "Do 2 lat", "weekend_availability": true}', '2026-02-18 00:31:20'),
  ('8f26d52c-5dc1-4ae0-b5ae-586399a6d04f', '0974103a-fa24-422d-8152-a46503610944', '612e641b-51c6-485d-a92b-be3f8c5cd2b4', 'accepted', '{}', '2026-01-29 14:33:00'),
  ('bd869422-c592-40d9-941b-eda333bd3a83', '9aee4cd6-6004-493b-90ee-3edcecfee0a9', 'e9c2b3ce-6f67-4b76-bd95-ee1c7f08bbce', 'documents_incomplete', '{"work_experience": "Brak", "weekend_availability": true}', '2026-02-27 08:18:56'),
  ('debb481d-7b76-4d7e-b5dd-ca61c580e341', '6fbe1836-40dc-4f4c-9179-ef3356e119dc', '612e641b-51c6-485d-a92b-be3f8c5cd2b4', 'documents_incomplete', '{}', '2026-02-10 13:52:40'),
  ('e07b7ddf-7890-4c0d-bdd4-eca6114e8d88', 'e1f0a451-4312-4de3-9f8d-6fbeb6e0df12', 'e9c2b3ce-6f67-4b76-bd95-ee1c7f08bbce', 'draft', '{"work_experience": "Powyżej 2 lat", "weekend_availability": true}', NULL),
  ('9441580d-4dcf-4403-ba09-061d67102ef3', '5a498505-7609-415b-afa5-db28859d8a90', 'e9c2b3ce-6f67-4b76-bd95-ee1c7f08bbce', 'enrollment_fee_paid', '{"work_experience": "Powyżej 2 lat", "weekend_availability": true}', '2026-03-10 06:56:27'),
  ('a8368903-1ce2-4f36-b8fd-10be726cf938', 'e893d9cc-b6a0-4028-8f72-38796d26ad0a', 'ff05d78c-3ad4-4721-8c60-5d672a41bfb2', 'accepted', '{"github_profile": "https://github.com/pokusaolgierd", "study_mode_confirm": true}', '2026-03-10 11:22:55'),
  ('ddec7e27-f99d-4316-abbf-191c3ed10aa1', '6c455620-c1c1-4a32-94ad-d217ffe87a3e', 'ff05d78c-3ad4-4721-8c60-5d672a41bfb2', 'awaiting_enrollment_fee', '{"github_profile": "https://github.com/mariannamilcarz", "study_mode_confirm": true}', '2026-02-18 07:49:33'),
  ('7167f528-6959-46c0-b95b-716281c35050', '4881a2b8-ca39-4175-8946-3f947b9ba56e', 'ff05d78c-3ad4-4721-8c60-5d672a41bfb2', 'documents_incomplete', '{"github_profile": "https://github.com/bartek45", "study_mode_confirm": true}', '2026-02-17 05:09:22'),
  ('ead426ae-8eaf-4c66-82b8-3d93640071b9', 'dc0c4527-4e42-4418-8710-38ffdfaa998b', 'e9c2b3ce-6f67-4b76-bd95-ee1c7f08bbce', 'payment_confirmed', '{"work_experience": "Powyżej 2 lat", "weekend_availability": true}', '2026-02-13 20:09:54'),
  ('86db686b-911c-4711-a48e-d7f4ad370afe', 'b469d95c-c6bb-44cb-b270-31650118a8f2', 'ff05d78c-3ad4-4721-8c60-5d672a41bfb2', 'awaiting_payment', '{"github_profile": "https://github.com/jtomalik", "study_mode_confirm": true}', '2026-02-09 15:20:22'),
  ('46740d1f-f116-4c08-8b61-168d263da9f2', '57fc7fbb-51ca-48a1-a016-95212967b681', 'ff05d78c-3ad4-4721-8c60-5d672a41bfb2', 'documents_verified', '{"github_profile": "https://github.com/saraplewnia", "study_mode_confirm": true}', '2026-01-19 05:34:05'),
  ('7c57d116-81b1-4d96-8e29-5d65775cc5b1', 'e80f7f5c-b046-44ab-8be8-33dff711bce4', 'e9c2b3ce-6f67-4b76-bd95-ee1c7f08bbce', 'enrollment_fee_paid', '{"work_experience": "Brak", "weekend_availability": true}', '2026-02-20 01:53:22'),
  ('671c396c-2c9f-4a68-87fe-b8e26a548b7b', '39fec4b3-0cec-4e52-8970-4a370cc38e83', 'e9c2b3ce-6f67-4b76-bd95-ee1c7f08bbce', 'draft', '{"work_experience": "Do 2 lat", "weekend_availability": true}', NULL),
  ('8d035b3d-eea9-4584-8be5-32b8261f0163', '84139b07-7781-4799-a03e-4043dd1bdcbf', '612e641b-51c6-485d-a92b-be3f8c5cd2b4', 'enrollment_fee_paid', '{}', '2026-03-29 18:10:17'),
  ('4f29f77f-954f-4d50-b737-21f5c635a927', 'd6c6529e-d9dd-4c3d-bbde-fa4915e08185', 'ff05d78c-3ad4-4721-8c60-5d672a41bfb2', 'awaiting_payment', '{"github_profile": "https://github.com/milosz66", "study_mode_confirm": true}', '2026-02-22 16:33:30'),
  ('0f8ca331-7a1d-4fd4-bd71-fac8321a408e', '3b02fcb8-38fd-47f8-8e48-f6cfd14477c7', 'ff05d78c-3ad4-4721-8c60-5d672a41bfb2', 'enrollment_fee_paid', '{"github_profile": "https://github.com/szymajdanikodem", "study_mode_confirm": true}', '2026-01-24 06:39:53'),
  ('920b4aac-c14f-41a3-9522-f95e896c6aec', 'a79b8663-6581-44ea-b5df-b4283028b81b', 'ff05d78c-3ad4-4721-8c60-5d672a41bfb2', 'draft', '{"github_profile": "https://github.com/lidia85", "study_mode_confirm": true}', NULL),
  ('6d8fc42b-8523-4535-b485-f2ec87d9279e', 'a6df4992-12ad-410c-ac92-2c799fb73ad2', 'e9c2b3ce-6f67-4b76-bd95-ee1c7f08bbce', 'submitted', '{"work_experience": "Powyżej 2 lat", "weekend_availability": true}', '2026-01-17 03:30:34'),
  ('e680e9e5-1603-4bf4-b9b4-cfa8f41ed539', 'a055bd4c-cff8-4258-a5fd-fcb35f0c1412', '612e641b-51c6-485d-a92b-be3f8c5cd2b4', 'enrollment_fee_paid', '{}', '2026-04-11 07:51:09'),
  ('cab31f6f-b4ec-4b2d-9390-5a3378a5679e', '88b1b7e3-9c46-4a08-b2db-93dc3c15cf70', 'ff05d78c-3ad4-4721-8c60-5d672a41bfb2', 'documents_incomplete', '{"github_profile": "https://github.com/ajanasik", "study_mode_confirm": true}', '2026-03-09 01:49:48'),
  ('d13c08e9-70a8-4efd-a74a-4743f46b8964', '4869902a-7aa3-468f-b753-2cfbbdc8f458', 'ff05d78c-3ad4-4721-8c60-5d672a41bfb2', 'awaiting_enrollment_fee', '{"github_profile": "https://github.com/urszula28", "study_mode_confirm": true}', '2026-02-19 11:33:39'),
  ('9ed93196-aa63-42ce-9be0-3f613300a090', '6b248baa-0024-4468-aecc-5e53a0912cdd', 'e9c2b3ce-6f67-4b76-bd95-ee1c7f08bbce', 'documents_incomplete', '{"work_experience": "Powyżej 2 lat", "weekend_availability": true}', '2026-02-24 14:15:58'),
  ('f5fa4aa8-b7b9-4fda-913c-2df7ffb0a655', '8e5bf564-1d81-4c68-a6d2-fcb27c0baab2', 'e9c2b3ce-6f67-4b76-bd95-ee1c7f08bbce', 'payment_confirmed', '{"work_experience": "Powyżej 2 lat", "weekend_availability": true}', '2026-03-20 16:26:38'),
  ('fb365299-5991-4699-953f-1b3e9a636534', 'f299fb48-46dd-4c4e-8fa5-4b1da7e2ced4', 'ff05d78c-3ad4-4721-8c60-5d672a41bfb2', 'submitted', '{"github_profile": "https://github.com/ksawerylisik", "study_mode_confirm": true}', '2026-03-06 20:47:22'),
  ('a5b1c081-0a24-4463-880e-bad441f7c49b', 'fad91907-83da-49fc-8189-1b6aa4148632', 'ff05d78c-3ad4-4721-8c60-5d672a41bfb2', 'awaiting_enrollment_fee', '{"github_profile": "https://github.com/jbartos", "study_mode_confirm": true}', '2026-04-01 12:48:36'),
  ('aa354ed1-67d0-47c5-9cb2-88dc09b7a28c', 'b761dd0c-5749-4c83-8900-113614a34e03', 'ff05d78c-3ad4-4721-8c60-5d672a41bfb2', 'documents_incomplete', '{"github_profile": "https://github.com/capigaemil", "study_mode_confirm": true}', '2026-02-27 08:35:45'),
  ('5dda9906-654d-4e30-a6eb-ad570e5276a4', 'b6dc234b-c035-4a30-ab80-11f75a74c439', '612e641b-51c6-485d-a92b-be3f8c5cd2b4', 'accepted', '{}', '2026-04-01 18:10:23'),
  ('5bbb6102-f944-4baf-96c2-8e811339c205', 'e96eb2f2-9b17-4a2d-9bbe-349d67f7f37b', 'e9c2b3ce-6f67-4b76-bd95-ee1c7f08bbce', 'submitted', '{"work_experience": "Do 2 lat", "weekend_availability": true}', '2026-03-08 13:04:57'),
  ('d385549a-621b-421d-bdea-d16bd800b77f', '916b41d9-85e9-4b23-b944-b5820de96764', 'ff05d78c-3ad4-4721-8c60-5d672a41bfb2', 'awaiting_enrollment_fee', '{"github_profile": "https://github.com/vubysz", "study_mode_confirm": true}', '2026-02-09 05:37:13'),
  ('12bcf206-9498-43d6-b02f-a8764a209521', '5ec8d0e0-0083-41b5-b8a1-987086fe1f7a', 'ff05d78c-3ad4-4721-8c60-5d672a41bfb2', 'draft', '{"github_profile": "https://github.com/bdzierwa", "study_mode_confirm": true}', NULL),
  ('139b5eac-3a70-40b1-98e2-11d782894f8e', 'afbff5d3-e51f-4dcb-bc7e-4cd50dbf18d3', 'ff05d78c-3ad4-4721-8c60-5d672a41bfb2', 'awaiting_payment', '{"github_profile": "https://github.com/herokblazej", "study_mode_confirm": true}', '2026-03-28 13:07:25'),
  ('0a6f6e10-002f-4da7-9951-139dc98217ba', '5f0f8d1c-60d1-4847-a890-2e86324f1afb', '612e641b-51c6-485d-a92b-be3f8c5cd2b4', 'payment_confirmed', '{}', '2026-02-08 20:53:38'),
  ('3e4a53f6-2d94-40f1-80ff-5e723a81bb51', '82438d5e-147d-4c75-bd9a-e79597e9c756', 'ff05d78c-3ad4-4721-8c60-5d672a41bfb2', 'submitted', '{"github_profile": "https://github.com/plato", "study_mode_confirm": true}', '2026-03-13 22:03:01'),
  ('c2d0c256-0922-4630-8b31-3cc5dba580d4', 'b2c78a63-0052-4320-a386-0974d614f6d0', 'e9c2b3ce-6f67-4b76-bd95-ee1c7f08bbce', 'accepted', '{"work_experience": "Brak", "weekend_availability": true}', '2026-03-16 09:08:21'),
  ('53a6ce64-1013-4965-85c5-d6994c24e143', '9255a88f-824a-4f2e-92fb-a7e68656e966', '612e641b-51c6-485d-a92b-be3f8c5cd2b4', 'accepted', '{}', '2026-04-07 09:33:32'),
  ('53022270-c756-409a-b8eb-b5b9ccb9b2db', 'd3268721-8223-4d77-8a01-df4d5c4c2a01', '612e641b-51c6-485d-a92b-be3f8c5cd2b4', 'documents_verified', '{}', '2026-02-07 15:48:45'),
  ('2f6ff26b-7d22-4010-9f8c-93e5fa09f3fc', '44333629-2d1a-4fd1-a760-a816c4e1d9cf', '612e641b-51c6-485d-a92b-be3f8c5cd2b4', 'documents_incomplete', '{}', '2026-02-20 05:29:39'),
  ('594f389b-19d0-4508-b214-3c39fb871e4e', '504c71b6-a4f2-4e7d-bb2b-c9fd88c1796d', 'e9c2b3ce-6f67-4b76-bd95-ee1c7f08bbce', 'awaiting_payment', '{"work_experience": "Brak", "weekend_availability": true}', '2026-01-28 03:24:58'),
  ('b49e4b92-f19e-40a8-a3ed-b81d6e8617f5', '5da907d7-d0f4-4640-b396-301c3e401cb3', '612e641b-51c6-485d-a92b-be3f8c5cd2b4', 'enrollment_fee_paid', '{}', '2026-02-27 11:37:38'),
  ('f6651dda-04ea-47a6-ab8e-c4a388dac159', '95672170-9cb3-4f4e-ba99-0b0d0c4dec06', 'ff05d78c-3ad4-4721-8c60-5d672a41bfb2', 'awaiting_payment', '{"github_profile": "https://github.com/antonimurach", "study_mode_confirm": true}', '2026-04-08 18:25:47'),
  ('387a9b1e-6fa7-42ae-b52c-c1ae28fe261e', 'e45b3328-4c06-4f70-a55d-a89381d28f2d', 'ff05d78c-3ad4-4721-8c60-5d672a41bfb2', 'submitted', '{"github_profile": "https://github.com/anastazja19", "study_mode_confirm": true}', '2026-03-25 23:22:17'),
  ('b9cc6146-f1cc-4335-ad37-85668a45119a', '705f32bd-ace6-4d98-b42a-763294c701f9', '612e641b-51c6-485d-a92b-be3f8c5cd2b4', 'enrollment_fee_paid', '{}', '2026-03-24 02:44:32'),
  ('8eed7cf2-74c4-4223-8cbe-9798267ab35b', '3c32d693-b3c8-4d23-a5f7-1be1e3010e21', 'ff05d78c-3ad4-4721-8c60-5d672a41bfb2', 'accepted', '{"github_profile": "https://github.com/bpera", "study_mode_confirm": true}', '2026-02-14 20:24:33'),
  ('83718f57-9e76-493b-956d-e79a5d7b2df3', '1321e185-fbc5-4083-8422-ed8b751c59f5', '612e641b-51c6-485d-a92b-be3f8c5cd2b4', 'accepted', '{}', '2026-04-05 00:50:28'),
  ('c60727db-dcca-42ec-a418-578c67a6c15b', 'f9151519-0bf6-4a31-bb28-bb9f13f8640c', '612e641b-51c6-485d-a92b-be3f8c5cd2b4', 'accepted', '{}', '2026-02-04 18:25:33'),
  ('b02f761d-a377-4f25-9e02-a3f5b10a3382', '17d4276d-767a-4ad3-819e-8bf851c99ce4', 'ff05d78c-3ad4-4721-8c60-5d672a41bfb2', 'awaiting_payment', '{"github_profile": "https://github.com/hpraczyk", "study_mode_confirm": true}', '2026-03-12 16:47:07'),
  ('d4a3aee7-7536-4b34-bda7-505f9d380302', '84eb27ef-5818-4641-8f02-a9c5b2dc04c6', 'e9c2b3ce-6f67-4b76-bd95-ee1c7f08bbce', 'draft', '{"work_experience": "Powyżej 2 lat", "weekend_availability": true}', NULL),
  ('49659da3-fef2-4802-9f9c-1179dd77f85a', '66a458f5-e877-49ce-a482-04584c101394', 'e9c2b3ce-6f67-4b76-bd95-ee1c7f08bbce', 'enrollment_fee_paid', '{"work_experience": "Do 2 lat", "weekend_availability": true}', '2026-02-15 23:04:22'),
  ('bc597dc0-04ef-4b1a-abf4-0bf8e63586f8', '8c5a6f63-6b50-4733-b716-8f7f72e9d07a', '612e641b-51c6-485d-a92b-be3f8c5cd2b4', 'draft', '{}', NULL),
  ('6f1e754d-a974-4b59-ab09-7de931407e87', '19abcb96-52ac-467a-80eb-42da69f4f407', 'e9c2b3ce-6f67-4b76-bd95-ee1c7f08bbce', 'submitted', '{"work_experience": "Do 2 lat", "weekend_availability": true}', '2026-03-01 11:43:13'),
  ('7b11b5b5-7cb2-4726-a51e-541ce22354d4', 'bfa903d5-ea32-4d2c-901a-078814e8a88c', 'ff05d78c-3ad4-4721-8c60-5d672a41bfb2', 'submitted', '{"github_profile": "https://github.com/szczotrobert", "study_mode_confirm": true}', '2026-03-22 21:21:46'),
  ('d1f9c2c9-9d10-4252-9e5e-b3341f680a65', '5754189d-058d-4c26-934a-ba80520aae87', '612e641b-51c6-485d-a92b-be3f8c5cd2b4', 'enrollment_fee_paid', '{}', '2026-01-26 12:54:36'),
  ('90980592-ebdd-4c1d-a35b-0941eec4154c', 'c77c0ca4-97c0-4a2a-9524-638da9be6606', 'ff05d78c-3ad4-4721-8c60-5d672a41bfb2', 'draft', '{"github_profile": "https://github.com/tofilalex", "study_mode_confirm": true}', NULL),
  ('e2575845-a90e-46fe-9377-c91ad727edeb', 'c1713a94-e3c9-442d-80f1-c47f9eed58ea', 'e9c2b3ce-6f67-4b76-bd95-ee1c7f08bbce', 'accepted', '{"work_experience": "Do 2 lat", "weekend_availability": true}', '2026-02-24 11:45:32'),
  ('e5eab2e5-5630-499a-b585-66cb4f96d669', '6c1ed128-4091-440c-8de0-4a90bb3521bb', '612e641b-51c6-485d-a92b-be3f8c5cd2b4', 'documents_incomplete', '{}', '2026-04-06 00:04:34'),
  ('68c4cdc4-4088-494e-99f9-337a441724a2', '98ea6618-6dfd-4860-9df3-075cab19fc41', '612e641b-51c6-485d-a92b-be3f8c5cd2b4', 'payment_confirmed', '{}', '2026-03-19 00:54:54'),
  ('68e87eec-1e61-4d59-84dc-4042f4e52716', 'bb2ce147-d718-4721-9a6b-2c283a10b7da', '612e641b-51c6-485d-a92b-be3f8c5cd2b4', 'payment_confirmed', '{}', '2026-01-23 21:10:49'),
  ('ad8e0eb6-244e-4855-853e-ba0fe482b2a8', '2c05f067-bcc3-4537-8893-ec835cd3d8a8', '612e641b-51c6-485d-a92b-be3f8c5cd2b4', 'documents_incomplete', '{}', '2026-02-14 10:13:01'),
  ('4fbf6c8f-e7f4-4035-a758-e99ed9332250', 'f7dd9a02-82ea-4a09-88bc-80d82146947a', 'ff05d78c-3ad4-4721-8c60-5d672a41bfb2', 'submitted', '{"github_profile": "https://github.com/wiesiolekolgierd", "study_mode_confirm": true}', '2026-01-26 13:59:08'),
  ('c5fd5f70-4fac-4af6-9543-c8c9325b1cf7', '942aa71f-f55c-47ff-90a6-29dd6ec4f07e', '612e641b-51c6-485d-a92b-be3f8c5cd2b4', 'payment_confirmed', '{}', '2026-02-20 10:59:13');

INSERT INTO application_status_history (id, application_id, old_status, new_status, changed_by, note, changed_at) VALUES
  ('267df19a-a0ed-4cfe-a185-a4c661323014', '58a5d2a5-0b59-4caa-b328-71348971d2bd', NULL, 'draft', NULL, NULL, '2026-01-25 04:34:23'),
  ('fdc40e92-82fd-4dcb-8a3f-98525e0c165d', '58a5d2a5-0b59-4caa-b328-71348971d2bd', 'draft', 'submitted', NULL, NULL, '2026-01-25 16:34:23'),
  ('e6e70c4a-cd20-429b-95c9-65d852c1598f', '58a5d2a5-0b59-4caa-b328-71348971d2bd', 'submitted', 'documents_incomplete', NULL, NULL, '2026-01-26 04:34:23'),
  ('b9234ea1-6712-4c25-80c1-03e0530f2955', '58a5d2a5-0b59-4caa-b328-71348971d2bd', 'documents_incomplete', 'documents_verified', NULL, NULL, '2026-01-26 16:34:23'),
  ('9918c070-3c00-4807-8d33-b583561a6a91', '58a5d2a5-0b59-4caa-b328-71348971d2bd', 'documents_verified', 'awaiting_enrollment_fee', NULL, NULL, '2026-01-27 04:34:23'),
  ('6260477c-9e48-4982-a675-cd89a15439f2', '58a5d2a5-0b59-4caa-b328-71348971d2bd', 'awaiting_enrollment_fee', 'enrollment_fee_paid', NULL, NULL, '2026-01-27 16:34:23'),
  ('70c90786-9a82-457a-9c5e-43efc59c84a2', '58a5d2a5-0b59-4caa-b328-71348971d2bd', 'enrollment_fee_paid', 'awaiting_payment', NULL, NULL, '2026-01-28 04:34:23'),
  ('c2d514c5-ae82-4c4d-a0f8-c6e7ad8afc8c', '43b457f4-875d-468d-b54f-dd8d561d049d', NULL, 'draft', NULL, NULL, '2026-04-09 10:39:05'),
  ('42e3f049-3831-484e-ae8a-afc8b7a37710', '43b457f4-875d-468d-b54f-dd8d561d049d', 'draft', 'submitted', NULL, NULL, '2026-04-09 22:39:05'),
  ('fefad4de-68c0-41d4-a0b5-d7386ca2cb78', '43b457f4-875d-468d-b54f-dd8d561d049d', 'submitted', 'documents_incomplete', NULL, NULL, '2026-04-10 10:39:05'),
  ('3c083bca-286b-4f01-bb53-6521ef398bc8', '43b457f4-875d-468d-b54f-dd8d561d049d', 'documents_incomplete', 'documents_verified', NULL, NULL, '2026-04-10 22:39:05'),
  ('58cd4946-4afe-4814-b91f-a9df9baf2fbe', '43b457f4-875d-468d-b54f-dd8d561d049d', 'documents_verified', 'awaiting_enrollment_fee', NULL, NULL, '2026-04-11 10:39:05'),
  ('16633743-c334-4e8e-8dbe-5b0041b74869', '7fd10656-c8c1-433d-86c1-6c380614e1f5', NULL, 'draft', NULL, NULL, '2026-01-14 14:47:31'),
  ('90c92fc7-0ba6-4e95-9679-9ec711b3ca35', '7fd10656-c8c1-433d-86c1-6c380614e1f5', 'draft', 'submitted', NULL, NULL, '2026-01-15 02:47:31'),
  ('393c109b-d76a-40a9-a5dc-2ab8d2f22afb', '7fd10656-c8c1-433d-86c1-6c380614e1f5', 'submitted', 'documents_incomplete', NULL, NULL, '2026-01-15 14:47:31'),
  ('eb5d1ef3-dfa6-451f-83fc-584de4ceebcc', '7fd10656-c8c1-433d-86c1-6c380614e1f5', 'documents_incomplete', 'documents_verified', NULL, NULL, '2026-01-16 02:47:31'),
  ('94f54952-1f6f-4f0e-b4c5-3c2cb8711232', '7fd10656-c8c1-433d-86c1-6c380614e1f5', 'documents_verified', 'awaiting_enrollment_fee', NULL, NULL, '2026-01-16 14:47:31'),
  ('b45bbb4f-8230-46f4-a10e-3b47b6ee48f9', 'cb4c71da-6152-43a0-83fd-bc0f4d458ede', NULL, 'draft', NULL, NULL, '2026-02-25 10:08:55'),
  ('27421666-637c-477f-a45c-e2bad438fb54', 'cb4c71da-6152-43a0-83fd-bc0f4d458ede', 'draft', 'submitted', NULL, NULL, '2026-02-25 22:08:55'),
  ('9a8c6529-5028-4adf-b055-7bf33bd02644', '0d181b0a-4b08-417f-ab7a-55b5fdf4dbd8', NULL, 'draft', NULL, NULL, '2026-03-22 22:34:20'),
  ('afd2d564-9e2d-41fb-aeda-5038a622c866', '0d181b0a-4b08-417f-ab7a-55b5fdf4dbd8', 'draft', 'submitted', NULL, NULL, '2026-03-23 10:34:20'),
  ('201d3472-c8fd-4964-9f56-08f3cdf71201', '0d181b0a-4b08-417f-ab7a-55b5fdf4dbd8', 'submitted', 'documents_incomplete', NULL, NULL, '2026-03-23 22:34:20'),
  ('67655f0f-aa0c-41ec-9a0e-bb596b72dc9b', '0d181b0a-4b08-417f-ab7a-55b5fdf4dbd8', 'documents_incomplete', 'documents_verified', NULL, NULL, '2026-03-24 10:34:20'),
  ('0f0ee7e2-da55-42bc-a9d1-d9792c944a5e', 'ed5dc125-2336-44ff-98ca-ae0fc16be61b', NULL, 'draft', NULL, NULL, '2026-03-26 08:25:52'),
  ('22d01b48-d5b4-45e9-8ac0-ae449602dc96', 'ed5dc125-2336-44ff-98ca-ae0fc16be61b', 'draft', 'submitted', NULL, NULL, '2026-03-26 20:25:52'),
  ('1fe62467-4215-4079-8074-373c3197c961', 'ed5dc125-2336-44ff-98ca-ae0fc16be61b', 'submitted', 'documents_incomplete', NULL, NULL, '2026-03-27 08:25:52'),
  ('1852d1c7-992e-45e9-8386-a9173f9660cd', 'ed5dc125-2336-44ff-98ca-ae0fc16be61b', 'documents_incomplete', 'documents_verified', NULL, NULL, '2026-03-27 20:25:52'),
  ('aad6d885-4115-43b8-a015-7f3525689818', 'ed5dc125-2336-44ff-98ca-ae0fc16be61b', 'documents_verified', 'awaiting_enrollment_fee', NULL, NULL, '2026-03-28 08:25:52'),
  ('3666473e-6e92-4f3d-a220-695de0fa37f8', 'ed5dc125-2336-44ff-98ca-ae0fc16be61b', 'awaiting_enrollment_fee', 'enrollment_fee_paid', NULL, NULL, '2026-03-28 20:25:52'),
  ('df0a3bd0-9158-4324-80c0-026b472a02bb', 'ed5dc125-2336-44ff-98ca-ae0fc16be61b', 'enrollment_fee_paid', 'awaiting_payment', NULL, NULL, '2026-03-29 08:25:52'),
  ('a2af349a-99ed-4e63-9b07-cbab21b8a03a', 'ed5dc125-2336-44ff-98ca-ae0fc16be61b', 'awaiting_payment', 'payment_confirmed', NULL, NULL, '2026-03-29 20:25:52'),
  ('b39910d4-4239-4b07-b81d-4bd15a9a3a34', 'eeae1805-0498-4873-bba6-c94134a85acf', NULL, 'draft', NULL, NULL, '2026-02-18 00:16:52'),
  ('13f5c761-95ee-4ad1-9a54-ca9b77923030', 'eeae1805-0498-4873-bba6-c94134a85acf', 'draft', 'submitted', NULL, NULL, '2026-02-18 12:16:52'),
  ('0bd04b7c-e413-4aa2-8567-dc855a685ec9', 'ae66746a-17f7-4c01-a49f-7ec893303cd1', NULL, 'draft', NULL, NULL, '2026-03-19 08:46:08'),
  ('ad50d1cb-dde5-4865-899c-f57ae2ab3351', 'ae66746a-17f7-4c01-a49f-7ec893303cd1', 'draft', 'submitted', NULL, NULL, '2026-03-19 20:46:08'),
  ('5d817f42-925f-46d2-a2c8-a43e639203ff', 'ae66746a-17f7-4c01-a49f-7ec893303cd1', 'submitted', 'documents_incomplete', NULL, NULL, '2026-03-20 08:46:08'),
  ('bc38685b-817d-4cad-ab5c-49bed1e600d1', 'ae66746a-17f7-4c01-a49f-7ec893303cd1', 'documents_incomplete', 'documents_verified', NULL, NULL, '2026-03-20 20:46:08'),
  ('0f9d24a7-c218-4225-8d43-165bb7ceadf0', 'ae66746a-17f7-4c01-a49f-7ec893303cd1', 'documents_verified', 'awaiting_enrollment_fee', NULL, NULL, '2026-03-21 08:46:08'),
  ('2d0a3c7f-69ff-4880-9462-cc6dde146d2b', 'ae66746a-17f7-4c01-a49f-7ec893303cd1', 'awaiting_enrollment_fee', 'enrollment_fee_paid', NULL, NULL, '2026-03-21 20:46:08'),
  ('604a6538-8da0-47db-ba23-ff9bdb924514', 'ae66746a-17f7-4c01-a49f-7ec893303cd1', 'enrollment_fee_paid', 'awaiting_payment', NULL, NULL, '2026-03-22 08:46:08'),
  ('c37d0980-5853-4263-9fb0-954f64aeef4d', 'ae66746a-17f7-4c01-a49f-7ec893303cd1', 'awaiting_payment', 'payment_confirmed', NULL, NULL, '2026-03-22 20:46:08'),
  ('c517a9dd-495a-4b5b-9243-0d856199addc', 'ae66746a-17f7-4c01-a49f-7ec893303cd1', 'payment_confirmed', 'accepted', NULL, NULL, '2026-03-23 08:46:08'),
  ('aa6b4c3e-2ff8-4f3d-959c-5001e8dd9e8d', 'ee17955b-345e-41d3-a0f1-5ac4251e0264', NULL, 'draft', NULL, NULL, '2026-03-31 11:11:45'),
  ('a924b969-2efe-4183-9d6f-944a96be731a', 'ee17955b-345e-41d3-a0f1-5ac4251e0264', 'draft', 'submitted', NULL, NULL, '2026-03-31 23:11:45'),
  ('9cac0a13-9566-4609-8f5d-944403364c5d', 'ee17955b-345e-41d3-a0f1-5ac4251e0264', 'submitted', 'documents_incomplete', NULL, NULL, '2026-04-01 11:11:45'),
  ('0859b27d-aa20-47ee-9c2c-0a4c21fa47ec', 'ee17955b-345e-41d3-a0f1-5ac4251e0264', 'documents_incomplete', 'documents_verified', NULL, NULL, '2026-04-01 23:11:45'),
  ('b114692a-4193-4304-aa55-244a4a102ecf', 'ee17955b-345e-41d3-a0f1-5ac4251e0264', 'documents_verified', 'awaiting_enrollment_fee', NULL, NULL, '2026-04-02 11:11:45'),
  ('cb572556-2f42-4afc-b581-55b8158c8cc6', '140e6e39-d600-4ed8-9f2d-b552600424cc', NULL, 'draft', NULL, NULL, '2026-02-03 01:52:51'),
  ('52c0225c-4d06-4b80-a677-1a9e1e49d5e1', '140e6e39-d600-4ed8-9f2d-b552600424cc', 'draft', 'submitted', NULL, NULL, '2026-02-03 13:52:51'),
  ('aa135094-3891-4cc8-a8dd-a30ec5450c43', '140e6e39-d600-4ed8-9f2d-b552600424cc', 'submitted', 'documents_incomplete', NULL, NULL, '2026-02-04 01:52:51'),
  ('5290387a-937d-452e-b15f-b99a78513392', '140e6e39-d600-4ed8-9f2d-b552600424cc', 'documents_incomplete', 'documents_verified', NULL, NULL, '2026-02-04 13:52:51'),
  ('818396a0-f924-499c-897f-577dbb904c36', '25c1142c-6ea8-49bc-a21c-d17ce2b74c46', NULL, 'draft', NULL, NULL, '2026-01-18 19:03:57'),
  ('d15b2734-5f70-428a-992b-0777a99a8037', '25c1142c-6ea8-49bc-a21c-d17ce2b74c46', 'draft', 'submitted', NULL, NULL, '2026-01-19 07:03:57'),
  ('cfd72bd5-450a-419d-8f27-311442d243bb', '25c1142c-6ea8-49bc-a21c-d17ce2b74c46', 'submitted', 'documents_incomplete', NULL, NULL, '2026-01-19 19:03:57'),
  ('a7db0061-9ce0-404c-9b0e-5749207e4f7d', '25c1142c-6ea8-49bc-a21c-d17ce2b74c46', 'documents_incomplete', 'documents_verified', NULL, NULL, '2026-01-20 07:03:57'),
  ('27d78326-6011-4b4c-8067-daebdf02a559', '25c1142c-6ea8-49bc-a21c-d17ce2b74c46', 'documents_verified', 'awaiting_enrollment_fee', NULL, NULL, '2026-01-20 19:03:57'),
  ('c8bcfbb8-aee5-4262-ab67-ffb9935b4e29', '25c1142c-6ea8-49bc-a21c-d17ce2b74c46', 'awaiting_enrollment_fee', 'enrollment_fee_paid', NULL, NULL, '2026-01-21 07:03:57'),
  ('e8717b7d-31d3-4135-8b1a-2be6b849f55c', '25c1142c-6ea8-49bc-a21c-d17ce2b74c46', 'enrollment_fee_paid', 'awaiting_payment', NULL, NULL, '2026-01-21 19:03:57'),
  ('8f0a115f-7459-49df-88ff-48662a6a4ea5', '25c1142c-6ea8-49bc-a21c-d17ce2b74c46', 'awaiting_payment', 'payment_confirmed', NULL, NULL, '2026-01-22 07:03:57'),
  ('807096c0-05d5-494f-86c3-e1aec8a293f7', '25c1142c-6ea8-49bc-a21c-d17ce2b74c46', 'payment_confirmed', 'accepted', NULL, NULL, '2026-01-22 19:03:57'),
  ('d7e8e082-3e52-48f0-bc01-8a21a6df40e4', '91756c26-bf89-4f78-8d80-c9e2fecf81ab', NULL, 'draft', NULL, NULL, '2026-03-05 22:49:03'),
  ('c4840831-f872-4653-9810-be12e1067c5f', '91756c26-bf89-4f78-8d80-c9e2fecf81ab', 'draft', 'submitted', NULL, NULL, '2026-03-06 10:49:03'),
  ('4f8df7f2-5121-4e5b-bba8-c2a28b5a9c39', '91756c26-bf89-4f78-8d80-c9e2fecf81ab', 'submitted', 'documents_incomplete', NULL, NULL, '2026-03-06 22:49:03'),
  ('48befb62-f938-445b-8019-a070590466db', '91756c26-bf89-4f78-8d80-c9e2fecf81ab', 'documents_incomplete', 'documents_verified', NULL, NULL, '2026-03-07 10:49:03'),
  ('4143c79b-76b9-4936-83f4-cdf6d9fef558', '91756c26-bf89-4f78-8d80-c9e2fecf81ab', 'documents_verified', 'awaiting_enrollment_fee', NULL, NULL, '2026-03-07 22:49:03'),
  ('999a38ad-63bc-4d7d-862f-0c9adaa8ffd9', '91756c26-bf89-4f78-8d80-c9e2fecf81ab', 'awaiting_enrollment_fee', 'enrollment_fee_paid', NULL, NULL, '2026-03-08 10:49:03'),
  ('9a523e1c-0475-4c1b-89b3-eea9cd918b60', '91756c26-bf89-4f78-8d80-c9e2fecf81ab', 'enrollment_fee_paid', 'awaiting_payment', NULL, NULL, '2026-03-08 22:49:03'),
  ('38328364-a2f9-4a53-9fd4-24594995fb69', '91756c26-bf89-4f78-8d80-c9e2fecf81ab', 'awaiting_payment', 'payment_confirmed', NULL, NULL, '2026-03-09 10:49:03'),
  ('eea77fb6-25cb-4063-bfd4-4b4037c5d1f9', '91756c26-bf89-4f78-8d80-c9e2fecf81ab', 'payment_confirmed', 'accepted', NULL, NULL, '2026-03-09 22:49:03'),
  ('2b4cef5b-f715-4cf0-9ad8-3e86b445e4f0', '785b4650-9940-42a6-b861-81d7e58e4b5d', NULL, 'draft', NULL, NULL, '2026-03-24 20:14:56'),
  ('30f80234-aeec-433d-8434-4b8b1ddb744c', '785b4650-9940-42a6-b861-81d7e58e4b5d', 'draft', 'submitted', NULL, NULL, '2026-03-25 08:14:56'),
  ('97b2cf8f-fec2-466b-9b17-024b25a09258', '785b4650-9940-42a6-b861-81d7e58e4b5d', 'submitted', 'documents_incomplete', NULL, NULL, '2026-03-25 20:14:56'),
  ('b5b39a9e-ab86-4d5f-92d8-4cc3681ebf74', '785b4650-9940-42a6-b861-81d7e58e4b5d', 'documents_incomplete', 'documents_verified', NULL, NULL, '2026-03-26 08:14:56'),
  ('d54b02bd-47c3-4d55-9d98-80c5f36d99cf', '785b4650-9940-42a6-b861-81d7e58e4b5d', 'documents_verified', 'awaiting_enrollment_fee', NULL, NULL, '2026-03-26 20:14:56'),
  ('b3129712-13b4-42cc-af93-5f6986e38e78', '5d3336ea-040a-44ac-a484-abb13b63d45f', NULL, 'draft', NULL, NULL, '2026-01-31 21:26:25'),
  ('19f35f6b-10c9-4f4f-a51d-00142100dab8', '5d3336ea-040a-44ac-a484-abb13b63d45f', 'draft', 'submitted', NULL, NULL, '2026-02-01 09:26:25'),
  ('83880146-0d7c-4f49-9cb3-f4457249cf43', '5d3336ea-040a-44ac-a484-abb13b63d45f', 'submitted', 'documents_incomplete', NULL, NULL, '2026-02-01 21:26:25'),
  ('226b095a-249d-4d7a-a0da-2c58aebd5401', '2f49400b-7be8-4bc2-b5af-be1dc6211920', NULL, 'draft', NULL, NULL, '2026-02-02 22:30:15'),
  ('e72e5c36-6077-4f94-8030-7faae32e485a', '2f49400b-7be8-4bc2-b5af-be1dc6211920', 'draft', 'submitted', NULL, NULL, '2026-02-03 10:30:15'),
  ('961097a0-c513-4128-9be8-19651ea84bbc', '2f49400b-7be8-4bc2-b5af-be1dc6211920', 'submitted', 'documents_incomplete', NULL, NULL, '2026-02-03 22:30:15'),
  ('3b9feedd-4019-4b80-ad45-6ed152d082f5', '2f49400b-7be8-4bc2-b5af-be1dc6211920', 'documents_incomplete', 'documents_verified', NULL, NULL, '2026-02-04 10:30:15'),
  ('107d0d1a-f56c-4b98-b278-c0f6808d6f86', '2f49400b-7be8-4bc2-b5af-be1dc6211920', 'documents_verified', 'awaiting_enrollment_fee', NULL, NULL, '2026-02-04 22:30:15'),
  ('fb79143c-6c39-4945-b899-85137c2c8b3d', 'ca7f745a-e284-4395-b88c-4b116572b9eb', NULL, 'draft', NULL, NULL, '2026-04-11 23:41:19.536090'),
  ('3e6d52eb-e1ac-4e4f-81a5-a6f1b68ef901', '4fc37961-0c19-4bc7-9df9-41f75db040ff', NULL, 'draft', NULL, NULL, '2026-03-14 14:33:34'),
  ('3ffc275e-57e1-4fb3-bb8c-3a7fc7f55431', '4fc37961-0c19-4bc7-9df9-41f75db040ff', 'draft', 'submitted', NULL, NULL, '2026-03-15 02:33:34'),
  ('cb5a6ded-9bde-4def-902f-78b970e68b16', '4fc37961-0c19-4bc7-9df9-41f75db040ff', 'submitted', 'documents_incomplete', NULL, NULL, '2026-03-15 14:33:34'),
  ('6a68d97b-1ea0-46a5-a472-89a862b48ebd', '4fc37961-0c19-4bc7-9df9-41f75db040ff', 'documents_incomplete', 'documents_verified', NULL, NULL, '2026-03-16 02:33:34'),
  ('457149e7-464b-405d-a457-444980c4ed99', '4fc37961-0c19-4bc7-9df9-41f75db040ff', 'documents_verified', 'awaiting_enrollment_fee', NULL, NULL, '2026-03-16 14:33:34'),
  ('b801e620-f65c-464a-89ca-225da2d39df8', '4fc37961-0c19-4bc7-9df9-41f75db040ff', 'awaiting_enrollment_fee', 'enrollment_fee_paid', NULL, NULL, '2026-03-17 02:33:34'),
  ('6aaab8f5-3730-4c1a-b4b3-487104b5d21e', '4fc37961-0c19-4bc7-9df9-41f75db040ff', 'enrollment_fee_paid', 'awaiting_payment', NULL, NULL, '2026-03-17 14:33:34'),
  ('f708aba3-fb78-407f-8fc1-011e2faf14b5', '02561354-e338-464d-9ec4-704c92561e4a', NULL, 'draft', NULL, NULL, '2026-03-16 16:24:52'),
  ('abf22fdd-44cc-45b8-ab2d-34013e5f9e73', '02561354-e338-464d-9ec4-704c92561e4a', 'draft', 'submitted', NULL, NULL, '2026-03-17 04:24:52'),
  ('2169f72a-4e7c-4dc5-b84c-c9d32fe023d3', '02561354-e338-464d-9ec4-704c92561e4a', 'submitted', 'documents_incomplete', NULL, NULL, '2026-03-17 16:24:52'),
  ('607f9ac8-5a9f-44a2-a0b1-303de32faddd', 'b4fea8ee-5617-4d74-a1e5-f571fe4a0191', NULL, 'draft', NULL, NULL, '2026-04-11 23:41:19.536090'),
  ('623a7130-8f83-495f-9223-0456848642dd', 'c3a36135-5533-4612-aa3f-6365670af0fe', NULL, 'draft', NULL, NULL, '2026-03-24 06:45:10'),
  ('0098d207-f447-4357-b7dc-f2df639a669f', 'c3a36135-5533-4612-aa3f-6365670af0fe', 'draft', 'submitted', NULL, NULL, '2026-03-24 18:45:10'),
  ('a4403b96-3030-46cc-90f1-78ba0133b3dc', 'c3a36135-5533-4612-aa3f-6365670af0fe', 'submitted', 'documents_incomplete', NULL, NULL, '2026-03-25 06:45:10'),
  ('933fe505-f502-46a9-9d34-a4c7144bac6f', 'c3a36135-5533-4612-aa3f-6365670af0fe', 'documents_incomplete', 'documents_verified', NULL, NULL, '2026-03-25 18:45:10'),
  ('1804d9cd-0cd7-4239-b1ea-fd5c60f91615', 'c3a36135-5533-4612-aa3f-6365670af0fe', 'documents_verified', 'awaiting_enrollment_fee', NULL, NULL, '2026-03-26 06:45:10'),
  ('ea7c1a79-17af-4c36-9c22-dd794124c865', 'c3a36135-5533-4612-aa3f-6365670af0fe', 'awaiting_enrollment_fee', 'enrollment_fee_paid', NULL, NULL, '2026-03-26 18:45:10'),
  ('2fc2d3ca-ae1e-4ba8-9671-ef18fe6b0709', 'c3a36135-5533-4612-aa3f-6365670af0fe', 'enrollment_fee_paid', 'awaiting_payment', NULL, NULL, '2026-03-27 06:45:10'),
  ('1e0e3661-ebc1-449d-a080-8e6a641a3d26', 'c3a36135-5533-4612-aa3f-6365670af0fe', 'awaiting_payment', 'payment_confirmed', NULL, NULL, '2026-03-27 18:45:10'),
  ('2f7af174-45e3-458b-a275-399df447ed6b', 'c3a36135-5533-4612-aa3f-6365670af0fe', 'payment_confirmed', 'accepted', NULL, NULL, '2026-03-28 06:45:10'),
  ('165ff0de-6ff1-459b-bed5-26a007f56a02', '9713783c-a3e0-471e-82f7-137d501b3cff', NULL, 'draft', NULL, NULL, '2026-03-26 15:57:16'),
  ('c50eac85-8945-4af5-8788-7d9c81a97289', '9713783c-a3e0-471e-82f7-137d501b3cff', 'draft', 'submitted', NULL, NULL, '2026-03-27 03:57:16'),
  ('01d00786-3f91-4f11-a56f-af87d4ff1770', '9713783c-a3e0-471e-82f7-137d501b3cff', 'submitted', 'documents_incomplete', NULL, NULL, '2026-03-27 15:57:16'),
  ('24205969-4f56-450e-b63c-bb9da5078f43', '9713783c-a3e0-471e-82f7-137d501b3cff', 'documents_incomplete', 'documents_verified', NULL, NULL, '2026-03-28 03:57:16'),
  ('5cd93e83-673d-4d55-97d4-ccb08f429d38', '9713783c-a3e0-471e-82f7-137d501b3cff', 'documents_verified', 'awaiting_enrollment_fee', NULL, NULL, '2026-03-28 15:57:16'),
  ('b8c5a40c-e1e9-4736-b958-4338f2fb9164', '9713783c-a3e0-471e-82f7-137d501b3cff', 'awaiting_enrollment_fee', 'enrollment_fee_paid', NULL, NULL, '2026-03-29 03:57:16'),
  ('1fa69bbb-ea0f-4fa9-b410-6bd7f847ca79', '9713783c-a3e0-471e-82f7-137d501b3cff', 'enrollment_fee_paid', 'awaiting_payment', NULL, NULL, '2026-03-29 15:57:16'),
  ('ea423dc1-f6bf-4da6-9ddc-855135c66dc3', '3d70493f-6432-4387-8ed7-736d393b5777', NULL, 'draft', NULL, NULL, '2026-03-28 09:57:10'),
  ('71b5bc5d-d0e2-4a23-ab30-628e919ec4d0', '3d70493f-6432-4387-8ed7-736d393b5777', 'draft', 'submitted', NULL, NULL, '2026-03-28 21:57:10'),
  ('4dc68ccb-2ca0-43cf-901e-4e47ab5ec157', '3d70493f-6432-4387-8ed7-736d393b5777', 'submitted', 'documents_incomplete', NULL, NULL, '2026-03-29 09:57:10'),
  ('682097a3-1abc-48a6-9b4d-70c47b8c8122', '3d70493f-6432-4387-8ed7-736d393b5777', 'documents_incomplete', 'documents_verified', NULL, NULL, '2026-03-29 21:57:10'),
  ('9f915878-c189-430d-9dcd-b0d60b9ba1b9', '3d70493f-6432-4387-8ed7-736d393b5777', 'documents_verified', 'awaiting_enrollment_fee', NULL, NULL, '2026-03-30 09:57:10'),
  ('d5ce2a77-606b-446b-9c4d-872107fb6b2b', '3d70493f-6432-4387-8ed7-736d393b5777', 'awaiting_enrollment_fee', 'enrollment_fee_paid', NULL, NULL, '2026-03-30 21:57:10'),
  ('1bc5795f-127f-4e9f-bd76-8e47507d488c', '3d70493f-6432-4387-8ed7-736d393b5777', 'enrollment_fee_paid', 'awaiting_payment', NULL, NULL, '2026-03-31 09:57:10'),
  ('76c38ab3-3370-402d-8e11-f2740cb96e8d', '3d70493f-6432-4387-8ed7-736d393b5777', 'awaiting_payment', 'payment_confirmed', NULL, NULL, '2026-03-31 21:57:10'),
  ('8cf4bb87-8d27-4062-bf2e-ee8d2140abcb', '297e7674-1608-497d-9134-ed00486e2b2e', NULL, 'draft', NULL, NULL, '2026-04-05 08:18:41'),
  ('ac56867b-eae2-4adc-b02e-f1103f9ff7ef', '297e7674-1608-497d-9134-ed00486e2b2e', 'draft', 'submitted', NULL, NULL, '2026-04-05 20:18:41'),
  ('d9d1392c-8961-4fd7-b1e6-d37acdb15167', '297e7674-1608-497d-9134-ed00486e2b2e', 'submitted', 'documents_incomplete', NULL, NULL, '2026-04-06 08:18:41'),
  ('01e07f66-7d65-4f3f-820c-89f267d780b7', '297e7674-1608-497d-9134-ed00486e2b2e', 'documents_incomplete', 'documents_verified', NULL, NULL, '2026-04-06 20:18:41'),
  ('46339062-c979-4344-a818-de8a2cde6f49', '297e7674-1608-497d-9134-ed00486e2b2e', 'documents_verified', 'awaiting_enrollment_fee', NULL, NULL, '2026-04-07 08:18:41'),
  ('f8d60d1d-176a-4e92-bbfe-18a91fbda5b6', '297e7674-1608-497d-9134-ed00486e2b2e', 'awaiting_enrollment_fee', 'enrollment_fee_paid', NULL, NULL, '2026-04-07 20:18:41'),
  ('d6255d75-61a2-4dd0-b701-705d3bfbb520', '04e39c10-3072-4b59-adc7-e3afe7e24a36', NULL, 'draft', NULL, NULL, '2026-02-17 02:16:56'),
  ('5c9265a7-701a-46a3-abfc-832f84c6f0d1', '04e39c10-3072-4b59-adc7-e3afe7e24a36', 'draft', 'submitted', NULL, NULL, '2026-02-17 14:16:56'),
  ('ae043ade-4931-4df4-b0b2-50611dfae4e4', '04e39c10-3072-4b59-adc7-e3afe7e24a36', 'submitted', 'documents_incomplete', NULL, NULL, '2026-02-18 02:16:56'),
  ('764a3e0d-20d2-48ad-82b5-8e99f64234ad', '04e39c10-3072-4b59-adc7-e3afe7e24a36', 'documents_incomplete', 'documents_verified', NULL, NULL, '2026-02-18 14:16:56'),
  ('3c489e38-6c5f-419a-8eb0-5b04bc2a080e', '04e39c10-3072-4b59-adc7-e3afe7e24a36', 'documents_verified', 'awaiting_enrollment_fee', NULL, NULL, '2026-02-19 02:16:56'),
  ('27f057db-5f21-491f-8109-7a9938c31c99', '04e39c10-3072-4b59-adc7-e3afe7e24a36', 'awaiting_enrollment_fee', 'enrollment_fee_paid', NULL, NULL, '2026-02-19 14:16:56'),
  ('05ad1ef8-4446-4eb6-90e2-8889a23a8d88', '6b901e84-2d8a-41d3-910b-ef7e6ec5dc55', NULL, 'draft', NULL, NULL, '2026-04-07 11:18:06'),
  ('37f3eac0-392b-4fe3-b441-8e1cd790f1b9', '6b901e84-2d8a-41d3-910b-ef7e6ec5dc55', 'draft', 'submitted', NULL, NULL, '2026-04-07 23:18:06'),
  ('c064a54c-014c-4ef5-b7f8-d7dda6706d01', 'da018d52-5013-4ea3-93de-8601e00690f2', NULL, 'draft', NULL, NULL, '2026-03-18 19:00:51'),
  ('402422d2-526f-46e4-a7fb-c71448d4fb87', 'da018d52-5013-4ea3-93de-8601e00690f2', 'draft', 'submitted', NULL, NULL, '2026-03-19 07:00:51'),
  ('87ce82e6-7440-4838-ba70-1f5706d7ef37', 'da018d52-5013-4ea3-93de-8601e00690f2', 'submitted', 'documents_incomplete', NULL, NULL, '2026-03-19 19:00:51'),
  ('cf95916d-dc16-4a67-9b83-835fe84aca11', 'affe7089-66bc-4353-89db-d78284bede3f', NULL, 'draft', NULL, NULL, '2026-04-11 23:41:19.536090'),
  ('626cb8c8-1e8f-42df-bf80-34151dd3cce2', '1649fcc1-438a-4465-a493-6e6be892bdec', NULL, 'draft', NULL, NULL, '2026-03-19 12:02:04'),
  ('171a251c-2940-43df-87f6-df84df11d94f', '1649fcc1-438a-4465-a493-6e6be892bdec', 'draft', 'submitted', NULL, NULL, '2026-03-20 00:02:04'),
  ('c06b14e3-164d-42a5-b3e7-ae09f3e1e0eb', 'a8ca1aae-3764-4894-a803-c3cac6885b51', NULL, 'draft', NULL, NULL, '2026-03-11 04:40:47'),
  ('69a28fce-87b8-4d5b-9e5b-3efde961c89d', 'a8ca1aae-3764-4894-a803-c3cac6885b51', 'draft', 'submitted', NULL, NULL, '2026-03-11 16:40:47'),
  ('f01b26f8-1c9a-4a88-ac16-960d6b2a10ad', 'a8ca1aae-3764-4894-a803-c3cac6885b51', 'submitted', 'documents_incomplete', NULL, NULL, '2026-03-12 04:40:47'),
  ('3d5bdc33-e448-4029-9310-f3b1f9581424', 'a8ca1aae-3764-4894-a803-c3cac6885b51', 'documents_incomplete', 'documents_verified', NULL, NULL, '2026-03-12 16:40:47'),
  ('a54b854c-94b6-4f84-a1f0-7a64d3d1f7de', 'a8ca1aae-3764-4894-a803-c3cac6885b51', 'documents_verified', 'awaiting_enrollment_fee', NULL, NULL, '2026-03-13 04:40:47'),
  ('6c8448a1-5e3e-4b29-9f08-f1ee83a6a0d1', 'a8ca1aae-3764-4894-a803-c3cac6885b51', 'awaiting_enrollment_fee', 'enrollment_fee_paid', NULL, NULL, '2026-03-13 16:40:47'),
  ('89d1a3dc-3b79-4e4a-9150-15703c2a30e1', 'a8ca1aae-3764-4894-a803-c3cac6885b51', 'enrollment_fee_paid', 'awaiting_payment', NULL, NULL, '2026-03-14 04:40:47'),
  ('36b89b5a-8f96-483a-a3cb-771019bb8d3c', 'a8ca1aae-3764-4894-a803-c3cac6885b51', 'awaiting_payment', 'payment_confirmed', NULL, NULL, '2026-03-14 16:40:47'),
  ('0f8081d2-e166-48e0-bcc2-b6a697a5fdb2', '24db4db6-018b-4df2-9b27-4ead144156cb', NULL, 'draft', NULL, NULL, '2026-03-04 09:24:50'),
  ('3d0bc7a3-2756-4ea8-a386-fde7e6cc5e4d', '24db4db6-018b-4df2-9b27-4ead144156cb', 'draft', 'submitted', NULL, NULL, '2026-03-04 21:24:50'),
  ('e0b9e218-0a95-4029-bf91-fa69d3f15de3', '24db4db6-018b-4df2-9b27-4ead144156cb', 'submitted', 'documents_incomplete', NULL, NULL, '2026-03-05 09:24:50'),
  ('d297eead-aea1-4e1d-b61f-70fc94cebe32', '24db4db6-018b-4df2-9b27-4ead144156cb', 'documents_incomplete', 'documents_verified', NULL, NULL, '2026-03-05 21:24:50'),
  ('a906aac4-b625-493e-82fa-3008b8976e44', '24db4db6-018b-4df2-9b27-4ead144156cb', 'documents_verified', 'awaiting_enrollment_fee', NULL, NULL, '2026-03-06 09:24:50'),
  ('d209ce77-df16-48ff-b10e-6e779b59c4dd', '24db4db6-018b-4df2-9b27-4ead144156cb', 'awaiting_enrollment_fee', 'enrollment_fee_paid', NULL, NULL, '2026-03-06 21:24:50'),
  ('c38f7055-4c58-4679-8ac8-3203c9c7d0b7', '24db4db6-018b-4df2-9b27-4ead144156cb', 'enrollment_fee_paid', 'awaiting_payment', NULL, NULL, '2026-03-07 09:24:50'),
  ('82937817-9d2b-4c58-a633-321ac4524d4e', '24db4db6-018b-4df2-9b27-4ead144156cb', 'awaiting_payment', 'payment_confirmed', NULL, NULL, '2026-03-07 21:24:50'),
  ('23901954-c36b-4eff-bbe1-2e59eb061533', '2fc2cb12-28a8-4e43-869e-5879acb8b2c0', NULL, 'draft', NULL, NULL, '2026-03-07 13:49:48'),
  ('c23011a3-a88d-41b7-8cba-b46e2c5d2fbd', '2fc2cb12-28a8-4e43-869e-5879acb8b2c0', 'draft', 'submitted', NULL, NULL, '2026-03-08 01:49:48'),
  ('1c195c36-77e2-44c2-8f45-86a9ed9a34ef', '2fc2cb12-28a8-4e43-869e-5879acb8b2c0', 'submitted', 'documents_incomplete', NULL, NULL, '2026-03-08 13:49:48'),
  ('9a84ccf3-0f13-44a2-96f3-29f1a937e1df', '2fc2cb12-28a8-4e43-869e-5879acb8b2c0', 'documents_incomplete', 'documents_verified', NULL, NULL, '2026-03-09 01:49:48'),
  ('64b89a24-fde7-4b1d-b05b-454bc4e04b9c', '2fc2cb12-28a8-4e43-869e-5879acb8b2c0', 'documents_verified', 'awaiting_enrollment_fee', NULL, NULL, '2026-03-09 13:49:48'),
  ('2b16513d-bccc-43b8-a3f6-2eb2ac208bfc', '2fc2cb12-28a8-4e43-869e-5879acb8b2c0', 'awaiting_enrollment_fee', 'enrollment_fee_paid', NULL, NULL, '2026-03-10 01:49:48'),
  ('1a531dde-84d0-42f0-b04b-f72374fa8812', '2fc2cb12-28a8-4e43-869e-5879acb8b2c0', 'enrollment_fee_paid', 'awaiting_payment', NULL, NULL, '2026-03-10 13:49:48'),
  ('bd60209c-2a38-4fc4-b07f-a2bb967a6b99', 'e81b40d0-a436-4015-9473-de381f7ab135', NULL, 'draft', NULL, NULL, '2026-03-28 20:43:05'),
  ('4d373467-f613-47f7-99b1-d083bc6b50f7', 'e81b40d0-a436-4015-9473-de381f7ab135', 'draft', 'submitted', NULL, NULL, '2026-03-29 08:43:05'),
  ('ae2943b0-bfbf-4e69-82e6-5be87f70251b', 'e81b40d0-a436-4015-9473-de381f7ab135', 'submitted', 'documents_incomplete', NULL, NULL, '2026-03-29 20:43:05'),
  ('f981a4f1-1a2b-43fb-a699-f14cfc9190e5', 'e81b40d0-a436-4015-9473-de381f7ab135', 'documents_incomplete', 'documents_verified', NULL, NULL, '2026-03-30 08:43:05'),
  ('e08da364-da51-4081-8ade-1cd229115271', 'e81b40d0-a436-4015-9473-de381f7ab135', 'documents_verified', 'awaiting_enrollment_fee', NULL, NULL, '2026-03-30 20:43:05'),
  ('836bfb9f-2b8e-4037-b3ca-e5c23a40b88e', 'e81b40d0-a436-4015-9473-de381f7ab135', 'awaiting_enrollment_fee', 'enrollment_fee_paid', NULL, NULL, '2026-03-31 08:43:05'),
  ('60f984e0-0df0-4f16-90fa-bec035e35962', 'e81b40d0-a436-4015-9473-de381f7ab135', 'enrollment_fee_paid', 'awaiting_payment', NULL, NULL, '2026-03-31 20:43:05'),
  ('3063d717-3cc5-4429-9272-0d2b2a6ca149', 'e81b40d0-a436-4015-9473-de381f7ab135', 'awaiting_payment', 'payment_confirmed', NULL, NULL, '2026-04-01 08:43:05'),
  ('a2496adb-68e9-46db-8294-3ccd712c1dcd', 'e81b40d0-a436-4015-9473-de381f7ab135', 'payment_confirmed', 'accepted', NULL, NULL, '2026-04-01 20:43:05'),
  ('4a1e90d6-1660-4e7d-b065-635ec5e1565d', '9cfb5771-bd87-4d50-9f3b-5214b13c8478', NULL, 'draft', NULL, NULL, '2026-04-06 05:58:17'),
  ('aad7833c-2d00-4083-aa97-4821e9cd201b', '9cfb5771-bd87-4d50-9f3b-5214b13c8478', 'draft', 'submitted', NULL, NULL, '2026-04-06 17:58:17'),
  ('8f61e386-bd73-42ee-a233-1dae0ea31d35', '9cfb5771-bd87-4d50-9f3b-5214b13c8478', 'submitted', 'documents_incomplete', NULL, NULL, '2026-04-07 05:58:17'),
  ('c9072862-719e-4339-b547-c4e19e0b5ae8', '9cfb5771-bd87-4d50-9f3b-5214b13c8478', 'documents_incomplete', 'documents_verified', NULL, NULL, '2026-04-07 17:58:17'),
  ('60deb1c8-8711-4df2-9b34-6bec8878b5b1', '9cfb5771-bd87-4d50-9f3b-5214b13c8478', 'documents_verified', 'awaiting_enrollment_fee', NULL, NULL, '2026-04-08 05:58:17'),
  ('c66188b7-f49d-4e3a-8655-38e68291d9f2', '9cfb5771-bd87-4d50-9f3b-5214b13c8478', 'awaiting_enrollment_fee', 'enrollment_fee_paid', NULL, NULL, '2026-04-08 17:58:17'),
  ('3c08aa2f-048a-430a-8d06-f168167dc6bb', 'bf61e913-dcfc-4952-bc68-d21f6b4d542d', NULL, 'draft', NULL, NULL, '2026-04-06 22:35:13'),
  ('f6a66279-7849-4b27-a571-1ffd82c04577', 'bf61e913-dcfc-4952-bc68-d21f6b4d542d', 'draft', 'submitted', NULL, NULL, '2026-04-07 10:35:13'),
  ('11822600-379b-42c2-8618-222967d95543', '4b2c7417-2aba-48cd-bd5f-1483bfc32b40', NULL, 'draft', NULL, NULL, '2026-01-15 17:35:53'),
  ('ca954796-8a5b-4995-9521-feb8f7f3fe7f', '4b2c7417-2aba-48cd-bd5f-1483bfc32b40', 'draft', 'submitted', NULL, NULL, '2026-01-16 05:35:53'),
  ('6fcf49bd-82db-47bb-8e8a-7adfd2408c8a', '4b2c7417-2aba-48cd-bd5f-1483bfc32b40', 'submitted', 'documents_incomplete', NULL, NULL, '2026-01-16 17:35:53'),
  ('81af0332-6347-4e67-8659-5a6bb048bd7b', '4b2c7417-2aba-48cd-bd5f-1483bfc32b40', 'documents_incomplete', 'documents_verified', NULL, NULL, '2026-01-17 05:35:53'),
  ('a00b869d-94a9-4815-9ef4-290f39bdecfd', '4b2c7417-2aba-48cd-bd5f-1483bfc32b40', 'documents_verified', 'awaiting_enrollment_fee', NULL, NULL, '2026-01-17 17:35:53'),
  ('ee99fceb-9f01-46c1-9f4e-cd7f8b8109df', '4b2c7417-2aba-48cd-bd5f-1483bfc32b40', 'awaiting_enrollment_fee', 'enrollment_fee_paid', NULL, NULL, '2026-01-18 05:35:53'),
  ('9c7fff2a-9072-4b56-90ed-ebbc605985dc', '4b2c7417-2aba-48cd-bd5f-1483bfc32b40', 'enrollment_fee_paid', 'awaiting_payment', NULL, NULL, '2026-01-18 17:35:53'),
  ('582e5c63-8d27-48bd-acaa-262f8d5c6499', '4b2c7417-2aba-48cd-bd5f-1483bfc32b40', 'awaiting_payment', 'payment_confirmed', NULL, NULL, '2026-01-19 05:35:53'),
  ('b6e14d86-15e6-46ce-bbea-f7d4b13099c1', '799795c4-096f-4e03-86cc-b81aa964efea', NULL, 'draft', NULL, NULL, '2026-01-21 12:01:09'),
  ('51558da4-f682-4a51-a117-4976a4a4604a', '799795c4-096f-4e03-86cc-b81aa964efea', 'draft', 'submitted', NULL, NULL, '2026-01-22 00:01:09'),
  ('cffa3912-61d3-4122-91f3-d0494da2f6cf', '799795c4-096f-4e03-86cc-b81aa964efea', 'submitted', 'documents_incomplete', NULL, NULL, '2026-01-22 12:01:09'),
  ('76d702ec-6a49-4ac2-8eb1-53bd583aec0f', '799795c4-096f-4e03-86cc-b81aa964efea', 'documents_incomplete', 'documents_verified', NULL, NULL, '2026-01-23 00:01:09'),
  ('b39ed1e4-6500-438b-a9cd-ca70fb23dd38', '799795c4-096f-4e03-86cc-b81aa964efea', 'documents_verified', 'awaiting_enrollment_fee', NULL, NULL, '2026-01-23 12:01:09'),
  ('77d1f05a-7d9a-4a9f-bb88-8c4b4138c5ba', 'a52c9e2d-8aef-4aa1-8cb5-fa9de8160209', NULL, 'draft', NULL, NULL, '2026-02-16 21:47:54'),
  ('a3cd91e5-41c1-43ac-9dce-f0b6dde34e34', 'a52c9e2d-8aef-4aa1-8cb5-fa9de8160209', 'draft', 'submitted', NULL, NULL, '2026-02-17 09:47:54'),
  ('3ed3c7db-ca8d-428e-abb8-d5e2fa52f361', 'a52c9e2d-8aef-4aa1-8cb5-fa9de8160209', 'submitted', 'documents_incomplete', NULL, NULL, '2026-02-17 21:47:54'),
  ('bbeb21b4-2529-4913-a26d-ed5dde3e504c', 'a52c9e2d-8aef-4aa1-8cb5-fa9de8160209', 'documents_incomplete', 'documents_verified', NULL, NULL, '2026-02-18 09:47:54'),
  ('78106e1c-a7ca-4ed6-8b6d-1e7e6761238e', '6e6e95d0-555d-4cd3-bb4c-cc741712f28d', NULL, 'draft', NULL, NULL, '2026-04-11 23:41:19.536090'),
  ('56d61b1c-9fff-433b-8cd2-06d4b2678d78', '5bed9e4f-72e4-416c-8a14-bfd7e7b472ba', NULL, 'draft', NULL, NULL, '2026-02-15 05:17:28'),
  ('2cbedbf7-1061-4f46-b4ed-13c85447f42a', '5bed9e4f-72e4-416c-8a14-bfd7e7b472ba', 'draft', 'submitted', NULL, NULL, '2026-02-15 17:17:28'),
  ('efab0c79-899d-4ee4-acae-88f82670a26d', '5bed9e4f-72e4-416c-8a14-bfd7e7b472ba', 'submitted', 'documents_incomplete', NULL, NULL, '2026-02-16 05:17:28'),
  ('fdb5cdb9-613c-4731-a2ac-1e4e4801193f', '5bed9e4f-72e4-416c-8a14-bfd7e7b472ba', 'documents_incomplete', 'documents_verified', NULL, NULL, '2026-02-16 17:17:28'),
  ('d8fc8da6-60b7-417b-acb4-d49fabffb2e5', '5bed9e4f-72e4-416c-8a14-bfd7e7b472ba', 'documents_verified', 'awaiting_enrollment_fee', NULL, NULL, '2026-02-17 05:17:28'),
  ('b408b5ac-57ec-42b2-8ced-8873d5b2cc44', 'a4b987f5-e096-41f9-954d-fbfea1738510', NULL, 'draft', NULL, NULL, '2026-03-06 04:06:35'),
  ('7b22dbca-b3ad-40a7-9601-3e61b4d13cf8', 'a4b987f5-e096-41f9-954d-fbfea1738510', 'draft', 'submitted', NULL, NULL, '2026-03-06 16:06:35'),
  ('3f396bd4-5402-451a-9cdd-8c47386f2241', 'a4b987f5-e096-41f9-954d-fbfea1738510', 'submitted', 'documents_incomplete', NULL, NULL, '2026-03-07 04:06:35'),
  ('489715db-d1bf-4dac-bbc9-e39bbc0b5a76', '36d7a041-3c0f-4e0b-b7e9-3bdeaa149003', NULL, 'draft', NULL, NULL, '2026-02-02 21:30:11'),
  ('6030c51f-6090-4d3e-9dcb-039c233dad7b', '36d7a041-3c0f-4e0b-b7e9-3bdeaa149003', 'draft', 'submitted', NULL, NULL, '2026-02-03 09:30:11'),
  ('1c441a66-db30-49d3-b780-c4666754a926', '36d7a041-3c0f-4e0b-b7e9-3bdeaa149003', 'submitted', 'documents_incomplete', NULL, NULL, '2026-02-03 21:30:11'),
  ('597c87c7-6eec-4a90-8f37-0149f7719c12', '36d7a041-3c0f-4e0b-b7e9-3bdeaa149003', 'documents_incomplete', 'documents_verified', NULL, NULL, '2026-02-04 09:30:11'),
  ('e6c0506e-9fe2-444f-9dc5-d0f8af3e984d', '36d7a041-3c0f-4e0b-b7e9-3bdeaa149003', 'documents_verified', 'awaiting_enrollment_fee', NULL, NULL, '2026-02-04 21:30:11'),
  ('eb3c815e-9ad2-491a-85a3-89990061bcaa', '1c1157f2-5400-4a05-9f9e-f974dfb91589', NULL, 'draft', NULL, NULL, '2026-04-11 23:41:19.536090'),
  ('6a81e134-b035-42a2-9b32-180c94b754d3', '7433aea5-9520-49a5-ae6d-150aeb46db3e', NULL, 'draft', NULL, NULL, '2026-03-23 07:40:07'),
  ('69da46d4-f9c5-4869-a249-b9a9b4a1f12c', '7433aea5-9520-49a5-ae6d-150aeb46db3e', 'draft', 'submitted', NULL, NULL, '2026-03-23 19:40:07'),
  ('a068109f-150e-4482-8f65-dd3a9e8a356f', '7433aea5-9520-49a5-ae6d-150aeb46db3e', 'submitted', 'documents_incomplete', NULL, NULL, '2026-03-24 07:40:07'),
  ('f0a57699-6f1a-4d09-961d-01c96d3adb21', '7433aea5-9520-49a5-ae6d-150aeb46db3e', 'documents_incomplete', 'documents_verified', NULL, NULL, '2026-03-24 19:40:07'),
  ('4229d311-13bb-4b2a-840f-c74188d64924', '7433aea5-9520-49a5-ae6d-150aeb46db3e', 'documents_verified', 'awaiting_enrollment_fee', NULL, NULL, '2026-03-25 07:40:07'),
  ('f94c3a9f-2b9f-4b02-a779-602149d619c3', '7433aea5-9520-49a5-ae6d-150aeb46db3e', 'awaiting_enrollment_fee', 'enrollment_fee_paid', NULL, NULL, '2026-03-25 19:40:07'),
  ('3372c0de-44be-474e-b114-371cc5721396', '7433aea5-9520-49a5-ae6d-150aeb46db3e', 'enrollment_fee_paid', 'awaiting_payment', NULL, NULL, '2026-03-26 07:40:07'),
  ('4b67429a-c93c-49ba-90aa-6b8c6c6f9b66', '713cff56-668b-42b2-825e-8388f81a6572', NULL, 'draft', NULL, NULL, '2026-04-11 21:49:18'),
  ('f782f4a8-1782-4090-b45f-d4949e95f153', '713cff56-668b-42b2-825e-8388f81a6572', 'draft', 'submitted', NULL, NULL, '2026-04-12 09:49:18'),
  ('675609ff-422a-484d-b71e-f25dd677f8a6', '713cff56-668b-42b2-825e-8388f81a6572', 'submitted', 'documents_incomplete', NULL, NULL, '2026-04-12 21:49:18'),
  ('adc93cb5-a9b9-4af1-953f-9ab1a6aea6a2', '713cff56-668b-42b2-825e-8388f81a6572', 'documents_incomplete', 'documents_verified', NULL, NULL, '2026-04-13 09:49:18'),
  ('d7a8fd4a-8678-4186-b828-1df6fa6a4289', '713cff56-668b-42b2-825e-8388f81a6572', 'documents_verified', 'awaiting_enrollment_fee', NULL, NULL, '2026-04-13 21:49:18'),
  ('946ee111-99fd-4751-bd85-7e5e0f051f4f', '713cff56-668b-42b2-825e-8388f81a6572', 'awaiting_enrollment_fee', 'enrollment_fee_paid', NULL, NULL, '2026-04-14 09:49:18'),
  ('ddfd8a8c-d798-4982-a18a-7f5f554a8f32', '713cff56-668b-42b2-825e-8388f81a6572', 'enrollment_fee_paid', 'awaiting_payment', NULL, NULL, '2026-04-14 21:49:18'),
  ('186595e9-d851-42ff-aed6-165b1223949f', '0c78544c-c9d1-4a13-8d02-dbe1d45260ad', NULL, 'draft', NULL, NULL, '2026-02-13 23:19:34'),
  ('44f38d56-f715-4f79-b58d-5ae2fadd6349', '0c78544c-c9d1-4a13-8d02-dbe1d45260ad', 'draft', 'submitted', NULL, NULL, '2026-02-14 11:19:34'),
  ('9f01f788-3bbe-4859-a4e9-575d1a503c78', '0c78544c-c9d1-4a13-8d02-dbe1d45260ad', 'submitted', 'documents_incomplete', NULL, NULL, '2026-02-14 23:19:34'),
  ('7529d611-d9e4-4d22-8196-ec1d37a97935', '0c78544c-c9d1-4a13-8d02-dbe1d45260ad', 'documents_incomplete', 'documents_verified', NULL, NULL, '2026-02-15 11:19:34'),
  ('e801fc9e-4141-4e81-9405-bca14780bee8', '0eebadec-00c7-4778-810d-3f89bd8791ef', NULL, 'draft', NULL, NULL, '2026-04-07 21:47:03'),
  ('d098cf87-e002-4a8f-b3d5-20284650fa80', '0eebadec-00c7-4778-810d-3f89bd8791ef', 'draft', 'submitted', NULL, NULL, '2026-04-08 09:47:03'),
  ('7a0ef81d-d555-4f6c-b8ef-9fe15b1ae272', '0eebadec-00c7-4778-810d-3f89bd8791ef', 'submitted', 'documents_incomplete', NULL, NULL, '2026-04-08 21:47:03'),
  ('393189dd-2898-4c6d-95f3-c04169a1f353', '0eebadec-00c7-4778-810d-3f89bd8791ef', 'documents_incomplete', 'documents_verified', NULL, NULL, '2026-04-09 09:47:03'),
  ('083440c8-efc8-4e19-8b65-66245a5ba37f', '0eebadec-00c7-4778-810d-3f89bd8791ef', 'documents_verified', 'awaiting_enrollment_fee', NULL, NULL, '2026-04-09 21:47:03'),
  ('0c3fa0f8-d234-48f8-80f4-2028c8aeeea8', '0eebadec-00c7-4778-810d-3f89bd8791ef', 'awaiting_enrollment_fee', 'enrollment_fee_paid', NULL, NULL, '2026-04-10 09:47:03'),
  ('af30f6f9-8134-4dfc-ba05-9bef7dc64c33', '0eebadec-00c7-4778-810d-3f89bd8791ef', 'enrollment_fee_paid', 'awaiting_payment', NULL, NULL, '2026-04-10 21:47:03'),
  ('6839d6e5-9ff8-40e6-8ffe-a822e2fc24c6', '0eebadec-00c7-4778-810d-3f89bd8791ef', 'awaiting_payment', 'payment_confirmed', NULL, NULL, '2026-04-11 09:47:03'),
  ('ebf95276-baff-47e1-9ef9-1d9ab70bcc50', '0eebadec-00c7-4778-810d-3f89bd8791ef', 'payment_confirmed', 'accepted', NULL, NULL, '2026-04-11 21:47:03'),
  ('3aa3d02d-5711-4ce7-8b9c-7dc7e108dafa', '7db25391-8669-4e1f-bfd1-6261c53346e3', NULL, 'draft', NULL, NULL, '2026-02-05 16:26:15'),
  ('df171ead-ebe3-4b78-a559-e945f2b216fd', '7db25391-8669-4e1f-bfd1-6261c53346e3', 'draft', 'submitted', NULL, NULL, '2026-02-06 04:26:15'),
  ('b7d6a95e-1a27-43c0-93e7-60c7cf661971', '7db25391-8669-4e1f-bfd1-6261c53346e3', 'submitted', 'documents_incomplete', NULL, NULL, '2026-02-06 16:26:15'),
  ('bdb7b3f5-ea82-4f62-b842-4575b5a9c8d8', '7db25391-8669-4e1f-bfd1-6261c53346e3', 'documents_incomplete', 'documents_verified', NULL, NULL, '2026-02-07 04:26:15'),
  ('5e77948c-4a8e-42bf-8ac8-3a25d2ee1273', '7db25391-8669-4e1f-bfd1-6261c53346e3', 'documents_verified', 'awaiting_enrollment_fee', NULL, NULL, '2026-02-07 16:26:15'),
  ('2d83bbf6-244f-4f1b-ab34-739134de85ed', '7db25391-8669-4e1f-bfd1-6261c53346e3', 'awaiting_enrollment_fee', 'enrollment_fee_paid', NULL, NULL, '2026-02-08 04:26:15'),
  ('da5aeb41-ef92-4cc7-9aa6-ce622f6ffccd', '262015f3-a1d0-48e0-8de7-6b595c704d55', NULL, 'draft', NULL, NULL, '2026-02-28 14:50:32'),
  ('6fe9e046-1c49-436d-8c0b-8c366a4d73a7', '262015f3-a1d0-48e0-8de7-6b595c704d55', 'draft', 'submitted', NULL, NULL, '2026-03-01 02:50:32'),
  ('5dd8b338-12e7-4cc6-81fa-33f593f9e08c', '262015f3-a1d0-48e0-8de7-6b595c704d55', 'submitted', 'documents_incomplete', NULL, NULL, '2026-03-01 14:50:32'),
  ('43307f97-7353-44f0-8f2a-8a9ef53e0ec5', '262015f3-a1d0-48e0-8de7-6b595c704d55', 'documents_incomplete', 'documents_verified', NULL, NULL, '2026-03-02 02:50:32'),
  ('07025345-1e63-4053-8ce6-80e8a07e44c9', '262015f3-a1d0-48e0-8de7-6b595c704d55', 'documents_verified', 'awaiting_enrollment_fee', NULL, NULL, '2026-03-02 14:50:32'),
  ('772c0088-77d2-427f-9bf2-bd7740f75653', '262015f3-a1d0-48e0-8de7-6b595c704d55', 'awaiting_enrollment_fee', 'enrollment_fee_paid', NULL, NULL, '2026-03-03 02:50:32'),
  ('67b29987-b41b-4cfd-a9f3-1d398e98313b', '262015f3-a1d0-48e0-8de7-6b595c704d55', 'enrollment_fee_paid', 'awaiting_payment', NULL, NULL, '2026-03-03 14:50:32'),
  ('7c861a94-4fe2-4b22-9953-0ecb419a3af2', 'c4f4647c-d9ae-4ee9-a600-6ad0f529ebb4', NULL, 'draft', NULL, NULL, '2026-04-11 23:41:19.537089'),
  ('c5fbbc67-fb7f-4fb8-a152-80afaedda11a', 'e1e24dd2-d535-43d5-9f83-89a3c8c164e5', NULL, 'draft', NULL, NULL, '2026-04-11 23:41:19.537089'),
  ('90e7eac7-99a9-405e-a9e8-fc5e8864f4d1', '1962e1c1-b336-4f8f-8ca6-ce8de487e84a', NULL, 'draft', NULL, NULL, '2026-01-16 21:06:34'),
  ('873e4b16-9eeb-431e-ba33-bb58a19b8a50', '1962e1c1-b336-4f8f-8ca6-ce8de487e84a', 'draft', 'submitted', NULL, NULL, '2026-01-17 09:06:34'),
  ('f7321496-640a-4b05-a7b0-491ca3648a68', '1962e1c1-b336-4f8f-8ca6-ce8de487e84a', 'submitted', 'documents_incomplete', NULL, NULL, '2026-01-17 21:06:34'),
  ('6c29c0f9-8864-479b-a7bb-5b8811efb616', '1962e1c1-b336-4f8f-8ca6-ce8de487e84a', 'documents_incomplete', 'documents_verified', NULL, NULL, '2026-01-18 09:06:34'),
  ('d14c3cff-9e9e-43b3-935c-320f68c4bb0c', '1962e1c1-b336-4f8f-8ca6-ce8de487e84a', 'documents_verified', 'awaiting_enrollment_fee', NULL, NULL, '2026-01-18 21:06:34'),
  ('0b05e2ca-6681-4c57-908c-dd185968e51b', '1962e1c1-b336-4f8f-8ca6-ce8de487e84a', 'awaiting_enrollment_fee', 'enrollment_fee_paid', NULL, NULL, '2026-01-19 09:06:34'),
  ('65eb8d02-20f5-43d6-811f-d108ebc5836f', '476739fd-b6b7-4de0-abeb-36b0d21388ef', NULL, 'draft', NULL, NULL, '2026-02-28 09:54:43'),
  ('2dcc9435-42fe-4c7e-a3b9-2a8db0500bce', '476739fd-b6b7-4de0-abeb-36b0d21388ef', 'draft', 'submitted', NULL, NULL, '2026-02-28 21:54:43'),
  ('f4340daa-abe4-4947-8afa-c505758ce6e4', '476739fd-b6b7-4de0-abeb-36b0d21388ef', 'submitted', 'documents_incomplete', NULL, NULL, '2026-03-01 09:54:43'),
  ('80c81598-b89e-439d-8395-a82abf6e3d26', '476739fd-b6b7-4de0-abeb-36b0d21388ef', 'documents_incomplete', 'documents_verified', NULL, NULL, '2026-03-01 21:54:43'),
  ('49d2c351-97df-4c16-b42a-69c6847ca5a8', '476739fd-b6b7-4de0-abeb-36b0d21388ef', 'documents_verified', 'awaiting_enrollment_fee', NULL, NULL, '2026-03-02 09:54:43'),
  ('e2c5b2ea-de2a-4d2b-b666-725078d86d46', '476739fd-b6b7-4de0-abeb-36b0d21388ef', 'awaiting_enrollment_fee', 'enrollment_fee_paid', NULL, NULL, '2026-03-02 21:54:43'),
  ('116053d0-4a79-4bb8-a8c7-8a94bc0adb88', '476739fd-b6b7-4de0-abeb-36b0d21388ef', 'enrollment_fee_paid', 'awaiting_payment', NULL, NULL, '2026-03-03 09:54:43'),
  ('f7a0f5f1-2494-4ec9-81ab-f833697ab707', '66b47d0f-8485-4347-93bb-a21ba0f08057', NULL, 'draft', NULL, NULL, '2026-03-02 20:42:28'),
  ('82b26642-38b9-4e2f-9cdc-60788b184e19', '66b47d0f-8485-4347-93bb-a21ba0f08057', 'draft', 'submitted', NULL, NULL, '2026-03-03 08:42:28'),
  ('8722be60-b828-4831-8f48-b60e82464bd2', '66b47d0f-8485-4347-93bb-a21ba0f08057', 'submitted', 'documents_incomplete', NULL, NULL, '2026-03-03 20:42:28'),
  ('7b8d7be7-ad4c-4cd2-a38f-20cce60fcb04', '66b47d0f-8485-4347-93bb-a21ba0f08057', 'documents_incomplete', 'documents_verified', NULL, NULL, '2026-03-04 08:42:28'),
  ('c8ec2dba-8dde-4213-a5d8-3236eae506eb', '66b47d0f-8485-4347-93bb-a21ba0f08057', 'documents_verified', 'awaiting_enrollment_fee', NULL, NULL, '2026-03-04 20:42:28'),
  ('483bc83d-87ef-4acd-b9ca-f0742c0980d5', '66b47d0f-8485-4347-93bb-a21ba0f08057', 'awaiting_enrollment_fee', 'enrollment_fee_paid', NULL, NULL, '2026-03-05 08:42:28'),
  ('158722e3-3f2a-43de-849e-d28e691fefd2', '66b47d0f-8485-4347-93bb-a21ba0f08057', 'enrollment_fee_paid', 'awaiting_payment', NULL, NULL, '2026-03-05 20:42:28'),
  ('be5b190e-f02d-45a7-a028-756492618e79', '36840430-ca01-4e9a-bb53-2c7edd0990c8', NULL, 'draft', NULL, NULL, '2026-04-01 06:27:47'),
  ('29bae557-cee4-4294-b4b1-f493be0dcf1a', '36840430-ca01-4e9a-bb53-2c7edd0990c8', 'draft', 'submitted', NULL, NULL, '2026-04-01 18:27:47'),
  ('6f69df53-5ad5-4d5a-97d4-b2d33af59f34', '36840430-ca01-4e9a-bb53-2c7edd0990c8', 'submitted', 'documents_incomplete', NULL, NULL, '2026-04-02 06:27:47'),
  ('850f137e-79c1-44b0-90f8-09eeea35f655', '36840430-ca01-4e9a-bb53-2c7edd0990c8', 'documents_incomplete', 'documents_verified', NULL, NULL, '2026-04-02 18:27:47'),
  ('aadf6abe-43ac-49b9-bd4a-5a51c2cab90c', '36840430-ca01-4e9a-bb53-2c7edd0990c8', 'documents_verified', 'awaiting_enrollment_fee', NULL, NULL, '2026-04-03 06:27:47'),
  ('42b0e95a-22b9-48d9-b6ea-485d522c43c3', '36840430-ca01-4e9a-bb53-2c7edd0990c8', 'awaiting_enrollment_fee', 'enrollment_fee_paid', NULL, NULL, '2026-04-03 18:27:47'),
  ('009a5e51-3f28-463f-9740-77e910c6dd05', '36840430-ca01-4e9a-bb53-2c7edd0990c8', 'enrollment_fee_paid', 'awaiting_payment', NULL, NULL, '2026-04-04 06:27:47'),
  ('b7f2f88c-4656-4a58-bb2a-9a36658599a7', '58c43f13-8b42-4966-9f15-1cff901e32b6', NULL, 'draft', NULL, NULL, '2026-01-22 15:22:56'),
  ('c18e265b-1aee-4832-8ee7-ca0269b2bacf', '58c43f13-8b42-4966-9f15-1cff901e32b6', 'draft', 'submitted', NULL, NULL, '2026-01-23 03:22:56'),
  ('f971f1bc-e339-40a6-bcf3-3b7b94c42479', 'b64b9c04-fcdb-438c-b784-2e6a9e634771', NULL, 'draft', NULL, NULL, '2026-02-25 09:00:35'),
  ('d51512df-abb8-4627-bb58-850392706de3', 'b64b9c04-fcdb-438c-b784-2e6a9e634771', 'draft', 'submitted', NULL, NULL, '2026-02-25 21:00:35'),
  ('4dfde58c-2a2a-46b6-a6f5-115db91013e7', 'b64b9c04-fcdb-438c-b784-2e6a9e634771', 'submitted', 'documents_incomplete', NULL, NULL, '2026-02-26 09:00:35'),
  ('788d2728-22d7-4595-8e22-411d1d78abd6', 'b64b9c04-fcdb-438c-b784-2e6a9e634771', 'documents_incomplete', 'documents_verified', NULL, NULL, '2026-02-26 21:00:35'),
  ('638ef63a-cb4b-4496-977f-0be2403fb7ce', 'b64b9c04-fcdb-438c-b784-2e6a9e634771', 'documents_verified', 'awaiting_enrollment_fee', NULL, NULL, '2026-02-27 09:00:35'),
  ('777a2edd-b0fd-4f3e-bce6-525f3450b1e8', 'b64b9c04-fcdb-438c-b784-2e6a9e634771', 'awaiting_enrollment_fee', 'enrollment_fee_paid', NULL, NULL, '2026-02-27 21:00:35'),
  ('5ef13e3f-b8c0-4745-a9a6-60a3c6a2ea5c', '59f82044-228e-442d-9f8c-938cc2230249', NULL, 'draft', NULL, NULL, '2026-03-29 09:21:34'),
  ('05697008-ef72-4ecd-af6a-9b6b029dc79a', '59f82044-228e-442d-9f8c-938cc2230249', 'draft', 'submitted', NULL, NULL, '2026-03-29 21:21:34'),
  ('d6399623-32e5-4e85-818c-190cf3e55ec0', '59f82044-228e-442d-9f8c-938cc2230249', 'submitted', 'documents_incomplete', NULL, NULL, '2026-03-30 09:21:34'),
  ('6b805dfc-19d9-4731-a714-cb126ae271e2', '59f82044-228e-442d-9f8c-938cc2230249', 'documents_incomplete', 'documents_verified', NULL, NULL, '2026-03-30 21:21:34'),
  ('102a39b4-cfa0-48a0-a897-0a3eeb57994e', '59f82044-228e-442d-9f8c-938cc2230249', 'documents_verified', 'awaiting_enrollment_fee', NULL, NULL, '2026-03-31 09:21:34'),
  ('bea5c184-df3d-4410-9c91-4b2b6d26d372', '59f82044-228e-442d-9f8c-938cc2230249', 'awaiting_enrollment_fee', 'enrollment_fee_paid', NULL, NULL, '2026-03-31 21:21:34'),
  ('c3afd07a-5822-4a25-926d-46006a98105f', '59f82044-228e-442d-9f8c-938cc2230249', 'enrollment_fee_paid', 'awaiting_payment', NULL, NULL, '2026-04-01 09:21:34'),
  ('52350df3-a554-40dc-914e-a85d147aeb35', '59f82044-228e-442d-9f8c-938cc2230249', 'awaiting_payment', 'payment_confirmed', NULL, NULL, '2026-04-01 21:21:34'),
  ('f17cd1d0-38ff-4c4e-ae69-7db06c494876', 'a4925733-ee77-444d-9b2e-a228d2e1b246', NULL, 'draft', NULL, NULL, '2026-01-19 04:53:33'),
  ('37f58847-0beb-43fe-8c85-6be8b3489d80', 'a4925733-ee77-444d-9b2e-a228d2e1b246', 'draft', 'submitted', NULL, NULL, '2026-01-19 16:53:33'),
  ('aee0002a-1531-4f47-b43d-1cc2457f2621', 'a4925733-ee77-444d-9b2e-a228d2e1b246', 'submitted', 'documents_incomplete', NULL, NULL, '2026-01-20 04:53:33'),
  ('de528196-cedf-457f-b07b-6d3cbc22b4fa', 'a4925733-ee77-444d-9b2e-a228d2e1b246', 'documents_incomplete', 'documents_verified', NULL, NULL, '2026-01-20 16:53:33'),
  ('5cd0d4c8-0b15-4e4a-99d6-b4c1ac982def', 'a4925733-ee77-444d-9b2e-a228d2e1b246', 'documents_verified', 'awaiting_enrollment_fee', NULL, NULL, '2026-01-21 04:53:33'),
  ('759e0420-3592-4c93-821c-c13c04e2ff90', 'a4925733-ee77-444d-9b2e-a228d2e1b246', 'awaiting_enrollment_fee', 'enrollment_fee_paid', NULL, NULL, '2026-01-21 16:53:33'),
  ('75804d25-dddf-4941-9108-c768db8ba078', 'a23eb998-8970-489c-a2af-0c70d5e35fa7', NULL, 'draft', NULL, NULL, '2026-01-18 12:15:33'),
  ('149b3d59-8ae7-448f-8577-e849a0fd717f', 'a23eb998-8970-489c-a2af-0c70d5e35fa7', 'draft', 'submitted', NULL, NULL, '2026-01-19 00:15:33'),
  ('8b912372-fe67-4dac-8fcd-3bcff9ae5150', 'a23eb998-8970-489c-a2af-0c70d5e35fa7', 'submitted', 'documents_incomplete', NULL, NULL, '2026-01-19 12:15:33'),
  ('8d0e34ee-dc8a-40d3-b1e0-db40b8f74f02', 'a23eb998-8970-489c-a2af-0c70d5e35fa7', 'documents_incomplete', 'documents_verified', NULL, NULL, '2026-01-20 00:15:33'),
  ('c94465b4-5c95-49e6-bafe-90524b04a1cb', 'a23eb998-8970-489c-a2af-0c70d5e35fa7', 'documents_verified', 'awaiting_enrollment_fee', NULL, NULL, '2026-01-20 12:15:33'),
  ('9bb82e15-a717-4d48-bb66-232f570bb7c6', 'a23eb998-8970-489c-a2af-0c70d5e35fa7', 'awaiting_enrollment_fee', 'enrollment_fee_paid', NULL, NULL, '2026-01-21 00:15:33'),
  ('3c4c63de-2c22-4df9-a40b-099bb785a5f1', 'a23eb998-8970-489c-a2af-0c70d5e35fa7', 'enrollment_fee_paid', 'awaiting_payment', NULL, NULL, '2026-01-21 12:15:33'),
  ('8f04295b-597a-43ff-9d87-b5244cf96e8a', '7b058ecb-0028-46b6-8373-0e724aab8c36', NULL, 'draft', NULL, NULL, '2026-02-07 17:24:20'),
  ('71617d81-6537-4ee7-822f-d9f026663dd0', '7b058ecb-0028-46b6-8373-0e724aab8c36', 'draft', 'submitted', NULL, NULL, '2026-02-08 05:24:20'),
  ('aedd5508-0320-46f7-9f67-ba065657f199', '7b058ecb-0028-46b6-8373-0e724aab8c36', 'submitted', 'documents_incomplete', NULL, NULL, '2026-02-08 17:24:20'),
  ('82fcf61b-d265-4daf-b82e-5b042072af6c', '7b058ecb-0028-46b6-8373-0e724aab8c36', 'documents_incomplete', 'documents_verified', NULL, NULL, '2026-02-09 05:24:20'),
  ('f9404120-bf36-4f68-8e6a-cac8bf22c174', 'a5b52bd6-43be-44aa-9c36-de19bc8d91d6', NULL, 'draft', NULL, NULL, '2026-02-06 12:26:30'),
  ('6621a83c-68d7-4774-8abf-8917c7f1a73f', 'a5b52bd6-43be-44aa-9c36-de19bc8d91d6', 'draft', 'submitted', NULL, NULL, '2026-02-07 00:26:30'),
  ('d32096be-106f-4ebc-a1dc-870b93d013fe', 'a5b52bd6-43be-44aa-9c36-de19bc8d91d6', 'submitted', 'documents_incomplete', NULL, NULL, '2026-02-07 12:26:30'),
  ('1bafa94e-bd4f-4039-9ad1-921b9ea5417a', 'a5b52bd6-43be-44aa-9c36-de19bc8d91d6', 'documents_incomplete', 'documents_verified', NULL, NULL, '2026-02-08 00:26:30'),
  ('f736656e-d7d8-4fc2-b9bc-aa5c184824cd', 'a5b52bd6-43be-44aa-9c36-de19bc8d91d6', 'documents_verified', 'awaiting_enrollment_fee', NULL, NULL, '2026-02-08 12:26:30'),
  ('a31d99bc-d5f0-4327-82e2-da489c864667', 'a5b52bd6-43be-44aa-9c36-de19bc8d91d6', 'awaiting_enrollment_fee', 'enrollment_fee_paid', NULL, NULL, '2026-02-09 00:26:30'),
  ('c322539e-236e-4a93-bfd4-6e96278f1530', 'a5b52bd6-43be-44aa-9c36-de19bc8d91d6', 'enrollment_fee_paid', 'awaiting_payment', NULL, NULL, '2026-02-09 12:26:30'),
  ('a0026153-9800-4fab-a490-fc8eb08fbb24', '0060bb2f-797b-46b2-9f62-c28a06150a2e', NULL, 'draft', NULL, NULL, '2026-01-21 14:29:05'),
  ('190a7cd0-4ce5-4514-bc31-ac1afcb40c9a', '0060bb2f-797b-46b2-9f62-c28a06150a2e', 'draft', 'submitted', NULL, NULL, '2026-01-22 02:29:05'),
  ('5a7bd50a-01fd-43be-824b-8a73f5f416a0', '0060bb2f-797b-46b2-9f62-c28a06150a2e', 'submitted', 'documents_incomplete', NULL, NULL, '2026-01-22 14:29:05'),
  ('0368bfdc-a362-457a-8951-9ebe5c220476', '0060bb2f-797b-46b2-9f62-c28a06150a2e', 'documents_incomplete', 'documents_verified', NULL, NULL, '2026-01-23 02:29:05'),
  ('ee54daa0-5a68-48bd-b621-176e3b8e4ca8', '0060bb2f-797b-46b2-9f62-c28a06150a2e', 'documents_verified', 'awaiting_enrollment_fee', NULL, NULL, '2026-01-23 14:29:05'),
  ('76a908d3-5afb-43d1-a3c7-ea598a7f4d66', '0060bb2f-797b-46b2-9f62-c28a06150a2e', 'awaiting_enrollment_fee', 'enrollment_fee_paid', NULL, NULL, '2026-01-24 02:29:05'),
  ('5e9b42e4-2e8b-49d5-8719-a76a4fea7adf', '0060bb2f-797b-46b2-9f62-c28a06150a2e', 'enrollment_fee_paid', 'awaiting_payment', NULL, NULL, '2026-01-24 14:29:05'),
  ('1d2468ba-882b-4881-bf96-aded965a77d2', '27092075-ebbd-474f-b4af-34a878c6e990', NULL, 'draft', NULL, NULL, '2026-04-05 16:19:49'),
  ('cb2d4fa2-2104-49b8-8dc8-f7b34ca2c64d', '27092075-ebbd-474f-b4af-34a878c6e990', 'draft', 'submitted', NULL, NULL, '2026-04-06 04:19:49'),
  ('e5e16b2b-14ca-4d3c-af1f-dee04b562294', '27092075-ebbd-474f-b4af-34a878c6e990', 'submitted', 'documents_incomplete', NULL, NULL, '2026-04-06 16:19:49'),
  ('9be11d8b-52db-4b3a-992d-0c4effce3c5d', '27092075-ebbd-474f-b4af-34a878c6e990', 'documents_incomplete', 'documents_verified', NULL, NULL, '2026-04-07 04:19:49'),
  ('e4eddd11-c127-4f9e-b0c1-4529f7e1590b', '27092075-ebbd-474f-b4af-34a878c6e990', 'documents_verified', 'awaiting_enrollment_fee', NULL, NULL, '2026-04-07 16:19:49'),
  ('46eedff8-5f90-4b05-b914-3b2ff918dd2d', '27092075-ebbd-474f-b4af-34a878c6e990', 'awaiting_enrollment_fee', 'enrollment_fee_paid', NULL, NULL, '2026-04-08 04:19:49'),
  ('ce9279ad-0b75-43bd-984f-810b5a72c2c2', 'f94c9d09-4cdf-471c-8a51-b92acc6002e3', NULL, 'draft', NULL, NULL, '2026-01-30 13:23:59'),
  ('f68f8a3d-8227-4109-80c3-a59c71676e43', 'f94c9d09-4cdf-471c-8a51-b92acc6002e3', 'draft', 'submitted', NULL, NULL, '2026-01-31 01:23:59'),
  ('36723430-79e8-4a22-b8bc-fe6aa9ca0205', 'f94c9d09-4cdf-471c-8a51-b92acc6002e3', 'submitted', 'documents_incomplete', NULL, NULL, '2026-01-31 13:23:59'),
  ('49bb050a-2321-421f-98e3-8f6da32c2161', '9d7088a4-ea1a-46e4-badd-d3fd84912177', NULL, 'draft', NULL, NULL, '2026-03-02 06:44:19'),
  ('bccff734-27a4-4fc6-9c1e-51129a149c1f', '9d7088a4-ea1a-46e4-badd-d3fd84912177', 'draft', 'submitted', NULL, NULL, '2026-03-02 18:44:19'),
  ('9590ad2a-ac6e-4017-af73-319cc48e6f4b', '72d45581-5ca1-488f-8618-57229f33799e', NULL, 'draft', NULL, NULL, '2026-03-12 15:06:29'),
  ('55044b13-f38c-46c2-9825-10b2ae1e168a', '72d45581-5ca1-488f-8618-57229f33799e', 'draft', 'submitted', NULL, NULL, '2026-03-13 03:06:29'),
  ('c25a21af-888f-485a-98de-6bb108f94b03', '72d45581-5ca1-488f-8618-57229f33799e', 'submitted', 'documents_incomplete', NULL, NULL, '2026-03-13 15:06:29'),
  ('aa9e4630-16a2-400d-9e1a-894f07e45026', '72d45581-5ca1-488f-8618-57229f33799e', 'documents_incomplete', 'documents_verified', NULL, NULL, '2026-03-14 03:06:29'),
  ('d1cef445-9bde-432d-8536-ef088b995097', '72d45581-5ca1-488f-8618-57229f33799e', 'documents_verified', 'awaiting_enrollment_fee', NULL, NULL, '2026-03-14 15:06:29'),
  ('63cee92a-a591-45d8-bd66-9ed0dfd12501', '72d45581-5ca1-488f-8618-57229f33799e', 'awaiting_enrollment_fee', 'enrollment_fee_paid', NULL, NULL, '2026-03-15 03:06:29'),
  ('de087c55-cec4-45ef-bdc0-64ac3526e9ce', '72d45581-5ca1-488f-8618-57229f33799e', 'enrollment_fee_paid', 'awaiting_payment', NULL, NULL, '2026-03-15 15:06:29'),
  ('f56c3246-7dc5-43ce-baab-dade1abf3b97', '72d45581-5ca1-488f-8618-57229f33799e', 'awaiting_payment', 'payment_confirmed', NULL, NULL, '2026-03-16 03:06:29'),
  ('f1fc7f4e-9b1f-4c69-9a37-59df21d2f248', '72d45581-5ca1-488f-8618-57229f33799e', 'payment_confirmed', 'accepted', NULL, NULL, '2026-03-16 15:06:29'),
  ('ce0591eb-1fca-496c-8edc-653d7c3a98cc', 'e59340ba-c157-475b-9486-206b5df11277', NULL, 'draft', NULL, NULL, '2026-01-12 22:19:14'),
  ('9a5b9ce3-40c2-41d4-823d-1258b6709d9f', 'e59340ba-c157-475b-9486-206b5df11277', 'draft', 'submitted', NULL, NULL, '2026-01-13 10:19:14'),
  ('ea1ad4f5-c732-4f4e-a330-ab3e649cae2a', 'e59340ba-c157-475b-9486-206b5df11277', 'submitted', 'documents_incomplete', NULL, NULL, '2026-01-13 22:19:14'),
  ('975ad210-4ecc-4583-8953-1fbcef93c76b', 'e59340ba-c157-475b-9486-206b5df11277', 'documents_incomplete', 'documents_verified', NULL, NULL, '2026-01-14 10:19:14'),
  ('db68f82d-b697-4ab2-bb43-c149f6830f40', 'e59340ba-c157-475b-9486-206b5df11277', 'documents_verified', 'awaiting_enrollment_fee', NULL, NULL, '2026-01-14 22:19:14'),
  ('e6486a8c-e90a-470b-8112-a9842c739e2e', 'e59340ba-c157-475b-9486-206b5df11277', 'awaiting_enrollment_fee', 'enrollment_fee_paid', NULL, NULL, '2026-01-15 10:19:14'),
  ('de6b8ad1-4f7c-480d-bcae-a68e468741e0', '0c3b76cb-0ab9-489d-8084-77330ac0110d', NULL, 'draft', NULL, NULL, '2026-02-25 17:43:37'),
  ('a56e6dd7-349a-491d-96cb-412d90411150', '0c3b76cb-0ab9-489d-8084-77330ac0110d', 'draft', 'submitted', NULL, NULL, '2026-02-26 05:43:37'),
  ('5c8bc5ba-426f-45f0-8757-e8c7b97b37ca', '0c3b76cb-0ab9-489d-8084-77330ac0110d', 'submitted', 'documents_incomplete', NULL, NULL, '2026-02-26 17:43:37'),
  ('6195449c-05a0-4dbd-aaf9-54e1a447c20d', '904e4c86-50f9-4ec4-b2bd-080c3efa535d', NULL, 'draft', NULL, NULL, '2026-02-13 09:19:07'),
  ('5148f27d-3bcc-4f9c-b6c5-c8836eafde27', '904e4c86-50f9-4ec4-b2bd-080c3efa535d', 'draft', 'submitted', NULL, NULL, '2026-02-13 21:19:07'),
  ('77a5b2b9-ca3b-423f-a842-06ae153cdac1', '904e4c86-50f9-4ec4-b2bd-080c3efa535d', 'submitted', 'documents_incomplete', NULL, NULL, '2026-02-14 09:19:07'),
  ('e2635616-fae4-461a-b505-70d21a9b221a', '5d00679b-0705-4b24-8211-5471cea4cb27', NULL, 'draft', NULL, NULL, '2026-03-14 07:40:20'),
  ('bc3cb8ef-8367-43ab-b2b3-2d9bc9a653b9', '5d00679b-0705-4b24-8211-5471cea4cb27', 'draft', 'submitted', NULL, NULL, '2026-03-14 19:40:20'),
  ('32bf4a7d-a6eb-479e-acd1-f07a3fa17fc7', '5d00679b-0705-4b24-8211-5471cea4cb27', 'submitted', 'documents_incomplete', NULL, NULL, '2026-03-15 07:40:20'),
  ('b1d2fa1f-641e-45f6-9811-68d4a11e67c4', '5d00679b-0705-4b24-8211-5471cea4cb27', 'documents_incomplete', 'documents_verified', NULL, NULL, '2026-03-15 19:40:20'),
  ('ce6e8d6e-0a6c-4715-ac06-06e9e605ba70', '59488cd5-f2de-451c-b0e6-7b42c661e110', NULL, 'draft', NULL, NULL, '2026-01-12 19:30:21'),
  ('6317ba5b-642f-48ee-a088-b496c7b87d4c', '59488cd5-f2de-451c-b0e6-7b42c661e110', 'draft', 'submitted', NULL, NULL, '2026-01-13 07:30:21'),
  ('18165c72-2a8d-47d2-93d0-91a1c17489db', '59488cd5-f2de-451c-b0e6-7b42c661e110', 'submitted', 'documents_incomplete', NULL, NULL, '2026-01-13 19:30:21'),
  ('83da1d3f-ad6f-4b7f-8a83-951c1207443b', '27760013-edab-47df-a5e0-b00b1d1d9fac', NULL, 'draft', NULL, NULL, '2026-02-08 00:43:55'),
  ('be57e064-de47-4de4-bf09-a80057054b0c', '27760013-edab-47df-a5e0-b00b1d1d9fac', 'draft', 'submitted', NULL, NULL, '2026-02-08 12:43:55'),
  ('6001fc6b-99ce-4da7-9f3d-3b5d59d87803', 'acdb0fe8-c4e9-474b-9c93-dfa89d14a4b8', NULL, 'draft', NULL, NULL, '2026-01-29 01:59:30'),
  ('ad8eff0d-cefc-42de-b916-85f335023d59', 'acdb0fe8-c4e9-474b-9c93-dfa89d14a4b8', 'draft', 'submitted', NULL, NULL, '2026-01-29 13:59:30'),
  ('7e7a2367-5f45-4f48-b1f0-7ec80517c0d9', 'acdb0fe8-c4e9-474b-9c93-dfa89d14a4b8', 'submitted', 'documents_incomplete', NULL, NULL, '2026-01-30 01:59:30'),
  ('1b1ed78a-3342-4b76-ae48-6085fde00414', 'acdb0fe8-c4e9-474b-9c93-dfa89d14a4b8', 'documents_incomplete', 'documents_verified', NULL, NULL, '2026-01-30 13:59:30'),
  ('e84c90ab-b8e9-47a4-abc8-4035373e5619', 'acdb0fe8-c4e9-474b-9c93-dfa89d14a4b8', 'documents_verified', 'awaiting_enrollment_fee', NULL, NULL, '2026-01-31 01:59:30'),
  ('0105cb75-96c5-47b4-8129-ffd4ad051068', 'acdb0fe8-c4e9-474b-9c93-dfa89d14a4b8', 'awaiting_enrollment_fee', 'enrollment_fee_paid', NULL, NULL, '2026-01-31 13:59:30'),
  ('98410739-fdf3-481b-88c7-783a1f2de116', 'acdb0fe8-c4e9-474b-9c93-dfa89d14a4b8', 'enrollment_fee_paid', 'awaiting_payment', NULL, NULL, '2026-02-01 01:59:30'),
  ('f40faef8-7776-4ce7-9449-00c44194452f', 'acdb0fe8-c4e9-474b-9c93-dfa89d14a4b8', 'awaiting_payment', 'payment_confirmed', NULL, NULL, '2026-02-01 13:59:30'),
  ('5891d41a-a538-42ab-81c2-f79694092884', '9506fe5c-03df-469c-be14-c7941581ac60', NULL, 'draft', NULL, NULL, '2026-04-01 19:01:02'),
  ('4656aff5-24cb-43ea-bd75-c2535d91bfcd', '9506fe5c-03df-469c-be14-c7941581ac60', 'draft', 'submitted', NULL, NULL, '2026-04-02 07:01:02'),
  ('52f378b0-ae65-4831-a754-ae57459f2794', '9506fe5c-03df-469c-be14-c7941581ac60', 'submitted', 'documents_incomplete', NULL, NULL, '2026-04-02 19:01:02'),
  ('1c0bd673-66a2-4c6d-b0d3-e196e9dbb468', '9506fe5c-03df-469c-be14-c7941581ac60', 'documents_incomplete', 'documents_verified', NULL, NULL, '2026-04-03 07:01:02'),
  ('80caf710-a844-4c7a-8a63-488a362742c8', '9506fe5c-03df-469c-be14-c7941581ac60', 'documents_verified', 'awaiting_enrollment_fee', NULL, NULL, '2026-04-03 19:01:02'),
  ('e0b1549c-b699-43ba-8e1f-40ed72df7775', '9506fe5c-03df-469c-be14-c7941581ac60', 'awaiting_enrollment_fee', 'enrollment_fee_paid', NULL, NULL, '2026-04-04 07:01:02'),
  ('d1e4fdab-2776-46f9-aa43-dd002b848282', '9506fe5c-03df-469c-be14-c7941581ac60', 'enrollment_fee_paid', 'awaiting_payment', NULL, NULL, '2026-04-04 19:01:02'),
  ('e2598b8d-9776-4bd6-b03d-4124f266e463', '9506fe5c-03df-469c-be14-c7941581ac60', 'awaiting_payment', 'payment_confirmed', NULL, NULL, '2026-04-05 07:01:02'),
  ('5c431996-4ceb-48f9-ac7b-eadef72a7a42', 'ae8ffd05-1def-4466-8b61-676abf3cf561', NULL, 'draft', NULL, NULL, '2026-03-02 04:15:07'),
  ('4827d527-2897-4f19-9005-60aafe559c13', 'ae8ffd05-1def-4466-8b61-676abf3cf561', 'draft', 'submitted', NULL, NULL, '2026-03-02 16:15:07'),
  ('33b041ed-8f3a-4066-bd1a-6bd128ce25d5', 'ae8ffd05-1def-4466-8b61-676abf3cf561', 'submitted', 'documents_incomplete', NULL, NULL, '2026-03-03 04:15:07'),
  ('57b9a540-dfce-44a1-8030-6d758fead116', 'ae8ffd05-1def-4466-8b61-676abf3cf561', 'documents_incomplete', 'documents_verified', NULL, NULL, '2026-03-03 16:15:07'),
  ('64993451-26c3-43be-bf93-73da88d8a6bb', 'ae8ffd05-1def-4466-8b61-676abf3cf561', 'documents_verified', 'awaiting_enrollment_fee', NULL, NULL, '2026-03-04 04:15:07'),
  ('90c777ec-80d3-47f6-a883-c087763071fd', 'ae8ffd05-1def-4466-8b61-676abf3cf561', 'awaiting_enrollment_fee', 'enrollment_fee_paid', NULL, NULL, '2026-03-04 16:15:07'),
  ('8984b6bb-a755-478b-9995-4978e601f6d1', '8a35bd08-ccc3-4a35-9adb-66f2b3897376', NULL, 'draft', NULL, NULL, '2026-03-14 07:38:35'),
  ('077ed0c8-e669-4545-9c8b-e671be618861', '8a35bd08-ccc3-4a35-9adb-66f2b3897376', 'draft', 'submitted', NULL, NULL, '2026-03-14 19:38:35'),
  ('23c16a16-31d2-4453-aea2-6f11102cf195', '8a35bd08-ccc3-4a35-9adb-66f2b3897376', 'submitted', 'documents_incomplete', NULL, NULL, '2026-03-15 07:38:35'),
  ('6df4b92e-c996-4fd4-973a-beab0f50eab0', '8a35bd08-ccc3-4a35-9adb-66f2b3897376', 'documents_incomplete', 'documents_verified', NULL, NULL, '2026-03-15 19:38:35'),
  ('3eac7f60-acc6-4ffb-81b1-c4bf80bf41f9', '8a35bd08-ccc3-4a35-9adb-66f2b3897376', 'documents_verified', 'awaiting_enrollment_fee', NULL, NULL, '2026-03-16 07:38:35'),
  ('79bbb260-ea82-4187-80bf-7a0cb0c91406', '8a35bd08-ccc3-4a35-9adb-66f2b3897376', 'awaiting_enrollment_fee', 'enrollment_fee_paid', NULL, NULL, '2026-03-16 19:38:35'),
  ('4d7a6d39-c2e2-4b36-aef9-b992b8fa7b42', '01016b74-b46d-4394-893c-a42b3d27a891', NULL, 'draft', NULL, NULL, '2026-02-12 08:05:58'),
  ('b02ee588-90be-4f38-9909-e01187e9911b', '01016b74-b46d-4394-893c-a42b3d27a891', 'draft', 'submitted', NULL, NULL, '2026-02-12 20:05:58'),
  ('873b1a57-36b4-4ae8-8c15-58c1f7764409', '01016b74-b46d-4394-893c-a42b3d27a891', 'submitted', 'documents_incomplete', NULL, NULL, '2026-02-13 08:05:58'),
  ('1c96c84a-cfe4-4f77-8aed-c7509f728b67', '01016b74-b46d-4394-893c-a42b3d27a891', 'documents_incomplete', 'documents_verified', NULL, NULL, '2026-02-13 20:05:58'),
  ('bf1311de-b67e-44dd-92ff-4730e8d87d7f', '01016b74-b46d-4394-893c-a42b3d27a891', 'documents_verified', 'awaiting_enrollment_fee', NULL, NULL, '2026-02-14 08:05:58'),
  ('1ba35287-d0df-4f73-8d18-534b0b2dd40c', '01016b74-b46d-4394-893c-a42b3d27a891', 'awaiting_enrollment_fee', 'enrollment_fee_paid', NULL, NULL, '2026-02-14 20:05:58'),
  ('ac6d9f5e-65b3-4f23-ac9c-070b03a88413', '01016b74-b46d-4394-893c-a42b3d27a891', 'enrollment_fee_paid', 'awaiting_payment', NULL, NULL, '2026-02-15 08:05:58'),
  ('84077e97-a841-48e8-833c-b269aaef1284', '01016b74-b46d-4394-893c-a42b3d27a891', 'awaiting_payment', 'payment_confirmed', NULL, NULL, '2026-02-15 20:05:58'),
  ('0f844e8d-687c-4796-89c2-a23bf9452859', '97797d51-010d-4a89-80ce-2f8ec453924e', NULL, 'draft', NULL, NULL, '2026-03-15 09:28:52'),
  ('0ddc92c2-54ac-4efc-87be-7ed7390d8ac1', '97797d51-010d-4a89-80ce-2f8ec453924e', 'draft', 'submitted', NULL, NULL, '2026-03-15 21:28:52'),
  ('946ce6bb-48d6-437c-a217-b5211e6cc09a', '97797d51-010d-4a89-80ce-2f8ec453924e', 'submitted', 'documents_incomplete', NULL, NULL, '2026-03-16 09:28:52'),
  ('030b1e33-6f21-44db-8a64-733094d6e38d', '97797d51-010d-4a89-80ce-2f8ec453924e', 'documents_incomplete', 'documents_verified', NULL, NULL, '2026-03-16 21:28:52'),
  ('a12622d2-32d6-4ef8-81f5-20cddf3dcd0d', '97797d51-010d-4a89-80ce-2f8ec453924e', 'documents_verified', 'awaiting_enrollment_fee', NULL, NULL, '2026-03-17 09:28:52'),
  ('7f87ea36-7a21-4fa9-8d99-25eacd0af9ec', '97797d51-010d-4a89-80ce-2f8ec453924e', 'awaiting_enrollment_fee', 'enrollment_fee_paid', NULL, NULL, '2026-03-17 21:28:52'),
  ('ecc9f677-c769-45fc-bbdf-0375d8d660f9', '97797d51-010d-4a89-80ce-2f8ec453924e', 'enrollment_fee_paid', 'awaiting_payment', NULL, NULL, '2026-03-18 09:28:52'),
  ('86c0d24b-55b9-4b24-9ad0-7fb66fe614bc', '97797d51-010d-4a89-80ce-2f8ec453924e', 'awaiting_payment', 'payment_confirmed', NULL, NULL, '2026-03-18 21:28:52'),
  ('c2697efc-d1e7-4328-819d-f04529b7038f', 'c8a4260d-0ad8-4bd7-8e44-a4d63d4d7b0c', NULL, 'draft', NULL, NULL, '2026-04-02 11:14:10'),
  ('7a323d44-49d9-4a46-bbe7-d26ebab237a0', 'c8a4260d-0ad8-4bd7-8e44-a4d63d4d7b0c', 'draft', 'submitted', NULL, NULL, '2026-04-02 23:14:10'),
  ('e2b0034e-817b-4744-9e2f-7a69f7ff1941', 'c8a4260d-0ad8-4bd7-8e44-a4d63d4d7b0c', 'submitted', 'documents_incomplete', NULL, NULL, '2026-04-03 11:14:10'),
  ('90b23dc5-a7bd-43a6-be14-68a2a4959f8d', 'c8a4260d-0ad8-4bd7-8e44-a4d63d4d7b0c', 'documents_incomplete', 'documents_verified', NULL, NULL, '2026-04-03 23:14:10'),
  ('c0fc7e34-888f-416e-a20a-1f73e166b5d7', 'c8a4260d-0ad8-4bd7-8e44-a4d63d4d7b0c', 'documents_verified', 'awaiting_enrollment_fee', NULL, NULL, '2026-04-04 11:14:10'),
  ('4fa62fb8-96fd-4d10-a77d-6f0a3abd6e81', 'be33974b-30cf-440a-b2bf-fce1ce0a14c4', NULL, 'draft', NULL, NULL, '2026-04-11 23:41:19.537089'),
  ('3a86f4e9-e176-4fde-81c0-82e683b98008', '784a7376-ed5a-4eea-a477-601d3cf4e447', NULL, 'draft', NULL, NULL, '2026-03-04 23:28:24'),
  ('3e4281eb-d41f-47dc-90d4-a9ccb5b072c5', '784a7376-ed5a-4eea-a477-601d3cf4e447', 'draft', 'submitted', NULL, NULL, '2026-03-05 11:28:24'),
  ('4b7e90dd-469a-417f-af31-0f881ac5e783', '784a7376-ed5a-4eea-a477-601d3cf4e447', 'submitted', 'documents_incomplete', NULL, NULL, '2026-03-05 23:28:24'),
  ('465eabc3-d32d-4052-bf1c-46fe6ba0a74c', '784a7376-ed5a-4eea-a477-601d3cf4e447', 'documents_incomplete', 'documents_verified', NULL, NULL, '2026-03-06 11:28:24'),
  ('a4a52ddf-d7fb-43ec-91f7-5789996f7426', '784a7376-ed5a-4eea-a477-601d3cf4e447', 'documents_verified', 'awaiting_enrollment_fee', NULL, NULL, '2026-03-06 23:28:24'),
  ('8b5939f6-be4f-41c1-8d98-008676b599e7', '784a7376-ed5a-4eea-a477-601d3cf4e447', 'awaiting_enrollment_fee', 'enrollment_fee_paid', NULL, NULL, '2026-03-07 11:28:24'),
  ('1701264a-005f-4ba0-b911-5bf1da10cc12', '784a7376-ed5a-4eea-a477-601d3cf4e447', 'enrollment_fee_paid', 'awaiting_payment', NULL, NULL, '2026-03-07 23:28:24'),
  ('c0bfc1f5-d364-4a7f-855f-ddb2a7e01831', '784a7376-ed5a-4eea-a477-601d3cf4e447', 'awaiting_payment', 'payment_confirmed', NULL, NULL, '2026-03-08 11:28:24'),
  ('e97180ed-16d2-4879-aaaa-28b72f68104e', '784a7376-ed5a-4eea-a477-601d3cf4e447', 'payment_confirmed', 'accepted', NULL, NULL, '2026-03-08 23:28:24'),
  ('5e18fa8c-6eca-4b45-83e1-b3d523a32198', '39cccae3-dcb4-4147-92db-37254230057b', NULL, 'draft', NULL, NULL, '2026-02-22 22:58:15'),
  ('c607ca87-ebf4-4de9-a247-f5da2c692b70', '39cccae3-dcb4-4147-92db-37254230057b', 'draft', 'submitted', NULL, NULL, '2026-02-23 10:58:15'),
  ('c77d827b-2915-4c9d-bab2-0958239e7281', '39cccae3-dcb4-4147-92db-37254230057b', 'submitted', 'documents_incomplete', NULL, NULL, '2026-02-23 22:58:15'),
  ('45621d90-9237-43f6-9ee7-93b963073d23', '39cccae3-dcb4-4147-92db-37254230057b', 'documents_incomplete', 'documents_verified', NULL, NULL, '2026-02-24 10:58:15'),
  ('ff2e2d54-9f75-4e7f-9b4b-393f7670087c', '39cccae3-dcb4-4147-92db-37254230057b', 'documents_verified', 'awaiting_enrollment_fee', NULL, NULL, '2026-02-24 22:58:15'),
  ('858d721c-36f9-4d56-8080-910a5b0b2f3c', '39cccae3-dcb4-4147-92db-37254230057b', 'awaiting_enrollment_fee', 'enrollment_fee_paid', NULL, NULL, '2026-02-25 10:58:15'),
  ('d38b4925-8adc-4333-9a3e-f82675cfd050', '39cccae3-dcb4-4147-92db-37254230057b', 'enrollment_fee_paid', 'awaiting_payment', NULL, NULL, '2026-02-25 22:58:15'),
  ('d1e9cadb-03d5-47b0-b234-62d3f742aae5', '39cccae3-dcb4-4147-92db-37254230057b', 'awaiting_payment', 'payment_confirmed', NULL, NULL, '2026-02-26 10:58:15'),
  ('b28198de-fbd5-4667-a06c-265931d698de', 'f1fb0139-30b7-4906-8f89-f1e614aa779b', NULL, 'draft', NULL, NULL, '2026-04-11 23:41:19.537089'),
  ('74759308-83e4-4e63-81b9-639bc9f19e96', '32931c1a-ef51-44c1-8c8c-75e5d8faa05a', NULL, 'draft', NULL, NULL, '2026-01-23 12:55:27'),
  ('a18944ab-03ab-48da-a8b0-4997757293e0', '32931c1a-ef51-44c1-8c8c-75e5d8faa05a', 'draft', 'submitted', NULL, NULL, '2026-01-24 00:55:27'),
  ('ab6138f4-7220-4cd8-867c-a7d8443f4771', '32931c1a-ef51-44c1-8c8c-75e5d8faa05a', 'submitted', 'documents_incomplete', NULL, NULL, '2026-01-24 12:55:27'),
  ('6e6626a9-b691-4923-94db-4fc2126ccef8', '32931c1a-ef51-44c1-8c8c-75e5d8faa05a', 'documents_incomplete', 'documents_verified', NULL, NULL, '2026-01-25 00:55:27'),
  ('2a8f3e46-9cb0-488c-8461-a7dbfff8f861', '32931c1a-ef51-44c1-8c8c-75e5d8faa05a', 'documents_verified', 'awaiting_enrollment_fee', NULL, NULL, '2026-01-25 12:55:27'),
  ('3e8c3ad3-6b66-4efa-9b9f-4b7953289d8b', '71631247-4f6a-4d81-a588-677fdf4fbc86', NULL, 'draft', NULL, NULL, '2026-04-07 22:35:49'),
  ('b9b63cbd-af5c-42a2-ba84-446882b4ab25', '71631247-4f6a-4d81-a588-677fdf4fbc86', 'draft', 'submitted', NULL, NULL, '2026-04-08 10:35:49'),
  ('84bc952c-50ce-43db-8802-1a717cf8a4f9', '6c00ba61-5e70-425e-bb23-889d10b01b6b', NULL, 'draft', NULL, NULL, '2026-03-28 08:45:48'),
  ('f4bf06f6-703c-4d55-9ec1-ecb48e7da289', '6c00ba61-5e70-425e-bb23-889d10b01b6b', 'draft', 'submitted', NULL, NULL, '2026-03-28 20:45:48'),
  ('150bd4ff-ea92-4ad6-9f82-e4d0a119a3e4', '6c00ba61-5e70-425e-bb23-889d10b01b6b', 'submitted', 'documents_incomplete', NULL, NULL, '2026-03-29 08:45:48'),
  ('c415e4d0-2150-4b2b-b337-24ca9beee6f1', '6c00ba61-5e70-425e-bb23-889d10b01b6b', 'documents_incomplete', 'documents_verified', NULL, NULL, '2026-03-29 20:45:48'),
  ('c953a447-26dd-4578-9347-fd927ea41c99', '6c00ba61-5e70-425e-bb23-889d10b01b6b', 'documents_verified', 'awaiting_enrollment_fee', NULL, NULL, '2026-03-30 08:45:48'),
  ('afa3368d-cf5d-40c4-a09e-6eee37eb8307', '6c00ba61-5e70-425e-bb23-889d10b01b6b', 'awaiting_enrollment_fee', 'enrollment_fee_paid', NULL, NULL, '2026-03-30 20:45:48'),
  ('d06ed94d-c541-4ba6-8406-51a53cfe7358', '6c00ba61-5e70-425e-bb23-889d10b01b6b', 'enrollment_fee_paid', 'awaiting_payment', NULL, NULL, '2026-03-31 08:45:48'),
  ('d452adf5-7f53-4513-b800-3b328e6e30ec', '6c00ba61-5e70-425e-bb23-889d10b01b6b', 'awaiting_payment', 'payment_confirmed', NULL, NULL, '2026-03-31 20:45:48'),
  ('7e12c719-8b28-4c14-b45d-b309ee158343', '6c00ba61-5e70-425e-bb23-889d10b01b6b', 'payment_confirmed', 'accepted', NULL, NULL, '2026-04-01 08:45:48'),
  ('1844385d-eb90-45c2-9ac1-e2198ee1f4b4', '8932d373-e9c8-4024-9f76-ef995d0c24e4', NULL, 'draft', NULL, NULL, '2026-02-09 11:38:01'),
  ('ebb23e92-26c9-4d8f-94dd-8a0f1982137f', '8932d373-e9c8-4024-9f76-ef995d0c24e4', 'draft', 'submitted', NULL, NULL, '2026-02-09 23:38:01'),
  ('a971c33e-deeb-44ee-ba6d-7d72abdce25f', '8932d373-e9c8-4024-9f76-ef995d0c24e4', 'submitted', 'documents_incomplete', NULL, NULL, '2026-02-10 11:38:01'),
  ('cf8adb08-0c11-4dc0-88bd-4e558cfb56aa', '8932d373-e9c8-4024-9f76-ef995d0c24e4', 'documents_incomplete', 'documents_verified', NULL, NULL, '2026-02-10 23:38:01'),
  ('5ae832be-c4e0-4436-9e81-b06106547827', '8932d373-e9c8-4024-9f76-ef995d0c24e4', 'documents_verified', 'awaiting_enrollment_fee', NULL, NULL, '2026-02-11 11:38:01'),
  ('b5a545c5-5745-4b85-a659-38c68d37128d', '8932d373-e9c8-4024-9f76-ef995d0c24e4', 'awaiting_enrollment_fee', 'enrollment_fee_paid', NULL, NULL, '2026-02-11 23:38:01'),
  ('21e89220-8814-4b11-9fa4-59961f31139a', '8932d373-e9c8-4024-9f76-ef995d0c24e4', 'enrollment_fee_paid', 'awaiting_payment', NULL, NULL, '2026-02-12 11:38:01'),
  ('9a2087d7-e754-4aa5-ac97-4231f326aff8', '8932d373-e9c8-4024-9f76-ef995d0c24e4', 'awaiting_payment', 'payment_confirmed', NULL, NULL, '2026-02-12 23:38:01'),
  ('4c0666e3-466c-426a-a3f2-e9a5ee286674', '87e86a62-7f31-4b7c-85c8-07b2438d58f9', NULL, 'draft', NULL, NULL, '2026-04-11 23:41:19.537089'),
  ('5cc9de71-d96f-48bf-8587-3dabd826a75e', '1ec73301-dc89-412d-8cfd-339c7f4989d3', NULL, 'draft', NULL, NULL, '2026-01-27 09:37:30'),
  ('8dc8e965-6be5-44fb-99c1-822fad8b392b', '1ec73301-dc89-412d-8cfd-339c7f4989d3', 'draft', 'submitted', NULL, NULL, '2026-01-27 21:37:30'),
  ('4d372b75-8c0e-4279-a03d-c835b65ab171', '1ec73301-dc89-412d-8cfd-339c7f4989d3', 'submitted', 'documents_incomplete', NULL, NULL, '2026-01-28 09:37:30'),
  ('cd51a117-f75f-4807-b720-1e94dd17058f', '1ec73301-dc89-412d-8cfd-339c7f4989d3', 'documents_incomplete', 'documents_verified', NULL, NULL, '2026-01-28 21:37:30'),
  ('3944a885-7d94-4ea9-b6c0-e106b516ef47', 'f54c5de6-2607-4cf1-89d3-8bbaf06109a6', NULL, 'draft', NULL, NULL, '2026-03-28 08:34:32'),
  ('815ce6f7-49d4-4a4c-9737-a2feccd1bf2c', 'f54c5de6-2607-4cf1-89d3-8bbaf06109a6', 'draft', 'submitted', NULL, NULL, '2026-03-28 20:34:32'),
  ('4811f76c-bef8-48e5-8b48-8fd51765a1d5', 'f54c5de6-2607-4cf1-89d3-8bbaf06109a6', 'submitted', 'documents_incomplete', NULL, NULL, '2026-03-29 08:34:32'),
  ('aabbf5c3-ed4a-4688-bc4c-182b3df2e874', 'f54c5de6-2607-4cf1-89d3-8bbaf06109a6', 'documents_incomplete', 'documents_verified', NULL, NULL, '2026-03-29 20:34:32'),
  ('5c45b1c4-75f4-4b3e-8ccf-547ed6baafba', 'f54c5de6-2607-4cf1-89d3-8bbaf06109a6', 'documents_verified', 'awaiting_enrollment_fee', NULL, NULL, '2026-03-30 08:34:32'),
  ('4542a25b-be1a-420e-8d19-180e0a6c6ed2', 'f54c5de6-2607-4cf1-89d3-8bbaf06109a6', 'awaiting_enrollment_fee', 'enrollment_fee_paid', NULL, NULL, '2026-03-30 20:34:32'),
  ('36fabcda-b070-4360-95f3-3ffbda04dd4b', 'f54c5de6-2607-4cf1-89d3-8bbaf06109a6', 'enrollment_fee_paid', 'awaiting_payment', NULL, NULL, '2026-03-31 08:34:32'),
  ('0938b22b-4d84-4853-b483-5cb4020a021a', 'f54c5de6-2607-4cf1-89d3-8bbaf06109a6', 'awaiting_payment', 'payment_confirmed', NULL, NULL, '2026-03-31 20:34:32'),
  ('dd6e0a18-c488-494d-ac5e-385e0afd254b', '2d034a6f-d238-46d1-89ba-2a039c8c1166', NULL, 'draft', NULL, NULL, '2026-02-04 23:18:35'),
  ('10ffa631-68d4-45b3-9058-2dff6dd55b8e', '2d034a6f-d238-46d1-89ba-2a039c8c1166', 'draft', 'submitted', NULL, NULL, '2026-02-05 11:18:35'),
  ('ad2e5e60-97a0-4213-a973-1b0454206a90', '2d034a6f-d238-46d1-89ba-2a039c8c1166', 'submitted', 'documents_incomplete', NULL, NULL, '2026-02-05 23:18:35'),
  ('fc23fc1e-d7a2-4ede-86b0-02d3abd27c1e', 'ca13498d-d607-4003-8381-8a1ec5aa4860', NULL, 'draft', NULL, NULL, '2026-02-01 17:53:19'),
  ('10c7fa1d-6e35-462d-b93f-6ab1a5bdff62', 'ca13498d-d607-4003-8381-8a1ec5aa4860', 'draft', 'submitted', NULL, NULL, '2026-02-02 05:53:19'),
  ('32042cd5-a1a4-4f52-9a06-e2c0a195861d', 'ca13498d-d607-4003-8381-8a1ec5aa4860', 'submitted', 'documents_incomplete', NULL, NULL, '2026-02-02 17:53:19'),
  ('5d33d292-2359-4a71-bacb-6ef0f78db7d3', 'ca13498d-d607-4003-8381-8a1ec5aa4860', 'documents_incomplete', 'documents_verified', NULL, NULL, '2026-02-03 05:53:19'),
  ('099b4ebb-2826-45da-a054-14f0915df9fc', 'ca13498d-d607-4003-8381-8a1ec5aa4860', 'documents_verified', 'awaiting_enrollment_fee', NULL, NULL, '2026-02-03 17:53:19'),
  ('f9e410cb-5efb-4dd0-9963-0043ed9ca19e', 'ca13498d-d607-4003-8381-8a1ec5aa4860', 'awaiting_enrollment_fee', 'enrollment_fee_paid', NULL, NULL, '2026-02-04 05:53:19'),
  ('3780ba9a-e2e4-45e6-8d33-4111db982e5d', 'ca13498d-d607-4003-8381-8a1ec5aa4860', 'enrollment_fee_paid', 'awaiting_payment', NULL, NULL, '2026-02-04 17:53:19'),
  ('aa833b08-ebd8-4b33-a4a0-9fd973a07ed6', 'ca13498d-d607-4003-8381-8a1ec5aa4860', 'awaiting_payment', 'payment_confirmed', NULL, NULL, '2026-02-05 05:53:19'),
  ('f74aad4a-c21d-4150-9aac-119e1024e5da', 'd3902a4d-aabc-41f6-bec7-80568de4aa9a', NULL, 'draft', NULL, NULL, '2026-03-26 11:05:43'),
  ('8d626c07-fdd3-4dd3-a619-3426e44617ca', 'd3902a4d-aabc-41f6-bec7-80568de4aa9a', 'draft', 'submitted', NULL, NULL, '2026-03-26 23:05:43'),
  ('a037e4e6-1dd5-4aec-8b0d-b4179738d619', 'd3902a4d-aabc-41f6-bec7-80568de4aa9a', 'submitted', 'documents_incomplete', NULL, NULL, '2026-03-27 11:05:43'),
  ('e52344f5-fc3c-4cdc-b565-8a2bdd1ce386', 'd3902a4d-aabc-41f6-bec7-80568de4aa9a', 'documents_incomplete', 'documents_verified', NULL, NULL, '2026-03-27 23:05:43'),
  ('63c4f384-0a31-4344-b4a9-8de8fe940870', 'd3902a4d-aabc-41f6-bec7-80568de4aa9a', 'documents_verified', 'awaiting_enrollment_fee', NULL, NULL, '2026-03-28 11:05:43'),
  ('74e8a421-a87e-4324-b615-133c691625ba', 'd3902a4d-aabc-41f6-bec7-80568de4aa9a', 'awaiting_enrollment_fee', 'enrollment_fee_paid', NULL, NULL, '2026-03-28 23:05:43'),
  ('e920ac56-a516-49eb-98b7-498a6dc13036', 'd5fd48a7-4f0f-41a7-a9c1-4394eb9ae5d7', NULL, 'draft', NULL, NULL, '2026-02-07 08:06:24'),
  ('e114fc36-066b-4448-9ea5-71e04f66c969', 'd5fd48a7-4f0f-41a7-a9c1-4394eb9ae5d7', 'draft', 'submitted', NULL, NULL, '2026-02-07 20:06:24'),
  ('6375781b-eb93-495b-ba15-a646be28d4fc', '9d69b006-1e41-4733-90a7-aadc3c40c625', NULL, 'draft', NULL, NULL, '2026-02-23 23:50:03'),
  ('fc09e0b2-e59d-4f78-a069-2e611c133686', '9d69b006-1e41-4733-90a7-aadc3c40c625', 'draft', 'submitted', NULL, NULL, '2026-02-24 11:50:03'),
  ('de3af220-444f-44c6-9f79-69ce08cc9465', '9d69b006-1e41-4733-90a7-aadc3c40c625', 'submitted', 'documents_incomplete', NULL, NULL, '2026-02-24 23:50:03'),
  ('85824c17-c0fb-40a1-817d-d252f7caefa5', 'cfff0de9-93c6-40dc-afe9-47cf91462d4c', NULL, 'draft', NULL, NULL, '2026-01-26 21:06:09'),
  ('e6a38a52-29a9-405c-8a79-4410efda4b40', 'cfff0de9-93c6-40dc-afe9-47cf91462d4c', 'draft', 'submitted', NULL, NULL, '2026-01-27 09:06:09'),
  ('f003b343-cedb-4cbd-9763-cca3742cf7cc', 'cfff0de9-93c6-40dc-afe9-47cf91462d4c', 'submitted', 'documents_incomplete', NULL, NULL, '2026-01-27 21:06:09'),
  ('117d4b02-68c8-46d2-a9dc-f1d38aabe989', 'cfff0de9-93c6-40dc-afe9-47cf91462d4c', 'documents_incomplete', 'documents_verified', NULL, NULL, '2026-01-28 09:06:09'),
  ('c4a5c528-5087-4f37-bd75-efa94c4bd0ff', 'b6583813-b725-4273-ae17-9db991657dc4', NULL, 'draft', NULL, NULL, '2026-01-28 10:11:34'),
  ('ba5068f2-14bc-486d-b34c-aa4710c37aab', 'b6583813-b725-4273-ae17-9db991657dc4', 'draft', 'submitted', NULL, NULL, '2026-01-28 22:11:34'),
  ('c4a9b904-d1c4-4e82-8290-2df7b23733b1', 'b6583813-b725-4273-ae17-9db991657dc4', 'submitted', 'documents_incomplete', NULL, NULL, '2026-01-29 10:11:34'),
  ('954324fa-474f-4d36-9fc8-ac5cd70b7b82', 'b6583813-b725-4273-ae17-9db991657dc4', 'documents_incomplete', 'documents_verified', NULL, NULL, '2026-01-29 22:11:34'),
  ('6511ed91-a69a-4514-b4af-ce11d6e1fefc', 'b6583813-b725-4273-ae17-9db991657dc4', 'documents_verified', 'awaiting_enrollment_fee', NULL, NULL, '2026-01-30 10:11:34'),
  ('db76c889-75c4-45f7-b220-39b7ab521472', 'b6583813-b725-4273-ae17-9db991657dc4', 'awaiting_enrollment_fee', 'enrollment_fee_paid', NULL, NULL, '2026-01-30 22:11:34'),
  ('71d57272-d0cc-4606-81eb-799f4ef02e91', 'b6583813-b725-4273-ae17-9db991657dc4', 'enrollment_fee_paid', 'awaiting_payment', NULL, NULL, '2026-01-31 10:11:34'),
  ('1a72b314-200d-4172-bf75-769157a2a3ea', 'b6583813-b725-4273-ae17-9db991657dc4', 'awaiting_payment', 'payment_confirmed', NULL, NULL, '2026-01-31 22:11:34'),
  ('e25d25ed-1513-49ae-8d7d-fbcd21569f44', 'aab7eab5-3204-4df7-a4d3-6a99f0f1b8e9', NULL, 'draft', NULL, NULL, '2026-01-27 18:03:55'),
  ('6357424e-e641-4e9c-b0de-7ad69f721428', 'aab7eab5-3204-4df7-a4d3-6a99f0f1b8e9', 'draft', 'submitted', NULL, NULL, '2026-01-28 06:03:55'),
  ('027a54de-0706-4e88-84e9-14827432f54c', 'aab7eab5-3204-4df7-a4d3-6a99f0f1b8e9', 'submitted', 'documents_incomplete', NULL, NULL, '2026-01-28 18:03:55'),
  ('e501930f-561b-4b87-92b0-9d8a3cff3d1e', 'aab7eab5-3204-4df7-a4d3-6a99f0f1b8e9', 'documents_incomplete', 'documents_verified', NULL, NULL, '2026-01-29 06:03:55'),
  ('d1851ebe-f4fc-45e1-b899-53c7a64dc61c', 'aab7eab5-3204-4df7-a4d3-6a99f0f1b8e9', 'documents_verified', 'awaiting_enrollment_fee', NULL, NULL, '2026-01-29 18:03:55'),
  ('86332271-d8b8-4c6d-92d0-b7d032079ef9', 'aab7eab5-3204-4df7-a4d3-6a99f0f1b8e9', 'awaiting_enrollment_fee', 'enrollment_fee_paid', NULL, NULL, '2026-01-30 06:03:55'),
  ('feb094ca-b902-41a9-b6fb-bb849a9783a7', 'aab7eab5-3204-4df7-a4d3-6a99f0f1b8e9', 'enrollment_fee_paid', 'awaiting_payment', NULL, NULL, '2026-01-30 18:03:55'),
  ('122883c1-8899-4c39-ab41-83c9951a3bca', 'aab7eab5-3204-4df7-a4d3-6a99f0f1b8e9', 'awaiting_payment', 'payment_confirmed', NULL, NULL, '2026-01-31 06:03:55'),
  ('c51f26a3-9437-4ad2-8798-18eb2a201b6a', 'aab7eab5-3204-4df7-a4d3-6a99f0f1b8e9', 'payment_confirmed', 'accepted', NULL, NULL, '2026-01-31 18:03:55'),
  ('7266db11-568f-4ab6-8de8-80eb7fb5feed', 'e8b02032-5b6e-4b7b-9c89-83b2cbfc80be', NULL, 'draft', NULL, NULL, '2026-04-02 05:13:59'),
  ('5ab053d6-fc64-48d9-b47f-b49362e44ffd', 'e8b02032-5b6e-4b7b-9c89-83b2cbfc80be', 'draft', 'submitted', NULL, NULL, '2026-04-02 17:13:59'),
  ('248f9ab7-b532-4b4c-935a-20582cb94250', 'e8b02032-5b6e-4b7b-9c89-83b2cbfc80be', 'submitted', 'documents_incomplete', NULL, NULL, '2026-04-03 05:13:59'),
  ('8fe3b693-1a47-4775-9f0b-99ea3f5c7a6e', '8b007d74-bc6a-40a4-81e7-a6a6b406b684', NULL, 'draft', NULL, NULL, '2026-03-20 11:28:01'),
  ('f409e187-8e2b-456e-8311-39c12aeadfca', '8b007d74-bc6a-40a4-81e7-a6a6b406b684', 'draft', 'submitted', NULL, NULL, '2026-03-20 23:28:01'),
  ('d5fd688c-5371-4a99-a21f-a8ae01de982c', '8b007d74-bc6a-40a4-81e7-a6a6b406b684', 'submitted', 'documents_incomplete', NULL, NULL, '2026-03-21 11:28:01'),
  ('15dfa3c9-b854-4476-a009-ec77ddb70b8c', '8b007d74-bc6a-40a4-81e7-a6a6b406b684', 'documents_incomplete', 'documents_verified', NULL, NULL, '2026-03-21 23:28:01'),
  ('e78e7774-db18-4b24-8b07-f475f3816581', '8b007d74-bc6a-40a4-81e7-a6a6b406b684', 'documents_verified', 'awaiting_enrollment_fee', NULL, NULL, '2026-03-22 11:28:01'),
  ('ecbe49df-67b4-4171-b776-ec1d3ab7253b', '8b007d74-bc6a-40a4-81e7-a6a6b406b684', 'awaiting_enrollment_fee', 'enrollment_fee_paid', NULL, NULL, '2026-03-22 23:28:01'),
  ('5863fc9d-a331-4cc0-8311-3cbb49d992ff', '7238ab12-8db4-4898-95a0-6b285d53b64a', NULL, 'draft', NULL, NULL, '2026-03-18 23:55:39'),
  ('24459fa1-cfb1-4b42-b838-e53cef858a62', '7238ab12-8db4-4898-95a0-6b285d53b64a', 'draft', 'submitted', NULL, NULL, '2026-03-19 11:55:39'),
  ('ee756160-81ec-4771-8d5e-d3243139c847', '7238ab12-8db4-4898-95a0-6b285d53b64a', 'submitted', 'documents_incomplete', NULL, NULL, '2026-03-19 23:55:39'),
  ('3aa426c0-b285-4cf9-96c0-7f9a9c420bf5', '7238ab12-8db4-4898-95a0-6b285d53b64a', 'documents_incomplete', 'documents_verified', NULL, NULL, '2026-03-20 11:55:39'),
  ('505c1126-4f97-46c7-822d-662b7ee9d847', '7238ab12-8db4-4898-95a0-6b285d53b64a', 'documents_verified', 'awaiting_enrollment_fee', NULL, NULL, '2026-03-20 23:55:39'),
  ('c027f9cc-b92d-493c-ab2b-5c2634d2d65c', '7238ab12-8db4-4898-95a0-6b285d53b64a', 'awaiting_enrollment_fee', 'enrollment_fee_paid', NULL, NULL, '2026-03-21 11:55:39'),
  ('fdc47489-1174-431e-bc82-2d2ade29f7b1', '7238ab12-8db4-4898-95a0-6b285d53b64a', 'enrollment_fee_paid', 'awaiting_payment', NULL, NULL, '2026-03-21 23:55:39'),
  ('d49337d1-d9f4-4b7e-a36a-127aa187a9b4', '0cfb1b17-861e-4f79-80d4-35820553c450', NULL, 'draft', NULL, NULL, '2026-04-11 23:41:19.537089'),
  ('ba5a5ac0-f7be-436c-9b4e-4e9bfb0462cd', '4175cb3c-6337-4771-b010-b69fd38c9c51', NULL, 'draft', NULL, NULL, '2026-04-08 13:34:42'),
  ('4d4b4847-f0a2-4796-a226-91e969033092', '4175cb3c-6337-4771-b010-b69fd38c9c51', 'draft', 'submitted', NULL, NULL, '2026-04-09 01:34:42'),
  ('566ab03d-96c2-4558-81cb-098c40ae1174', '4175cb3c-6337-4771-b010-b69fd38c9c51', 'submitted', 'documents_incomplete', NULL, NULL, '2026-04-09 13:34:42'),
  ('85bf0f18-ba34-4714-accc-9575841ba5fb', '4175cb3c-6337-4771-b010-b69fd38c9c51', 'documents_incomplete', 'documents_verified', NULL, NULL, '2026-04-10 01:34:42'),
  ('ce225158-deb5-4238-8467-48ec687ed4ea', '4175cb3c-6337-4771-b010-b69fd38c9c51', 'documents_verified', 'awaiting_enrollment_fee', NULL, NULL, '2026-04-10 13:34:42'),
  ('0c2021a6-6b7d-4e5e-8f6a-9f466e3552c3', '4175cb3c-6337-4771-b010-b69fd38c9c51', 'awaiting_enrollment_fee', 'enrollment_fee_paid', NULL, NULL, '2026-04-11 01:34:42'),
  ('a9df1e70-1779-4f57-9420-16fabccbe81c', '09ba1f16-be3a-4162-a309-16caaac7f878', NULL, 'draft', NULL, NULL, '2026-03-16 10:10:13'),
  ('6f851e00-5377-4003-819b-e9c4c1a1e251', '09ba1f16-be3a-4162-a309-16caaac7f878', 'draft', 'submitted', NULL, NULL, '2026-03-16 22:10:13'),
  ('8bd09748-6a9a-44d8-8328-e1ed79b42264', '09ba1f16-be3a-4162-a309-16caaac7f878', 'submitted', 'documents_incomplete', NULL, NULL, '2026-03-17 10:10:13'),
  ('b9c7167d-e0d1-4d0c-b3bc-4a4f5bb9eda3', '09ba1f16-be3a-4162-a309-16caaac7f878', 'documents_incomplete', 'documents_verified', NULL, NULL, '2026-03-17 22:10:13'),
  ('6764358a-086c-4cd6-b5d8-986563927b81', '09ba1f16-be3a-4162-a309-16caaac7f878', 'documents_verified', 'awaiting_enrollment_fee', NULL, NULL, '2026-03-18 10:10:13'),
  ('c0a6a408-94d5-45af-85cb-6b645088b736', '09ba1f16-be3a-4162-a309-16caaac7f878', 'awaiting_enrollment_fee', 'enrollment_fee_paid', NULL, NULL, '2026-03-18 22:10:13'),
  ('6d2f7897-93e9-4958-a5ea-cfb115808025', '7000e815-bcfc-455c-8a5b-6077c5154a67', NULL, 'draft', NULL, NULL, '2026-01-22 01:53:08'),
  ('fe68f17e-e862-4f23-a1a6-271bbd87f652', '7000e815-bcfc-455c-8a5b-6077c5154a67', 'draft', 'submitted', NULL, NULL, '2026-01-22 13:53:08'),
  ('54a0aec0-c944-4561-93e2-164fe238d017', '7000e815-bcfc-455c-8a5b-6077c5154a67', 'submitted', 'documents_incomplete', NULL, NULL, '2026-01-23 01:53:08'),
  ('3b9fef8c-60fa-4490-b103-539121c6424b', '7000e815-bcfc-455c-8a5b-6077c5154a67', 'documents_incomplete', 'documents_verified', NULL, NULL, '2026-01-23 13:53:08'),
  ('eb275ea3-6aa3-4e6f-85a3-a3db2c309cca', '7000e815-bcfc-455c-8a5b-6077c5154a67', 'documents_verified', 'awaiting_enrollment_fee', NULL, NULL, '2026-01-24 01:53:08'),
  ('7065576f-8c39-4586-817d-08b6a7416b8a', '7000e815-bcfc-455c-8a5b-6077c5154a67', 'awaiting_enrollment_fee', 'enrollment_fee_paid', NULL, NULL, '2026-01-24 13:53:08'),
  ('443b86e8-1a4e-438e-a098-e4cc577b77c1', '7000e815-bcfc-455c-8a5b-6077c5154a67', 'enrollment_fee_paid', 'awaiting_payment', NULL, NULL, '2026-01-25 01:53:08'),
  ('226ea51c-35d5-4327-aa42-fd3a97013653', '7000e815-bcfc-455c-8a5b-6077c5154a67', 'awaiting_payment', 'payment_confirmed', NULL, NULL, '2026-01-25 13:53:08'),
  ('cbb0fecb-9761-4ed5-907e-747b0fce5248', '7000e815-bcfc-455c-8a5b-6077c5154a67', 'payment_confirmed', 'accepted', NULL, NULL, '2026-01-26 01:53:08'),
  ('a9f2789a-5310-4f75-abc8-46399d5ca0da', '87798a80-5a38-4b38-885e-f907f48660fc', NULL, 'draft', NULL, NULL, '2026-01-23 00:09:11'),
  ('d24ae562-5a43-4eed-9b1e-d9aa7ce11995', '87798a80-5a38-4b38-885e-f907f48660fc', 'draft', 'submitted', NULL, NULL, '2026-01-23 12:09:11'),
  ('654c8511-eacd-4f8c-958d-a6a3839e15ae', '87798a80-5a38-4b38-885e-f907f48660fc', 'submitted', 'documents_incomplete', NULL, NULL, '2026-01-24 00:09:11'),
  ('eb0c69e0-4a3a-41b0-9e35-6cb6e2dd5b58', '87798a80-5a38-4b38-885e-f907f48660fc', 'documents_incomplete', 'documents_verified', NULL, NULL, '2026-01-24 12:09:11'),
  ('4eab438e-b26a-43c9-9c03-b160a57ccac9', '87798a80-5a38-4b38-885e-f907f48660fc', 'documents_verified', 'awaiting_enrollment_fee', NULL, NULL, '2026-01-25 00:09:11'),
  ('2e2f10ee-24e1-4ea5-902e-4f04a9a08d7f', '87798a80-5a38-4b38-885e-f907f48660fc', 'awaiting_enrollment_fee', 'enrollment_fee_paid', NULL, NULL, '2026-01-25 12:09:11'),
  ('ae074c2e-5246-4f39-8e99-23b832951d83', '87798a80-5a38-4b38-885e-f907f48660fc', 'enrollment_fee_paid', 'awaiting_payment', NULL, NULL, '2026-01-26 00:09:11'),
  ('a87b052d-6f92-44e9-b539-b54e8451c34b', '593852cc-5034-40be-b9f3-f99478c18039', NULL, 'draft', NULL, NULL, '2026-02-22 12:47:36'),
  ('fe7ce7fb-feaa-4422-952b-8fb9f58e34ca', '593852cc-5034-40be-b9f3-f99478c18039', 'draft', 'submitted', NULL, NULL, '2026-02-23 00:47:36'),
  ('26c558c8-2348-43c3-8f4f-45134e71559e', '593852cc-5034-40be-b9f3-f99478c18039', 'submitted', 'documents_incomplete', NULL, NULL, '2026-02-23 12:47:36'),
  ('98ee5e6b-78dc-40af-b9b3-a21730993bc5', '593852cc-5034-40be-b9f3-f99478c18039', 'documents_incomplete', 'documents_verified', NULL, NULL, '2026-02-24 00:47:36'),
  ('5eafd3d0-e24b-456f-800a-e33493083a10', '593852cc-5034-40be-b9f3-f99478c18039', 'documents_verified', 'awaiting_enrollment_fee', NULL, NULL, '2026-02-24 12:47:36'),
  ('5bef3bcb-5e6f-4bfd-a971-1ef0f74ccd15', '1faa220c-a1fe-4663-8053-b32dd889fd19', NULL, 'draft', NULL, NULL, '2026-02-05 00:14:28'),
  ('08fcb4ae-5114-4d3f-9d7c-db2b07b29464', '1faa220c-a1fe-4663-8053-b32dd889fd19', 'draft', 'submitted', NULL, NULL, '2026-02-05 12:14:28'),
  ('5d86a94f-fa5b-4038-a4a0-44fad21bcbeb', '1faa220c-a1fe-4663-8053-b32dd889fd19', 'submitted', 'documents_incomplete', NULL, NULL, '2026-02-06 00:14:28'),
  ('07665373-bbee-43a8-b5ec-fe0c06dc2d8d', 'ec38fbb6-f985-40ae-b80f-517dcf96ae63', NULL, 'draft', NULL, NULL, '2026-02-15 14:50:49'),
  ('db4d65cc-fb74-4236-a902-0817981ebf66', 'ec38fbb6-f985-40ae-b80f-517dcf96ae63', 'draft', 'submitted', NULL, NULL, '2026-02-16 02:50:49'),
  ('45eb8eb4-1e9b-4cbe-8b59-5317b0c4ba1d', '99ca9fa2-3ec5-4fb1-88ab-ef403f8efbbc', NULL, 'draft', NULL, NULL, '2026-01-28 15:21:24'),
  ('6bf4b3d1-18ef-44a7-91df-13769821c8db', '99ca9fa2-3ec5-4fb1-88ab-ef403f8efbbc', 'draft', 'submitted', NULL, NULL, '2026-01-29 03:21:24'),
  ('e398b949-fffa-49b7-a05c-5dda83e02852', '99ca9fa2-3ec5-4fb1-88ab-ef403f8efbbc', 'submitted', 'documents_incomplete', NULL, NULL, '2026-01-29 15:21:24'),
  ('5da79015-c0e9-4dd3-8e2f-e430880cd47f', '12727a40-4720-4349-8b08-2c9de8a6ea29', NULL, 'draft', NULL, NULL, '2026-01-30 15:29:42'),
  ('95d080fa-de85-4a86-b889-48be80f9cb2e', '12727a40-4720-4349-8b08-2c9de8a6ea29', 'draft', 'submitted', NULL, NULL, '2026-01-31 03:29:42'),
  ('1c1f5fd3-19f8-4f27-9e34-b92ad4bad021', '12727a40-4720-4349-8b08-2c9de8a6ea29', 'submitted', 'documents_incomplete', NULL, NULL, '2026-01-31 15:29:42'),
  ('79d8e98c-5841-4692-924e-3d89abbf7570', '12727a40-4720-4349-8b08-2c9de8a6ea29', 'documents_incomplete', 'documents_verified', NULL, NULL, '2026-02-01 03:29:42'),
  ('21794047-b4f0-446e-ac3d-c2efca4bcf7e', '12727a40-4720-4349-8b08-2c9de8a6ea29', 'documents_verified', 'awaiting_enrollment_fee', NULL, NULL, '2026-02-01 15:29:42'),
  ('cddc3146-de35-49cb-96ff-6374d915c8f1', '5271df8e-d9b3-4e3e-b8aa-94421b3483b5', NULL, 'draft', NULL, NULL, '2026-03-06 08:08:19'),
  ('a8e4e55f-a548-47b0-875a-53091e3da1ae', '5271df8e-d9b3-4e3e-b8aa-94421b3483b5', 'draft', 'submitted', NULL, NULL, '2026-03-06 20:08:19'),
  ('02b7cd73-5412-4c15-ae1f-913621d26377', '5271df8e-d9b3-4e3e-b8aa-94421b3483b5', 'submitted', 'documents_incomplete', NULL, NULL, '2026-03-07 08:08:19'),
  ('c60aab14-871b-438b-9df9-1d2a5d07212d', '5271df8e-d9b3-4e3e-b8aa-94421b3483b5', 'documents_incomplete', 'documents_verified', NULL, NULL, '2026-03-07 20:08:19'),
  ('7db593f9-992a-4519-a8a5-352a52ccfd86', '5271df8e-d9b3-4e3e-b8aa-94421b3483b5', 'documents_verified', 'awaiting_enrollment_fee', NULL, NULL, '2026-03-08 08:08:19'),
  ('b48233f9-0888-46f3-9ea1-e40ebdf97f5d', '5271df8e-d9b3-4e3e-b8aa-94421b3483b5', 'awaiting_enrollment_fee', 'enrollment_fee_paid', NULL, NULL, '2026-03-08 20:08:19'),
  ('83010d40-4871-497d-8fc6-9cb4995f3aa7', '5271df8e-d9b3-4e3e-b8aa-94421b3483b5', 'enrollment_fee_paid', 'awaiting_payment', NULL, NULL, '2026-03-09 08:08:19'),
  ('66b696ea-ee9b-4f5c-81b5-ffe04f09326a', 'f50171fe-3db0-47c1-9263-42934b11c58d', NULL, 'draft', NULL, NULL, '2026-03-20 09:11:28'),
  ('3c263ed5-e2e6-46bb-8b3e-a0b1ef3f5588', 'f50171fe-3db0-47c1-9263-42934b11c58d', 'draft', 'submitted', NULL, NULL, '2026-03-20 21:11:28'),
  ('74e75d62-bb7a-4e1a-8f54-3892b03b6c87', '7ed70a13-2dea-401f-9380-c3e9de506bf4', NULL, 'draft', NULL, NULL, '2026-02-13 02:40:12'),
  ('a43a12dd-52aa-41ba-9a00-1ee353e5434b', '7ed70a13-2dea-401f-9380-c3e9de506bf4', 'draft', 'submitted', NULL, NULL, '2026-02-13 14:40:12'),
  ('d8670305-1d2b-4622-9a50-7e8d1b43651a', '7ed70a13-2dea-401f-9380-c3e9de506bf4', 'submitted', 'documents_incomplete', NULL, NULL, '2026-02-14 02:40:12'),
  ('74900c4c-742a-47d8-801d-4e38cf35b0a6', '7ed70a13-2dea-401f-9380-c3e9de506bf4', 'documents_incomplete', 'documents_verified', NULL, NULL, '2026-02-14 14:40:12'),
  ('96bef6da-fbd0-4d30-89d1-ac59e492c0cf', '7ed70a13-2dea-401f-9380-c3e9de506bf4', 'documents_verified', 'awaiting_enrollment_fee', NULL, NULL, '2026-02-15 02:40:12'),
  ('79b3d363-5a50-461b-a6ef-4fb46cee8cb9', '7ed70a13-2dea-401f-9380-c3e9de506bf4', 'awaiting_enrollment_fee', 'enrollment_fee_paid', NULL, NULL, '2026-02-15 14:40:12'),
  ('9bea719a-a8a9-46f9-9758-3a60c69c3887', '7ed70a13-2dea-401f-9380-c3e9de506bf4', 'enrollment_fee_paid', 'awaiting_payment', NULL, NULL, '2026-02-16 02:40:12'),
  ('39aec120-39b3-46a4-904b-539d78545cc8', '7ed70a13-2dea-401f-9380-c3e9de506bf4', 'awaiting_payment', 'payment_confirmed', NULL, NULL, '2026-02-16 14:40:12'),
  ('ce9126f8-9ead-40af-83bd-cf023fc4f967', '7ed70a13-2dea-401f-9380-c3e9de506bf4', 'payment_confirmed', 'accepted', NULL, NULL, '2026-02-17 02:40:12'),
  ('a7327711-76b8-4c7a-b0d8-b734affcedfe', '2046364b-5e1c-4d83-a576-487197417d20', NULL, 'draft', NULL, NULL, '2026-01-25 02:11:01'),
  ('a0d3768e-12a1-4c2d-9c78-49dd4131a95c', '2046364b-5e1c-4d83-a576-487197417d20', 'draft', 'submitted', NULL, NULL, '2026-01-25 14:11:01'),
  ('06996da5-5435-47c8-bcf1-317065aad362', '2046364b-5e1c-4d83-a576-487197417d20', 'submitted', 'documents_incomplete', NULL, NULL, '2026-01-26 02:11:01'),
  ('a4e7a44d-7466-416b-9691-72d0271a5bb8', '2046364b-5e1c-4d83-a576-487197417d20', 'documents_incomplete', 'documents_verified', NULL, NULL, '2026-01-26 14:11:01'),
  ('c3aff3e6-a712-441f-ae67-0b225bbbbeee', '2046364b-5e1c-4d83-a576-487197417d20', 'documents_verified', 'awaiting_enrollment_fee', NULL, NULL, '2026-01-27 02:11:01'),
  ('416e4096-b2ca-4968-9518-dc4317178197', '2046364b-5e1c-4d83-a576-487197417d20', 'awaiting_enrollment_fee', 'enrollment_fee_paid', NULL, NULL, '2026-01-27 14:11:01'),
  ('03a99a95-7cf2-4ea9-b6c1-0c78c5973d57', '51e03fd6-6943-4434-a270-66c42314dc24', NULL, 'draft', NULL, NULL, '2026-02-15 22:24:12'),
  ('b0e6e26f-650b-4bf4-8bce-9c04358fd5e5', '51e03fd6-6943-4434-a270-66c42314dc24', 'draft', 'submitted', NULL, NULL, '2026-02-16 10:24:12'),
  ('1c82365a-cdca-4600-bad7-55925bd05460', '51e03fd6-6943-4434-a270-66c42314dc24', 'submitted', 'documents_incomplete', NULL, NULL, '2026-02-16 22:24:12'),
  ('49a8b4f9-0a39-428f-a970-3e38c7a94b34', '51e03fd6-6943-4434-a270-66c42314dc24', 'documents_incomplete', 'documents_verified', NULL, NULL, '2026-02-17 10:24:12'),
  ('167108d2-71ba-4942-992b-9c93031778e3', '51e03fd6-6943-4434-a270-66c42314dc24', 'documents_verified', 'awaiting_enrollment_fee', NULL, NULL, '2026-02-17 22:24:12'),
  ('d60b5995-609a-4da3-bc18-a0552dcc6654', '51e03fd6-6943-4434-a270-66c42314dc24', 'awaiting_enrollment_fee', 'enrollment_fee_paid', NULL, NULL, '2026-02-18 10:24:12'),
  ('0e46c2a9-3e44-4f94-95c9-76e387c6063c', '51e03fd6-6943-4434-a270-66c42314dc24', 'enrollment_fee_paid', 'awaiting_payment', NULL, NULL, '2026-02-18 22:24:12'),
  ('e08c037b-0be7-4ba8-9d8a-e20f1349759c', '51e03fd6-6943-4434-a270-66c42314dc24', 'awaiting_payment', 'payment_confirmed', NULL, NULL, '2026-02-19 10:24:12'),
  ('573504ae-1beb-46e5-897c-78b462f9ff6d', '51e03fd6-6943-4434-a270-66c42314dc24', 'payment_confirmed', 'accepted', NULL, NULL, '2026-02-19 22:24:12'),
  ('100ebd4c-9cdd-4750-9447-1ac04aa4c46d', '10191075-d285-4c97-8b37-df772cd274b6', NULL, 'draft', NULL, NULL, '2026-03-03 12:55:36'),
  ('9af161f9-7293-426c-b63a-f302fa4261e2', '10191075-d285-4c97-8b37-df772cd274b6', 'draft', 'submitted', NULL, NULL, '2026-03-04 00:55:36'),
  ('4228c66b-3a40-47a4-96f1-88e1ab265dd1', '10191075-d285-4c97-8b37-df772cd274b6', 'submitted', 'documents_incomplete', NULL, NULL, '2026-03-04 12:55:36'),
  ('a22a1d8f-8282-4681-8b87-4185c2048bf5', '10191075-d285-4c97-8b37-df772cd274b6', 'documents_incomplete', 'documents_verified', NULL, NULL, '2026-03-05 00:55:36'),
  ('d9700471-faa1-4050-9e08-d355a38592d2', '10191075-d285-4c97-8b37-df772cd274b6', 'documents_verified', 'awaiting_enrollment_fee', NULL, NULL, '2026-03-05 12:55:36'),
  ('f2810767-815f-403f-a74e-f5646eca2d44', '10191075-d285-4c97-8b37-df772cd274b6', 'awaiting_enrollment_fee', 'enrollment_fee_paid', NULL, NULL, '2026-03-06 00:55:36'),
  ('eb3a6289-98b5-4b75-bf4b-a1e455ee8d28', '10191075-d285-4c97-8b37-df772cd274b6', 'enrollment_fee_paid', 'awaiting_payment', NULL, NULL, '2026-03-06 12:55:36'),
  ('f8e75860-977c-4c5f-b8b3-02c3dc89198e', 'fe5e919b-6ca7-479e-aa0c-0d1df4d3c19d', NULL, 'draft', NULL, NULL, '2026-04-11 02:59:47'),
  ('a3df6bab-ea6d-46f0-aec1-5ab7bda3909e', 'fe5e919b-6ca7-479e-aa0c-0d1df4d3c19d', 'draft', 'submitted', NULL, NULL, '2026-04-11 14:59:47'),
  ('0c4f503b-bb44-4876-ae75-a8ab6354584d', 'fe5e919b-6ca7-479e-aa0c-0d1df4d3c19d', 'submitted', 'documents_incomplete', NULL, NULL, '2026-04-12 02:59:47'),
  ('733d2484-72ed-4762-949a-e6569797fc71', 'fe5e919b-6ca7-479e-aa0c-0d1df4d3c19d', 'documents_incomplete', 'documents_verified', NULL, NULL, '2026-04-12 14:59:47'),
  ('73043460-7dfb-4588-82bb-0b2f80a3cec1', 'fe5e919b-6ca7-479e-aa0c-0d1df4d3c19d', 'documents_verified', 'awaiting_enrollment_fee', NULL, NULL, '2026-04-13 02:59:47'),
  ('32bdf1b8-4fbd-41a8-87d6-0112e73bf70f', 'fe5e919b-6ca7-479e-aa0c-0d1df4d3c19d', 'awaiting_enrollment_fee', 'enrollment_fee_paid', NULL, NULL, '2026-04-13 14:59:47'),
  ('cac40ed8-8225-4132-8bbc-8e0d9a9cc799', '89161e66-75d9-4306-a3a6-f9b8e6f944af', NULL, 'draft', NULL, NULL, '2026-02-28 05:10:27'),
  ('40c99b85-8eee-4f62-8650-5e3430c8647f', '89161e66-75d9-4306-a3a6-f9b8e6f944af', 'draft', 'submitted', NULL, NULL, '2026-02-28 17:10:27'),
  ('e332b3d7-c41c-4702-805e-34a088250faf', '89161e66-75d9-4306-a3a6-f9b8e6f944af', 'submitted', 'documents_incomplete', NULL, NULL, '2026-03-01 05:10:27'),
  ('8c4ae050-528c-485d-9579-bd3a464b22b0', '89161e66-75d9-4306-a3a6-f9b8e6f944af', 'documents_incomplete', 'documents_verified', NULL, NULL, '2026-03-01 17:10:27'),
  ('d09bebc4-a8bf-423b-b03a-00109f675665', '89161e66-75d9-4306-a3a6-f9b8e6f944af', 'documents_verified', 'awaiting_enrollment_fee', NULL, NULL, '2026-03-02 05:10:27'),
  ('7238487d-89cc-4390-9eef-bdac368efc66', '89161e66-75d9-4306-a3a6-f9b8e6f944af', 'awaiting_enrollment_fee', 'enrollment_fee_paid', NULL, NULL, '2026-03-02 17:10:27'),
  ('29159479-41f9-4da3-ad9b-645785d4eeba', 'd5756afe-f1a9-4a50-a585-5621ba4183a7', NULL, 'draft', NULL, NULL, '2026-01-25 21:04:44'),
  ('d0000d65-2194-4e51-8ee7-17ae5ae7bd0d', 'd5756afe-f1a9-4a50-a585-5621ba4183a7', 'draft', 'submitted', NULL, NULL, '2026-01-26 09:04:44'),
  ('f2ca22e0-6220-4e7a-a786-76fced526e4f', 'd5756afe-f1a9-4a50-a585-5621ba4183a7', 'submitted', 'documents_incomplete', NULL, NULL, '2026-01-26 21:04:44'),
  ('4a20219f-1c22-455d-b5b6-dcd445747416', 'a9c79497-8d51-4ff2-9592-1d7725801f2e', NULL, 'draft', NULL, NULL, '2026-01-11 03:27:18'),
  ('a53d3089-b55a-4f8a-be80-7b8505d11899', 'a9c79497-8d51-4ff2-9592-1d7725801f2e', 'draft', 'submitted', NULL, NULL, '2026-01-11 15:27:18'),
  ('b28a6e40-fd5b-488c-b0c4-11341734d93c', 'a9c79497-8d51-4ff2-9592-1d7725801f2e', 'submitted', 'documents_incomplete', NULL, NULL, '2026-01-12 03:27:18'),
  ('782bc8ba-f0ae-460e-bab0-c3e6385c21c8', 'a9c79497-8d51-4ff2-9592-1d7725801f2e', 'documents_incomplete', 'documents_verified', NULL, NULL, '2026-01-12 15:27:18'),
  ('e5645d18-f352-44a9-941f-e5340a507ff6', 'a9c79497-8d51-4ff2-9592-1d7725801f2e', 'documents_verified', 'awaiting_enrollment_fee', NULL, NULL, '2026-01-13 03:27:18'),
  ('047f5bfc-6f85-4c1f-abdf-72b369babeb5', 'a9c79497-8d51-4ff2-9592-1d7725801f2e', 'awaiting_enrollment_fee', 'enrollment_fee_paid', NULL, NULL, '2026-01-13 15:27:18'),
  ('4b36adae-146c-4a78-993c-4968d6f6f324', 'a9c79497-8d51-4ff2-9592-1d7725801f2e', 'enrollment_fee_paid', 'awaiting_payment', NULL, NULL, '2026-01-14 03:27:18'),
  ('107c9cf6-cdc1-4e5f-bc07-06efa8ca856c', 'a9c79497-8d51-4ff2-9592-1d7725801f2e', 'awaiting_payment', 'payment_confirmed', NULL, NULL, '2026-01-14 15:27:18'),
  ('447841bb-7105-4460-a237-0f1a01b67edc', 'a14b590b-5e1c-4cc7-bc6e-7af02f8b6bcb', NULL, 'draft', NULL, NULL, '2026-03-23 10:15:59'),
  ('8b908da4-6789-4dac-8a4c-d86ae5e778fa', 'a14b590b-5e1c-4cc7-bc6e-7af02f8b6bcb', 'draft', 'submitted', NULL, NULL, '2026-03-23 22:15:59'),
  ('94c87a88-7dab-4e91-bf9f-f0cf1f3dbb0b', 'a14b590b-5e1c-4cc7-bc6e-7af02f8b6bcb', 'submitted', 'documents_incomplete', NULL, NULL, '2026-03-24 10:15:59'),
  ('56e8ac55-e9f7-448d-bdcd-2e24940fff66', '6c8677be-3f9c-43ba-bf88-3e2ff5340997', NULL, 'draft', NULL, NULL, '2026-03-24 22:46:21'),
  ('24273146-6cf3-4207-abe3-2d1d742367b5', '6c8677be-3f9c-43ba-bf88-3e2ff5340997', 'draft', 'submitted', NULL, NULL, '2026-03-25 10:46:21'),
  ('bb72a013-87ef-4171-8a65-3f6adca33b5a', '6946a0ff-8a31-433c-ac7e-f56c218b3179', NULL, 'draft', NULL, NULL, '2026-04-08 18:38:02'),
  ('3345c051-267c-4e1c-84a4-e5d935ca2e2a', '6946a0ff-8a31-433c-ac7e-f56c218b3179', 'draft', 'submitted', NULL, NULL, '2026-04-09 06:38:02'),
  ('070e760a-7c43-468a-bba0-180ae78413db', '1227db70-2651-4d15-bb76-a9ef712008ad', NULL, 'draft', NULL, NULL, '2026-04-10 06:32:41'),
  ('a2c93ce4-a76e-40de-b023-f7b91423cf15', '1227db70-2651-4d15-bb76-a9ef712008ad', 'draft', 'submitted', NULL, NULL, '2026-04-10 18:32:41'),
  ('f4eaa700-55b1-4cbf-9730-9421c377e18e', '1227db70-2651-4d15-bb76-a9ef712008ad', 'submitted', 'documents_incomplete', NULL, NULL, '2026-04-11 06:32:41'),
  ('341ca264-0f42-49e4-9e50-6dde74b5da2f', '1227db70-2651-4d15-bb76-a9ef712008ad', 'documents_incomplete', 'documents_verified', NULL, NULL, '2026-04-11 18:32:41'),
  ('420a784d-b46e-48e8-bd57-ff398445a487', '1227db70-2651-4d15-bb76-a9ef712008ad', 'documents_verified', 'awaiting_enrollment_fee', NULL, NULL, '2026-04-12 06:32:41'),
  ('dd19c866-51d7-453c-9da1-9fc8626452d0', '1227db70-2651-4d15-bb76-a9ef712008ad', 'awaiting_enrollment_fee', 'enrollment_fee_paid', NULL, NULL, '2026-04-12 18:32:41'),
  ('86cb5a8e-bc93-4896-8fb4-1ad96d11e7ac', '1227db70-2651-4d15-bb76-a9ef712008ad', 'enrollment_fee_paid', 'awaiting_payment', NULL, NULL, '2026-04-13 06:32:41'),
  ('80be11e8-1c88-416a-827e-754c295c7b23', '1227db70-2651-4d15-bb76-a9ef712008ad', 'awaiting_payment', 'payment_confirmed', NULL, NULL, '2026-04-13 18:32:41'),
  ('19f302ee-32ef-48f5-a891-0e6b063c7010', '1227db70-2651-4d15-bb76-a9ef712008ad', 'payment_confirmed', 'accepted', NULL, NULL, '2026-04-14 06:32:41'),
  ('0b64919a-4dc0-4d92-bd5d-28f55bf25021', 'bfba04cd-1f45-425a-8e59-2d3a26c6d59a', NULL, 'draft', NULL, NULL, '2026-02-22 15:37:45'),
  ('c594280e-72fa-4ea0-8d76-386172acde06', 'bfba04cd-1f45-425a-8e59-2d3a26c6d59a', 'draft', 'submitted', NULL, NULL, '2026-02-23 03:37:45'),
  ('ed001f30-e920-4ede-9bec-8f5d9a683c86', 'bfba04cd-1f45-425a-8e59-2d3a26c6d59a', 'submitted', 'documents_incomplete', NULL, NULL, '2026-02-23 15:37:45'),
  ('b326f3ee-d194-426f-8ab7-fc2d2fb8a17c', 'bfba04cd-1f45-425a-8e59-2d3a26c6d59a', 'documents_incomplete', 'documents_verified', NULL, NULL, '2026-02-24 03:37:45'),
  ('2fda5b40-6560-4749-a4bf-b44d8a00a4f6', 'bfba04cd-1f45-425a-8e59-2d3a26c6d59a', 'documents_verified', 'awaiting_enrollment_fee', NULL, NULL, '2026-02-24 15:37:45'),
  ('ed54cc48-015d-4102-8844-272393d03c18', 'bfba04cd-1f45-425a-8e59-2d3a26c6d59a', 'awaiting_enrollment_fee', 'enrollment_fee_paid', NULL, NULL, '2026-02-25 03:37:45'),
  ('eae66b71-cbf4-47be-9efd-030e66fa0043', 'd6920977-c916-4832-89f7-c56bc55b014a', NULL, 'draft', NULL, NULL, '2026-01-24 06:19:42'),
  ('d8df1660-e328-42b8-94fe-4e08c71dc217', 'd6920977-c916-4832-89f7-c56bc55b014a', 'draft', 'submitted', NULL, NULL, '2026-01-24 18:19:42'),
  ('48db9f50-12fc-4c8f-b877-cc3e32c7a64f', 'd6920977-c916-4832-89f7-c56bc55b014a', 'submitted', 'documents_incomplete', NULL, NULL, '2026-01-25 06:19:42'),
  ('117de689-cb18-45b1-9ee6-a1114022f0dd', '812e108c-a7be-4200-8887-e72abfa842af', NULL, 'draft', NULL, NULL, '2026-03-17 13:19:21'),
  ('0b711e77-abf8-409c-b416-de9371323081', '812e108c-a7be-4200-8887-e72abfa842af', 'draft', 'submitted', NULL, NULL, '2026-03-18 01:19:21'),
  ('0ac5612e-9553-47cd-9fa1-e986894250e2', '812e108c-a7be-4200-8887-e72abfa842af', 'submitted', 'documents_incomplete', NULL, NULL, '2026-03-18 13:19:21'),
  ('5a0af5d9-a6ac-4374-801e-18f715692a93', '812e108c-a7be-4200-8887-e72abfa842af', 'documents_incomplete', 'documents_verified', NULL, NULL, '2026-03-19 01:19:21'),
  ('2c1816d8-8b18-4458-b734-a8c678f03e63', '812e108c-a7be-4200-8887-e72abfa842af', 'documents_verified', 'awaiting_enrollment_fee', NULL, NULL, '2026-03-19 13:19:21'),
  ('315f5c3a-6f03-4333-85a1-539042a1328d', '812e108c-a7be-4200-8887-e72abfa842af', 'awaiting_enrollment_fee', 'enrollment_fee_paid', NULL, NULL, '2026-03-20 01:19:21'),
  ('d7be9a47-50f2-4eb7-ab53-52eb40a00600', '812e108c-a7be-4200-8887-e72abfa842af', 'enrollment_fee_paid', 'awaiting_payment', NULL, NULL, '2026-03-20 13:19:21'),
  ('87f4f309-f4f5-4918-8295-1ce1518b23d7', '1ae36008-0cf0-42ba-92f7-6a897b5069c9', NULL, 'draft', NULL, NULL, '2026-03-05 05:16:42'),
  ('f7ae811b-aa4e-4ccd-a546-457eb19b2ebe', '1ae36008-0cf0-42ba-92f7-6a897b5069c9', 'draft', 'submitted', NULL, NULL, '2026-03-05 17:16:42'),
  ('82c0ad47-62e2-4221-b61e-e3b962f1bebf', '1ae36008-0cf0-42ba-92f7-6a897b5069c9', 'submitted', 'documents_incomplete', NULL, NULL, '2026-03-06 05:16:42'),
  ('49817d8c-b4a7-4ec0-bf90-e1a156b93831', '7a422fa5-a2ea-4f8f-b5e1-983d7adb75ac', NULL, 'draft', NULL, NULL, '2026-02-18 17:18:50'),
  ('8f1d0819-0b0c-41c7-a34d-4c2b43bdd12f', '7a422fa5-a2ea-4f8f-b5e1-983d7adb75ac', 'draft', 'submitted', NULL, NULL, '2026-02-19 05:18:50'),
  ('c9f9bc0b-2ba4-4213-8a48-f478e95424a1', '7a422fa5-a2ea-4f8f-b5e1-983d7adb75ac', 'submitted', 'documents_incomplete', NULL, NULL, '2026-02-19 17:18:50'),
  ('be9fe89c-092e-48da-9232-0f3b001b038d', 'a3bb2bbc-54a7-46ca-a7e5-6d6821001186', NULL, 'draft', NULL, NULL, '2026-01-19 16:56:42'),
  ('ca7fecdf-4246-4b7e-805b-0c32fca021c8', 'a3bb2bbc-54a7-46ca-a7e5-6d6821001186', 'draft', 'submitted', NULL, NULL, '2026-01-20 04:56:42'),
  ('cfb08187-709b-4bc9-903a-2c0a8c2ff112', 'a3bb2bbc-54a7-46ca-a7e5-6d6821001186', 'submitted', 'documents_incomplete', NULL, NULL, '2026-01-20 16:56:42'),
  ('554db2c6-3dee-4bcf-948d-a4688441235f', 'a3bb2bbc-54a7-46ca-a7e5-6d6821001186', 'documents_incomplete', 'documents_verified', NULL, NULL, '2026-01-21 04:56:42'),
  ('a2058a44-994f-4584-8ca9-0f8d5a88a885', 'a3bb2bbc-54a7-46ca-a7e5-6d6821001186', 'documents_verified', 'awaiting_enrollment_fee', NULL, NULL, '2026-01-21 16:56:42'),
  ('846363e6-d9f6-4c41-bbf5-ecc6c242fe12', 'a3bb2bbc-54a7-46ca-a7e5-6d6821001186', 'awaiting_enrollment_fee', 'enrollment_fee_paid', NULL, NULL, '2026-01-22 04:56:42'),
  ('0e01c727-1ab8-47e0-974e-ae7d4e344098', 'a3bb2bbc-54a7-46ca-a7e5-6d6821001186', 'enrollment_fee_paid', 'awaiting_payment', NULL, NULL, '2026-01-22 16:56:42'),
  ('7f8abfea-b149-46af-b7b8-4b442b6fdf16', 'a3bb2bbc-54a7-46ca-a7e5-6d6821001186', 'awaiting_payment', 'payment_confirmed', NULL, NULL, '2026-01-23 04:56:42'),
  ('d20f1410-34b3-4c71-9f23-628c721a5328', '2a6807ef-6139-433e-b24e-25f42ba8e28a', NULL, 'draft', NULL, NULL, '2026-02-11 09:56:15'),
  ('36a10b75-1291-4597-bb62-57521a63f2a3', '2a6807ef-6139-433e-b24e-25f42ba8e28a', 'draft', 'submitted', NULL, NULL, '2026-02-11 21:56:15'),
  ('b2fc04ae-5138-4f1d-9c89-6ec77d80f1bb', '2a6807ef-6139-433e-b24e-25f42ba8e28a', 'submitted', 'documents_incomplete', NULL, NULL, '2026-02-12 09:56:15'),
  ('f47a3360-7e26-4141-9c24-3b46c2531fbc', '2a6807ef-6139-433e-b24e-25f42ba8e28a', 'documents_incomplete', 'documents_verified', NULL, NULL, '2026-02-12 21:56:15'),
  ('03e7afd1-5aee-4281-8cd1-dfb9e58fb770', '2a6807ef-6139-433e-b24e-25f42ba8e28a', 'documents_verified', 'awaiting_enrollment_fee', NULL, NULL, '2026-02-13 09:56:15'),
  ('5d7b35ea-a6c4-4889-bb56-d902262bd577', '2a6807ef-6139-433e-b24e-25f42ba8e28a', 'awaiting_enrollment_fee', 'enrollment_fee_paid', NULL, NULL, '2026-02-13 21:56:15'),
  ('cf6cf71a-0e8d-43e5-8d62-7473678d12cb', '2a6807ef-6139-433e-b24e-25f42ba8e28a', 'enrollment_fee_paid', 'awaiting_payment', NULL, NULL, '2026-02-14 09:56:15'),
  ('4e966dda-437e-42c3-b9c0-7176a6900d42', '42196838-4c93-4055-bb5a-32abafe134a1', NULL, 'draft', NULL, NULL, '2026-03-08 08:56:32'),
  ('fb0281cc-d7b1-4f3b-8dff-f33725e11024', '42196838-4c93-4055-bb5a-32abafe134a1', 'draft', 'submitted', NULL, NULL, '2026-03-08 20:56:32'),
  ('2aebd524-b293-4008-86fc-d99b63b425ad', '42196838-4c93-4055-bb5a-32abafe134a1', 'submitted', 'documents_incomplete', NULL, NULL, '2026-03-09 08:56:32'),
  ('811f3060-78e3-4417-9244-ecfd8d34ce58', '42196838-4c93-4055-bb5a-32abafe134a1', 'documents_incomplete', 'documents_verified', NULL, NULL, '2026-03-09 20:56:32'),
  ('09fa5b9b-5c09-4ca0-84d8-a30568dec64c', '9396c972-8c17-4ca3-aefd-1135de638f08', NULL, 'draft', NULL, NULL, '2026-03-02 20:07:42'),
  ('92122e34-7a61-4cee-839d-6e29912e4989', '9396c972-8c17-4ca3-aefd-1135de638f08', 'draft', 'submitted', NULL, NULL, '2026-03-03 08:07:42'),
  ('c1af088c-0781-4fe6-8721-8c204897cc13', '9396c972-8c17-4ca3-aefd-1135de638f08', 'submitted', 'documents_incomplete', NULL, NULL, '2026-03-03 20:07:42'),
  ('0fbfdfca-3b9a-4620-b972-0ca6256ac961', '9396c972-8c17-4ca3-aefd-1135de638f08', 'documents_incomplete', 'documents_verified', NULL, NULL, '2026-03-04 08:07:42'),
  ('aef77302-fbdb-4abc-b0f9-0e5532461ed0', '9396c972-8c17-4ca3-aefd-1135de638f08', 'documents_verified', 'awaiting_enrollment_fee', NULL, NULL, '2026-03-04 20:07:42'),
  ('44c93420-9274-424a-b3fb-cec7804360be', '4d39679e-3ddf-44e9-9cfd-c7f1d5bd2c37', NULL, 'draft', NULL, NULL, '2026-02-01 07:04:52'),
  ('f9a4c866-6259-4c03-9f06-f66aa94584eb', '4d39679e-3ddf-44e9-9cfd-c7f1d5bd2c37', 'draft', 'submitted', NULL, NULL, '2026-02-01 19:04:52'),
  ('8cb77918-bda1-4e59-90ba-93f6a602f7ba', '4d39679e-3ddf-44e9-9cfd-c7f1d5bd2c37', 'submitted', 'documents_incomplete', NULL, NULL, '2026-02-02 07:04:52'),
  ('be19bdda-f2d3-4b8f-88b8-b10f7ede2180', '4d39679e-3ddf-44e9-9cfd-c7f1d5bd2c37', 'documents_incomplete', 'documents_verified', NULL, NULL, '2026-02-02 19:04:52'),
  ('8d532928-08f2-4d2d-84f3-f4cec867bfbf', '4d39679e-3ddf-44e9-9cfd-c7f1d5bd2c37', 'documents_verified', 'awaiting_enrollment_fee', NULL, NULL, '2026-02-03 07:04:52'),
  ('b47b3794-d22e-4889-9f30-d4749c15b2b6', '4d39679e-3ddf-44e9-9cfd-c7f1d5bd2c37', 'awaiting_enrollment_fee', 'enrollment_fee_paid', NULL, NULL, '2026-02-03 19:04:52'),
  ('b81babb0-0652-4245-a32b-642652b79e2e', '4d39679e-3ddf-44e9-9cfd-c7f1d5bd2c37', 'enrollment_fee_paid', 'awaiting_payment', NULL, NULL, '2026-02-04 07:04:52'),
  ('8d6f93e8-4999-4e28-9f5d-eef7cb0810ed', '4d39679e-3ddf-44e9-9cfd-c7f1d5bd2c37', 'awaiting_payment', 'payment_confirmed', NULL, NULL, '2026-02-04 19:04:52'),
  ('06f8e39a-b6b0-4dde-8cab-cd8a3f0e30d0', '1c440b46-de4b-48e3-821c-fce4fb3ab94b', NULL, 'draft', NULL, NULL, '2026-03-27 13:58:14'),
  ('7fa80416-0bb5-492b-93a9-1bc19398b52c', '1c440b46-de4b-48e3-821c-fce4fb3ab94b', 'draft', 'submitted', NULL, NULL, '2026-03-28 01:58:14'),
  ('6875d587-8313-4249-8bf7-98e4d4331034', '1c440b46-de4b-48e3-821c-fce4fb3ab94b', 'submitted', 'documents_incomplete', NULL, NULL, '2026-03-28 13:58:14'),
  ('89af037c-5ffb-4d0c-a0e6-da47a0e8a87b', '1c440b46-de4b-48e3-821c-fce4fb3ab94b', 'documents_incomplete', 'documents_verified', NULL, NULL, '2026-03-29 01:58:14'),
  ('6df12c3f-ee37-4fd9-a8a5-6a043a21b4e1', '1c440b46-de4b-48e3-821c-fce4fb3ab94b', 'documents_verified', 'awaiting_enrollment_fee', NULL, NULL, '2026-03-29 13:58:14'),
  ('d1f5079e-cbaf-46bf-910d-ad873a3ddaf3', '1c440b46-de4b-48e3-821c-fce4fb3ab94b', 'awaiting_enrollment_fee', 'enrollment_fee_paid', NULL, NULL, '2026-03-30 01:58:14'),
  ('5811a9d1-903a-42e6-b514-46528fc43fef', '1c440b46-de4b-48e3-821c-fce4fb3ab94b', 'enrollment_fee_paid', 'awaiting_payment', NULL, NULL, '2026-03-30 13:58:14'),
  ('39265869-554c-42e0-9834-5435452ad952', '1c440b46-de4b-48e3-821c-fce4fb3ab94b', 'awaiting_payment', 'payment_confirmed', NULL, NULL, '2026-03-31 01:58:14'),
  ('2c299452-7247-46d2-87a4-fae8c3526ed1', '1c440b46-de4b-48e3-821c-fce4fb3ab94b', 'payment_confirmed', 'accepted', NULL, NULL, '2026-03-31 13:58:14'),
  ('65188320-f369-4d54-a251-3629a3f5a86e', '54793df0-3e84-4f0d-bda7-409f0d9d0b50', NULL, 'draft', NULL, NULL, '2026-03-04 00:02:24'),
  ('71b4dd5c-3ab8-42f8-a7d5-785c60eae533', '54793df0-3e84-4f0d-bda7-409f0d9d0b50', 'draft', 'submitted', NULL, NULL, '2026-03-04 12:02:24'),
  ('418561f4-1d3c-4f16-8630-d88ae135efe7', '54793df0-3e84-4f0d-bda7-409f0d9d0b50', 'submitted', 'documents_incomplete', NULL, NULL, '2026-03-05 00:02:24'),
  ('5ee9d269-e445-46b2-966c-8afecb058a07', '54793df0-3e84-4f0d-bda7-409f0d9d0b50', 'documents_incomplete', 'documents_verified', NULL, NULL, '2026-03-05 12:02:24'),
  ('8f2701c0-65a6-46f0-9fe6-8f90932efd0f', '54793df0-3e84-4f0d-bda7-409f0d9d0b50', 'documents_verified', 'awaiting_enrollment_fee', NULL, NULL, '2026-03-06 00:02:24'),
  ('2420791c-d247-4f59-bf50-8026133292bc', '38b1ff79-3a94-4343-99f7-5bfa86a406bd', NULL, 'draft', NULL, NULL, '2026-01-19 05:03:05'),
  ('19701160-35f0-4475-98ef-25e9916bb900', '38b1ff79-3a94-4343-99f7-5bfa86a406bd', 'draft', 'submitted', NULL, NULL, '2026-01-19 17:03:05'),
  ('115a5e0c-eda6-4d52-a0de-0e67551ea312', '38b1ff79-3a94-4343-99f7-5bfa86a406bd', 'submitted', 'documents_incomplete', NULL, NULL, '2026-01-20 05:03:05'),
  ('b3e84a1f-7d9d-4b06-9a7f-96273ffae950', '38b1ff79-3a94-4343-99f7-5bfa86a406bd', 'documents_incomplete', 'documents_verified', NULL, NULL, '2026-01-20 17:03:05'),
  ('33213fac-fff1-438f-ba8e-4f86506f8db9', '963f4e58-d55d-4672-8538-657b3a04bb52', NULL, 'draft', NULL, NULL, '2026-03-01 09:59:59'),
  ('1a25df06-770f-4060-9e11-bf453482bf00', '963f4e58-d55d-4672-8538-657b3a04bb52', 'draft', 'submitted', NULL, NULL, '2026-03-01 21:59:59'),
  ('290691e6-6891-43d4-9e37-32842eca9489', '963f4e58-d55d-4672-8538-657b3a04bb52', 'submitted', 'documents_incomplete', NULL, NULL, '2026-03-02 09:59:59'),
  ('619d094b-8836-445f-8c36-474d054fad8b', '963f4e58-d55d-4672-8538-657b3a04bb52', 'documents_incomplete', 'documents_verified', NULL, NULL, '2026-03-02 21:59:59'),
  ('a94049ab-81c3-438c-a04c-f7a466274153', '963f4e58-d55d-4672-8538-657b3a04bb52', 'documents_verified', 'awaiting_enrollment_fee', NULL, NULL, '2026-03-03 09:59:59'),
  ('86a2e56b-7938-495d-8b77-9aa1f7f107ca', '963f4e58-d55d-4672-8538-657b3a04bb52', 'awaiting_enrollment_fee', 'enrollment_fee_paid', NULL, NULL, '2026-03-03 21:59:59'),
  ('965c4c65-8b15-466b-87a3-8434f92b7601', '963f4e58-d55d-4672-8538-657b3a04bb52', 'enrollment_fee_paid', 'awaiting_payment', NULL, NULL, '2026-03-04 09:59:59'),
  ('17daab21-c126-4680-ae02-a3203970e02a', '963f4e58-d55d-4672-8538-657b3a04bb52', 'awaiting_payment', 'payment_confirmed', NULL, NULL, '2026-03-04 21:59:59'),
  ('b4889ab1-520c-4043-beb6-38472e62a75a', 'a165c338-c7b1-4a26-adbf-e5893a7d4efc', NULL, 'draft', NULL, NULL, '2026-02-18 00:31:20'),
  ('5221e8a7-f045-4e78-b4dc-5214aad9bd6c', 'a165c338-c7b1-4a26-adbf-e5893a7d4efc', 'draft', 'submitted', NULL, NULL, '2026-02-18 12:31:20'),
  ('4aed7af7-9ceb-4def-b3de-a3033aae9c31', 'a165c338-c7b1-4a26-adbf-e5893a7d4efc', 'submitted', 'documents_incomplete', NULL, NULL, '2026-02-19 00:31:20'),
  ('c663cc1a-d15c-45bd-929d-a07bc73f56c1', 'a165c338-c7b1-4a26-adbf-e5893a7d4efc', 'documents_incomplete', 'documents_verified', NULL, NULL, '2026-02-19 12:31:20'),
  ('10d7f6fc-da97-4279-8f65-a0725a86e547', 'a165c338-c7b1-4a26-adbf-e5893a7d4efc', 'documents_verified', 'awaiting_enrollment_fee', NULL, NULL, '2026-02-20 00:31:20'),
  ('e1190432-0b55-4663-814a-3a122b0d29f9', '8f26d52c-5dc1-4ae0-b5ae-586399a6d04f', NULL, 'draft', NULL, NULL, '2026-01-29 14:33:00'),
  ('b056fb5e-7443-4abc-84b3-fb451a96417c', '8f26d52c-5dc1-4ae0-b5ae-586399a6d04f', 'draft', 'submitted', NULL, NULL, '2026-01-30 02:33:00'),
  ('89aeffb5-8b23-43ee-9c63-df8db794a5c9', '8f26d52c-5dc1-4ae0-b5ae-586399a6d04f', 'submitted', 'documents_incomplete', NULL, NULL, '2026-01-30 14:33:00'),
  ('427a782b-1d0b-48f1-a94a-c9528b9d0116', '8f26d52c-5dc1-4ae0-b5ae-586399a6d04f', 'documents_incomplete', 'documents_verified', NULL, NULL, '2026-01-31 02:33:00'),
  ('23f371b4-5383-49dc-ac11-5863dc073f62', '8f26d52c-5dc1-4ae0-b5ae-586399a6d04f', 'documents_verified', 'awaiting_enrollment_fee', NULL, NULL, '2026-01-31 14:33:00'),
  ('fce53953-dbf9-4e68-b264-cd661d7e5314', '8f26d52c-5dc1-4ae0-b5ae-586399a6d04f', 'awaiting_enrollment_fee', 'enrollment_fee_paid', NULL, NULL, '2026-02-01 02:33:00'),
  ('38635aee-a694-4c2d-b2d5-a0d672b2c5da', '8f26d52c-5dc1-4ae0-b5ae-586399a6d04f', 'enrollment_fee_paid', 'awaiting_payment', NULL, NULL, '2026-02-01 14:33:00'),
  ('e2f96c3a-d3af-4eff-9321-ef91b1974ed5', '8f26d52c-5dc1-4ae0-b5ae-586399a6d04f', 'awaiting_payment', 'payment_confirmed', NULL, NULL, '2026-02-02 02:33:00'),
  ('dc8f1dfc-18d3-4d8d-83b1-c89b5f07973d', '8f26d52c-5dc1-4ae0-b5ae-586399a6d04f', 'payment_confirmed', 'accepted', NULL, NULL, '2026-02-02 14:33:00'),
  ('6487c926-488c-4dab-a973-36f23214895e', 'bd869422-c592-40d9-941b-eda333bd3a83', NULL, 'draft', NULL, NULL, '2026-02-27 08:18:56'),
  ('827fe296-2afa-4148-b617-3192fb587132', 'bd869422-c592-40d9-941b-eda333bd3a83', 'draft', 'submitted', NULL, NULL, '2026-02-27 20:18:56'),
  ('72f5544a-e432-49ff-b61d-bb8c9e294753', 'bd869422-c592-40d9-941b-eda333bd3a83', 'submitted', 'documents_incomplete', NULL, NULL, '2026-02-28 08:18:56'),
  ('96eb86b9-dbdd-46a5-9e07-95811eab6652', 'debb481d-7b76-4d7e-b5dd-ca61c580e341', NULL, 'draft', NULL, NULL, '2026-02-10 13:52:40'),
  ('3fd2a751-68fe-4774-a589-c16c5adaa64b', 'debb481d-7b76-4d7e-b5dd-ca61c580e341', 'draft', 'submitted', NULL, NULL, '2026-02-11 01:52:40'),
  ('acc1b2cd-c79a-4783-9a66-7e333cb9dfff', 'debb481d-7b76-4d7e-b5dd-ca61c580e341', 'submitted', 'documents_incomplete', NULL, NULL, '2026-02-11 13:52:40'),
  ('4380b91a-f2fe-40c4-9962-6ecbbecef73f', 'e07b7ddf-7890-4c0d-bdd4-eca6114e8d88', NULL, 'draft', NULL, NULL, '2026-04-11 23:41:19.538090'),
  ('7bf420ee-4d34-4344-b0a2-293a7c56a1bc', '9441580d-4dcf-4403-ba09-061d67102ef3', NULL, 'draft', NULL, NULL, '2026-03-10 06:56:27'),
  ('5242616c-3d59-483d-ba3a-fe34fa551eec', '9441580d-4dcf-4403-ba09-061d67102ef3', 'draft', 'submitted', NULL, NULL, '2026-03-10 18:56:27'),
  ('8eaf248c-1277-4840-8afd-db4404ef805f', '9441580d-4dcf-4403-ba09-061d67102ef3', 'submitted', 'documents_incomplete', NULL, NULL, '2026-03-11 06:56:27'),
  ('803fcb7f-4bcd-415d-a650-18853a2758fc', '9441580d-4dcf-4403-ba09-061d67102ef3', 'documents_incomplete', 'documents_verified', NULL, NULL, '2026-03-11 18:56:27'),
  ('c77adf9e-795a-4339-b546-fa6df1c7b3a2', '9441580d-4dcf-4403-ba09-061d67102ef3', 'documents_verified', 'awaiting_enrollment_fee', NULL, NULL, '2026-03-12 06:56:27'),
  ('76ed3c48-974a-44e2-b8b9-a4cfff37ac3e', '9441580d-4dcf-4403-ba09-061d67102ef3', 'awaiting_enrollment_fee', 'enrollment_fee_paid', NULL, NULL, '2026-03-12 18:56:27'),
  ('1d2d9f6d-0d26-4e54-a4b6-a0c0fcc85f6d', 'a8368903-1ce2-4f36-b8fd-10be726cf938', NULL, 'draft', NULL, NULL, '2026-03-10 11:22:55'),
  ('7b64d043-e068-4ebd-ae5e-fb3bc44a4454', 'a8368903-1ce2-4f36-b8fd-10be726cf938', 'draft', 'submitted', NULL, NULL, '2026-03-10 23:22:55'),
  ('40f407db-c40f-4071-a9f2-54b5935944ab', 'a8368903-1ce2-4f36-b8fd-10be726cf938', 'submitted', 'documents_incomplete', NULL, NULL, '2026-03-11 11:22:55'),
  ('b09a2bb4-b981-45dc-b5e0-d9f2752f8111', 'a8368903-1ce2-4f36-b8fd-10be726cf938', 'documents_incomplete', 'documents_verified', NULL, NULL, '2026-03-11 23:22:55'),
  ('7ea75b95-a856-4b52-98b1-9084123aac0a', 'a8368903-1ce2-4f36-b8fd-10be726cf938', 'documents_verified', 'awaiting_enrollment_fee', NULL, NULL, '2026-03-12 11:22:55'),
  ('889994f0-7542-4669-8173-079da51ed536', 'a8368903-1ce2-4f36-b8fd-10be726cf938', 'awaiting_enrollment_fee', 'enrollment_fee_paid', NULL, NULL, '2026-03-12 23:22:55'),
  ('5dcde5da-081b-41e4-a638-e63a2febb7f3', 'a8368903-1ce2-4f36-b8fd-10be726cf938', 'enrollment_fee_paid', 'awaiting_payment', NULL, NULL, '2026-03-13 11:22:55'),
  ('9f782de2-05d8-46f4-acf0-95bac438af0d', 'a8368903-1ce2-4f36-b8fd-10be726cf938', 'awaiting_payment', 'payment_confirmed', NULL, NULL, '2026-03-13 23:22:55'),
  ('6629e0fe-f850-40db-8173-d8d3bcd93cad', 'a8368903-1ce2-4f36-b8fd-10be726cf938', 'payment_confirmed', 'accepted', NULL, NULL, '2026-03-14 11:22:55'),
  ('8bef1e15-af19-4f47-85d6-bbbbe2eb41ef', 'ddec7e27-f99d-4316-abbf-191c3ed10aa1', NULL, 'draft', NULL, NULL, '2026-02-18 07:49:33'),
  ('0874a6e3-8ffe-4fdf-bc1a-dbc1db9ecde7', 'ddec7e27-f99d-4316-abbf-191c3ed10aa1', 'draft', 'submitted', NULL, NULL, '2026-02-18 19:49:33'),
  ('21d384d2-9d98-4607-93ad-8d463d6a6b00', 'ddec7e27-f99d-4316-abbf-191c3ed10aa1', 'submitted', 'documents_incomplete', NULL, NULL, '2026-02-19 07:49:33'),
  ('a05a8002-9511-48ba-b55a-16ddbd666fc5', 'ddec7e27-f99d-4316-abbf-191c3ed10aa1', 'documents_incomplete', 'documents_verified', NULL, NULL, '2026-02-19 19:49:33'),
  ('006e476f-a612-442c-85a5-4b8caf3b1f1c', 'ddec7e27-f99d-4316-abbf-191c3ed10aa1', 'documents_verified', 'awaiting_enrollment_fee', NULL, NULL, '2026-02-20 07:49:33'),
  ('7113b53b-0541-47ca-a066-9d9807338beb', '7167f528-6959-46c0-b95b-716281c35050', NULL, 'draft', NULL, NULL, '2026-02-17 05:09:22'),
  ('2a54e695-e35a-4260-a7d9-ef77efd07c04', '7167f528-6959-46c0-b95b-716281c35050', 'draft', 'submitted', NULL, NULL, '2026-02-17 17:09:22'),
  ('704bcee8-e817-4eaa-9d00-7feb6d2f4493', '7167f528-6959-46c0-b95b-716281c35050', 'submitted', 'documents_incomplete', NULL, NULL, '2026-02-18 05:09:22'),
  ('d846750f-bb0e-4759-8163-bd70bb6b7f54', 'ead426ae-8eaf-4c66-82b8-3d93640071b9', NULL, 'draft', NULL, NULL, '2026-02-13 20:09:54'),
  ('d6c707be-5d0d-492f-aab7-6bdfca0ebbb2', 'ead426ae-8eaf-4c66-82b8-3d93640071b9', 'draft', 'submitted', NULL, NULL, '2026-02-14 08:09:54'),
  ('613bb17d-0548-4fb4-bd0b-86ba03a996d3', 'ead426ae-8eaf-4c66-82b8-3d93640071b9', 'submitted', 'documents_incomplete', NULL, NULL, '2026-02-14 20:09:54'),
  ('fe05dff0-c122-47d4-8eae-13f1012d40e1', 'ead426ae-8eaf-4c66-82b8-3d93640071b9', 'documents_incomplete', 'documents_verified', NULL, NULL, '2026-02-15 08:09:54'),
  ('14b3e7c1-0cbd-4161-8dfc-2e5c324336f8', 'ead426ae-8eaf-4c66-82b8-3d93640071b9', 'documents_verified', 'awaiting_enrollment_fee', NULL, NULL, '2026-02-15 20:09:54'),
  ('c70a88fd-ad9f-45f6-a658-e7ec266aead4', 'ead426ae-8eaf-4c66-82b8-3d93640071b9', 'awaiting_enrollment_fee', 'enrollment_fee_paid', NULL, NULL, '2026-02-16 08:09:54'),
  ('791537db-4a23-492d-89d1-9651cde9a774', 'ead426ae-8eaf-4c66-82b8-3d93640071b9', 'enrollment_fee_paid', 'awaiting_payment', NULL, NULL, '2026-02-16 20:09:54'),
  ('752de373-a3b8-4061-8e5a-02b5c579ef31', 'ead426ae-8eaf-4c66-82b8-3d93640071b9', 'awaiting_payment', 'payment_confirmed', NULL, NULL, '2026-02-17 08:09:54'),
  ('ca0e06e6-5e36-49e9-9cec-0340183b2cd1', '86db686b-911c-4711-a48e-d7f4ad370afe', NULL, 'draft', NULL, NULL, '2026-02-09 15:20:22'),
  ('ed7a3fdb-14b3-4705-b9cb-2bf901c0d1f2', '86db686b-911c-4711-a48e-d7f4ad370afe', 'draft', 'submitted', NULL, NULL, '2026-02-10 03:20:22'),
  ('c712f306-4362-4e9d-99be-6b80537b5610', '86db686b-911c-4711-a48e-d7f4ad370afe', 'submitted', 'documents_incomplete', NULL, NULL, '2026-02-10 15:20:22'),
  ('42212f20-d6ec-401f-8566-0390f8bf4bd5', '86db686b-911c-4711-a48e-d7f4ad370afe', 'documents_incomplete', 'documents_verified', NULL, NULL, '2026-02-11 03:20:22'),
  ('9f59949e-1494-49b4-b161-0098f2c01de9', '86db686b-911c-4711-a48e-d7f4ad370afe', 'documents_verified', 'awaiting_enrollment_fee', NULL, NULL, '2026-02-11 15:20:22'),
  ('02b9ea42-3498-4b67-aa6d-3dc5a798b724', '86db686b-911c-4711-a48e-d7f4ad370afe', 'awaiting_enrollment_fee', 'enrollment_fee_paid', NULL, NULL, '2026-02-12 03:20:22'),
  ('b7c3784b-3c9c-4979-a65c-0bc0aead54ad', '86db686b-911c-4711-a48e-d7f4ad370afe', 'enrollment_fee_paid', 'awaiting_payment', NULL, NULL, '2026-02-12 15:20:22'),
  ('a5306f3f-4442-40a8-8334-89143dee2623', '46740d1f-f116-4c08-8b61-168d263da9f2', NULL, 'draft', NULL, NULL, '2026-01-19 05:34:05'),
  ('cb94c980-97b3-4fae-b282-dcd43129644d', '46740d1f-f116-4c08-8b61-168d263da9f2', 'draft', 'submitted', NULL, NULL, '2026-01-19 17:34:05'),
  ('982dbe9c-57f3-4939-b670-b90f5871ba86', '46740d1f-f116-4c08-8b61-168d263da9f2', 'submitted', 'documents_incomplete', NULL, NULL, '2026-01-20 05:34:05'),
  ('e87bd45a-e9df-45c1-8039-6a9f9e4a1249', '46740d1f-f116-4c08-8b61-168d263da9f2', 'documents_incomplete', 'documents_verified', NULL, NULL, '2026-01-20 17:34:05'),
  ('3ddac574-f263-4517-bf1e-c17de694bda6', '7c57d116-81b1-4d96-8e29-5d65775cc5b1', NULL, 'draft', NULL, NULL, '2026-02-20 01:53:22'),
  ('42e4b5eb-09a5-4182-bd46-ed1d28edf4f0', '7c57d116-81b1-4d96-8e29-5d65775cc5b1', 'draft', 'submitted', NULL, NULL, '2026-02-20 13:53:22'),
  ('11c999dc-9aec-4d83-9490-30d7199d1d77', '7c57d116-81b1-4d96-8e29-5d65775cc5b1', 'submitted', 'documents_incomplete', NULL, NULL, '2026-02-21 01:53:22'),
  ('46ee0286-092e-4a6b-862a-609faa653adc', '7c57d116-81b1-4d96-8e29-5d65775cc5b1', 'documents_incomplete', 'documents_verified', NULL, NULL, '2026-02-21 13:53:22'),
  ('772aae61-1b9a-4bd8-b32f-042ffeee608f', '7c57d116-81b1-4d96-8e29-5d65775cc5b1', 'documents_verified', 'awaiting_enrollment_fee', NULL, NULL, '2026-02-22 01:53:22'),
  ('a4f90684-560b-4bb1-97c8-9f163ff7df3c', '7c57d116-81b1-4d96-8e29-5d65775cc5b1', 'awaiting_enrollment_fee', 'enrollment_fee_paid', NULL, NULL, '2026-02-22 13:53:22'),
  ('10eaba44-0e0e-432e-8ef1-e16c050ba407', '671c396c-2c9f-4a68-87fe-b8e26a548b7b', NULL, 'draft', NULL, NULL, '2026-04-11 23:41:19.538090'),
  ('8a0a0746-598e-499f-9468-21894bd3abc6', '8d035b3d-eea9-4584-8be5-32b8261f0163', NULL, 'draft', NULL, NULL, '2026-03-29 18:10:17'),
  ('8e1b2f8e-58cd-4efb-929e-282d944e3a8c', '8d035b3d-eea9-4584-8be5-32b8261f0163', 'draft', 'submitted', NULL, NULL, '2026-03-30 06:10:17'),
  ('b08fb8ac-9ac1-4458-a34b-6b211982393d', '8d035b3d-eea9-4584-8be5-32b8261f0163', 'submitted', 'documents_incomplete', NULL, NULL, '2026-03-30 18:10:17'),
  ('8de19159-ff10-420e-b889-19cb39e14b62', '8d035b3d-eea9-4584-8be5-32b8261f0163', 'documents_incomplete', 'documents_verified', NULL, NULL, '2026-03-31 06:10:17'),
  ('0fd76239-ec82-4fae-bc91-6fbafcb1757e', '8d035b3d-eea9-4584-8be5-32b8261f0163', 'documents_verified', 'awaiting_enrollment_fee', NULL, NULL, '2026-03-31 18:10:17'),
  ('6dc97241-cf65-4377-97a0-9914b85b2baa', '8d035b3d-eea9-4584-8be5-32b8261f0163', 'awaiting_enrollment_fee', 'enrollment_fee_paid', NULL, NULL, '2026-04-01 06:10:17'),
  ('1952db66-83ca-490a-bafa-465859ac397d', '4f29f77f-954f-4d50-b737-21f5c635a927', NULL, 'draft', NULL, NULL, '2026-02-22 16:33:30'),
  ('235967df-5aec-47c5-a243-17602c985175', '4f29f77f-954f-4d50-b737-21f5c635a927', 'draft', 'submitted', NULL, NULL, '2026-02-23 04:33:30'),
  ('6764eeb6-303d-4b7e-973a-7c4042b7bf7b', '4f29f77f-954f-4d50-b737-21f5c635a927', 'submitted', 'documents_incomplete', NULL, NULL, '2026-02-23 16:33:30'),
  ('6295d0ee-c8f3-4aa9-b1ed-8439519aa687', '4f29f77f-954f-4d50-b737-21f5c635a927', 'documents_incomplete', 'documents_verified', NULL, NULL, '2026-02-24 04:33:30'),
  ('05e8dd38-7235-49d8-b4ee-0c65da033799', '4f29f77f-954f-4d50-b737-21f5c635a927', 'documents_verified', 'awaiting_enrollment_fee', NULL, NULL, '2026-02-24 16:33:30'),
  ('6174f621-483a-43e8-a9e0-5e7edad1f1ef', '4f29f77f-954f-4d50-b737-21f5c635a927', 'awaiting_enrollment_fee', 'enrollment_fee_paid', NULL, NULL, '2026-02-25 04:33:30'),
  ('a2dd918d-2df1-452a-9a94-20e2024addb1', '4f29f77f-954f-4d50-b737-21f5c635a927', 'enrollment_fee_paid', 'awaiting_payment', NULL, NULL, '2026-02-25 16:33:30'),
  ('b9a7a6e4-1225-4b7d-96b3-3d49b52894b4', '0f8ca331-7a1d-4fd4-bd71-fac8321a408e', NULL, 'draft', NULL, NULL, '2026-01-24 06:39:53'),
  ('d0d0c005-959d-48d7-bad1-05c2c9df6a1c', '0f8ca331-7a1d-4fd4-bd71-fac8321a408e', 'draft', 'submitted', NULL, NULL, '2026-01-24 18:39:53'),
  ('8f276b6f-ead9-4361-8faa-454aeba460a3', '0f8ca331-7a1d-4fd4-bd71-fac8321a408e', 'submitted', 'documents_incomplete', NULL, NULL, '2026-01-25 06:39:53'),
  ('22f71428-5610-4e8f-be69-8dcfc349f215', '0f8ca331-7a1d-4fd4-bd71-fac8321a408e', 'documents_incomplete', 'documents_verified', NULL, NULL, '2026-01-25 18:39:53'),
  ('3bdfeafe-7e3b-48f8-8fa0-86b3b0df44ac', '0f8ca331-7a1d-4fd4-bd71-fac8321a408e', 'documents_verified', 'awaiting_enrollment_fee', NULL, NULL, '2026-01-26 06:39:53'),
  ('cd9ac30c-5914-41f5-b965-31401b37b1c8', '0f8ca331-7a1d-4fd4-bd71-fac8321a408e', 'awaiting_enrollment_fee', 'enrollment_fee_paid', NULL, NULL, '2026-01-26 18:39:53'),
  ('5f48a1d8-ba41-4339-ad64-a8865b443310', '920b4aac-c14f-41a3-9522-f95e896c6aec', NULL, 'draft', NULL, NULL, '2026-04-11 23:41:19.538090'),
  ('b551d8d4-9e7f-4508-94d1-c468abed012c', '6d8fc42b-8523-4535-b485-f2ec87d9279e', NULL, 'draft', NULL, NULL, '2026-01-17 03:30:34'),
  ('caf65fd5-7722-40b0-844a-271705d39bda', '6d8fc42b-8523-4535-b485-f2ec87d9279e', 'draft', 'submitted', NULL, NULL, '2026-01-17 15:30:34'),
  ('a55ecaf2-3d6d-4f47-a458-a93785b2ee12', 'e680e9e5-1603-4bf4-b9b4-cfa8f41ed539', NULL, 'draft', NULL, NULL, '2026-04-11 07:51:09'),
  ('6e98eb29-8a76-4b1e-b33e-31cae864bd23', 'e680e9e5-1603-4bf4-b9b4-cfa8f41ed539', 'draft', 'submitted', NULL, NULL, '2026-04-11 19:51:09'),
  ('116df3b8-2430-494b-9f7b-d18e217a7b75', 'e680e9e5-1603-4bf4-b9b4-cfa8f41ed539', 'submitted', 'documents_incomplete', NULL, NULL, '2026-04-12 07:51:09'),
  ('66fd5e26-2363-43ec-992d-8e9dda9934d6', 'e680e9e5-1603-4bf4-b9b4-cfa8f41ed539', 'documents_incomplete', 'documents_verified', NULL, NULL, '2026-04-12 19:51:09'),
  ('5f6baa19-01a9-4460-a1ed-39d378e378ad', 'e680e9e5-1603-4bf4-b9b4-cfa8f41ed539', 'documents_verified', 'awaiting_enrollment_fee', NULL, NULL, '2026-04-13 07:51:09'),
  ('a96fb5e9-f38b-47d9-b520-021a7f493e8b', 'e680e9e5-1603-4bf4-b9b4-cfa8f41ed539', 'awaiting_enrollment_fee', 'enrollment_fee_paid', NULL, NULL, '2026-04-13 19:51:09'),
  ('1f186f0d-2b7a-4c7f-8258-c67068e1ddd2', 'cab31f6f-b4ec-4b2d-9390-5a3378a5679e', NULL, 'draft', NULL, NULL, '2026-03-09 01:49:48'),
  ('92616f76-f05b-4b1d-b7f3-6369760aeca0', 'cab31f6f-b4ec-4b2d-9390-5a3378a5679e', 'draft', 'submitted', NULL, NULL, '2026-03-09 13:49:48'),
  ('c7bf1bee-324f-447b-b593-82404c6d036b', 'cab31f6f-b4ec-4b2d-9390-5a3378a5679e', 'submitted', 'documents_incomplete', NULL, NULL, '2026-03-10 01:49:48'),
  ('fa96c0d8-4a67-47dc-a4d0-ef9df2416b5c', 'd13c08e9-70a8-4efd-a74a-4743f46b8964', NULL, 'draft', NULL, NULL, '2026-02-19 11:33:39'),
  ('1a3dd0f4-6c18-4b1f-a281-377ad48eb329', 'd13c08e9-70a8-4efd-a74a-4743f46b8964', 'draft', 'submitted', NULL, NULL, '2026-02-19 23:33:39'),
  ('4ca550b4-0ab1-4692-91ce-0faeb1e4b8b7', 'd13c08e9-70a8-4efd-a74a-4743f46b8964', 'submitted', 'documents_incomplete', NULL, NULL, '2026-02-20 11:33:39'),
  ('40a62b8c-662f-4c61-89bd-b923012fe916', 'd13c08e9-70a8-4efd-a74a-4743f46b8964', 'documents_incomplete', 'documents_verified', NULL, NULL, '2026-02-20 23:33:39'),
  ('a01e9383-c3ab-4584-8c44-d39decb8b417', 'd13c08e9-70a8-4efd-a74a-4743f46b8964', 'documents_verified', 'awaiting_enrollment_fee', NULL, NULL, '2026-02-21 11:33:39'),
  ('7bde221f-28be-4808-8849-33e08c52445b', '9ed93196-aa63-42ce-9be0-3f613300a090', NULL, 'draft', NULL, NULL, '2026-02-24 14:15:58'),
  ('439d297d-68cc-4079-a414-14d23fb52bb8', '9ed93196-aa63-42ce-9be0-3f613300a090', 'draft', 'submitted', NULL, NULL, '2026-02-25 02:15:58'),
  ('09e2d490-8441-461e-9c03-e7849b4c5d9c', '9ed93196-aa63-42ce-9be0-3f613300a090', 'submitted', 'documents_incomplete', NULL, NULL, '2026-02-25 14:15:58'),
  ('4bdd5362-5149-461d-a6cb-a2f1357c2011', 'f5fa4aa8-b7b9-4fda-913c-2df7ffb0a655', NULL, 'draft', NULL, NULL, '2026-03-20 16:26:38'),
  ('593a51fe-a9c5-4489-a45d-8ebf9985e18a', 'f5fa4aa8-b7b9-4fda-913c-2df7ffb0a655', 'draft', 'submitted', NULL, NULL, '2026-03-21 04:26:38'),
  ('54dffe02-caa7-4e0a-9430-dd2724386603', 'f5fa4aa8-b7b9-4fda-913c-2df7ffb0a655', 'submitted', 'documents_incomplete', NULL, NULL, '2026-03-21 16:26:38'),
  ('7aaeb4dd-e0e4-4e8c-853b-c9700307e5c1', 'f5fa4aa8-b7b9-4fda-913c-2df7ffb0a655', 'documents_incomplete', 'documents_verified', NULL, NULL, '2026-03-22 04:26:38'),
  ('6b6ef00f-0132-41e6-847e-ad2df23014e3', 'f5fa4aa8-b7b9-4fda-913c-2df7ffb0a655', 'documents_verified', 'awaiting_enrollment_fee', NULL, NULL, '2026-03-22 16:26:38'),
  ('58061614-b140-447c-b724-0cf717fecbad', 'f5fa4aa8-b7b9-4fda-913c-2df7ffb0a655', 'awaiting_enrollment_fee', 'enrollment_fee_paid', NULL, NULL, '2026-03-23 04:26:38'),
  ('3e1e75cc-363b-4364-aded-05280e1d00ba', 'f5fa4aa8-b7b9-4fda-913c-2df7ffb0a655', 'enrollment_fee_paid', 'awaiting_payment', NULL, NULL, '2026-03-23 16:26:38'),
  ('1feec5bb-9a96-4f28-bb40-4926c6db6367', 'f5fa4aa8-b7b9-4fda-913c-2df7ffb0a655', 'awaiting_payment', 'payment_confirmed', NULL, NULL, '2026-03-24 04:26:38'),
  ('f3d50a82-6b97-4e2b-851b-49f7b06d3715', 'fb365299-5991-4699-953f-1b3e9a636534', NULL, 'draft', NULL, NULL, '2026-03-06 20:47:22'),
  ('3d6be9c6-b3bc-4b25-8d6d-a685348ef3af', 'fb365299-5991-4699-953f-1b3e9a636534', 'draft', 'submitted', NULL, NULL, '2026-03-07 08:47:22'),
  ('bfd44aa1-1a21-44ee-aa1c-536d35b33014', 'a5b1c081-0a24-4463-880e-bad441f7c49b', NULL, 'draft', NULL, NULL, '2026-04-01 12:48:36'),
  ('eddb51fd-241f-41c4-9f32-5187bd42d375', 'a5b1c081-0a24-4463-880e-bad441f7c49b', 'draft', 'submitted', NULL, NULL, '2026-04-02 00:48:36'),
  ('a691d7d0-f446-4df4-a943-4b04ba89beef', 'a5b1c081-0a24-4463-880e-bad441f7c49b', 'submitted', 'documents_incomplete', NULL, NULL, '2026-04-02 12:48:36'),
  ('88aa7b31-b246-4440-9727-2a98289b8f82', 'a5b1c081-0a24-4463-880e-bad441f7c49b', 'documents_incomplete', 'documents_verified', NULL, NULL, '2026-04-03 00:48:36'),
  ('1261235c-7fc7-4774-98e5-9053794d89bf', 'a5b1c081-0a24-4463-880e-bad441f7c49b', 'documents_verified', 'awaiting_enrollment_fee', NULL, NULL, '2026-04-03 12:48:36'),
  ('dc18e947-2b94-49c0-b0bf-f7dab429fba4', 'aa354ed1-67d0-47c5-9cb2-88dc09b7a28c', NULL, 'draft', NULL, NULL, '2026-02-27 08:35:45'),
  ('80c23ee0-fc6f-401d-a3be-266f3332ff4e', 'aa354ed1-67d0-47c5-9cb2-88dc09b7a28c', 'draft', 'submitted', NULL, NULL, '2026-02-27 20:35:45'),
  ('17e1c09e-8b4c-4f8d-a6bb-308ed9fefeeb', 'aa354ed1-67d0-47c5-9cb2-88dc09b7a28c', 'submitted', 'documents_incomplete', NULL, NULL, '2026-02-28 08:35:45'),
  ('cbdfce7a-d786-41d0-b573-58e02c268f39', '5dda9906-654d-4e30-a6eb-ad570e5276a4', NULL, 'draft', NULL, NULL, '2026-04-01 18:10:23'),
  ('23c35bcd-864a-4aa1-b318-1d6067329abd', '5dda9906-654d-4e30-a6eb-ad570e5276a4', 'draft', 'submitted', NULL, NULL, '2026-04-02 06:10:23'),
  ('d4ec55b5-543b-4e26-8d96-2806f80d4763', '5dda9906-654d-4e30-a6eb-ad570e5276a4', 'submitted', 'documents_incomplete', NULL, NULL, '2026-04-02 18:10:23'),
  ('34266cc8-6ff5-4784-ab3d-72bcc46ace3b', '5dda9906-654d-4e30-a6eb-ad570e5276a4', 'documents_incomplete', 'documents_verified', NULL, NULL, '2026-04-03 06:10:23'),
  ('160fbfa6-104e-4297-bbdd-fdf4b0fe3ffb', '5dda9906-654d-4e30-a6eb-ad570e5276a4', 'documents_verified', 'awaiting_enrollment_fee', NULL, NULL, '2026-04-03 18:10:23'),
  ('5097bdf6-70a6-46d2-a798-3d16680c2a3c', '5dda9906-654d-4e30-a6eb-ad570e5276a4', 'awaiting_enrollment_fee', 'enrollment_fee_paid', NULL, NULL, '2026-04-04 06:10:23'),
  ('348f6717-476d-42f0-85fc-ff9f65bc44d6', '5dda9906-654d-4e30-a6eb-ad570e5276a4', 'enrollment_fee_paid', 'awaiting_payment', NULL, NULL, '2026-04-04 18:10:23'),
  ('c17e4ac4-5286-48dc-816e-2796ec7125d9', '5dda9906-654d-4e30-a6eb-ad570e5276a4', 'awaiting_payment', 'payment_confirmed', NULL, NULL, '2026-04-05 06:10:23'),
  ('9ae7528f-98d3-479f-b2b4-1f79e56192ce', '5dda9906-654d-4e30-a6eb-ad570e5276a4', 'payment_confirmed', 'accepted', NULL, NULL, '2026-04-05 18:10:23'),
  ('d0051a05-99db-44b3-baa5-7deadbc92ced', '5bbb6102-f944-4baf-96c2-8e811339c205', NULL, 'draft', NULL, NULL, '2026-03-08 13:04:57'),
  ('b5deb63a-0dfb-4ef0-9e77-80285d93de48', '5bbb6102-f944-4baf-96c2-8e811339c205', 'draft', 'submitted', NULL, NULL, '2026-03-09 01:04:57'),
  ('701692d5-58f9-45da-813e-611d5e501031', 'd385549a-621b-421d-bdea-d16bd800b77f', NULL, 'draft', NULL, NULL, '2026-02-09 05:37:13'),
  ('b738cc2c-cfb0-4476-864c-9e2658098ca1', 'd385549a-621b-421d-bdea-d16bd800b77f', 'draft', 'submitted', NULL, NULL, '2026-02-09 17:37:13'),
  ('420c6835-82b3-4e31-93d7-c2c3c6e4e05a', 'd385549a-621b-421d-bdea-d16bd800b77f', 'submitted', 'documents_incomplete', NULL, NULL, '2026-02-10 05:37:13'),
  ('6b84522d-bd10-43e5-9664-1fc1672879b6', 'd385549a-621b-421d-bdea-d16bd800b77f', 'documents_incomplete', 'documents_verified', NULL, NULL, '2026-02-10 17:37:13'),
  ('c377610d-b473-4ca1-9954-209c1d079bfd', 'd385549a-621b-421d-bdea-d16bd800b77f', 'documents_verified', 'awaiting_enrollment_fee', NULL, NULL, '2026-02-11 05:37:13'),
  ('e72f7ebf-f5b7-4fcc-9947-42b07c5a52cc', '12bcf206-9498-43d6-b02f-a8764a209521', NULL, 'draft', NULL, NULL, '2026-04-11 23:41:19.538090'),
  ('5e5861ab-c1d4-4d32-ae16-e6ab457e4447', '139b5eac-3a70-40b1-98e2-11d782894f8e', NULL, 'draft', NULL, NULL, '2026-03-28 13:07:25'),
  ('ac1cc6c3-f17a-40df-99ae-9f2f38b61817', '139b5eac-3a70-40b1-98e2-11d782894f8e', 'draft', 'submitted', NULL, NULL, '2026-03-29 01:07:25'),
  ('d54e0248-3ad0-4a41-980a-eda18fd4dc6b', '139b5eac-3a70-40b1-98e2-11d782894f8e', 'submitted', 'documents_incomplete', NULL, NULL, '2026-03-29 13:07:25'),
  ('0fccabf1-0b2e-4e65-8b6a-ce5ae3f28aa7', '139b5eac-3a70-40b1-98e2-11d782894f8e', 'documents_incomplete', 'documents_verified', NULL, NULL, '2026-03-30 01:07:25'),
  ('340e5f87-e455-430c-84dc-bf93f40cd230', '139b5eac-3a70-40b1-98e2-11d782894f8e', 'documents_verified', 'awaiting_enrollment_fee', NULL, NULL, '2026-03-30 13:07:25'),
  ('971f0dd4-a860-471f-83e9-1a305f82638e', '139b5eac-3a70-40b1-98e2-11d782894f8e', 'awaiting_enrollment_fee', 'enrollment_fee_paid', NULL, NULL, '2026-03-31 01:07:25'),
  ('df2b82f3-0ab5-4606-b7d8-cb3736b8e3f4', '139b5eac-3a70-40b1-98e2-11d782894f8e', 'enrollment_fee_paid', 'awaiting_payment', NULL, NULL, '2026-03-31 13:07:25'),
  ('3aa3504a-f242-403f-abf1-bb2e764daddd', '0a6f6e10-002f-4da7-9951-139dc98217ba', NULL, 'draft', NULL, NULL, '2026-02-08 20:53:38'),
  ('c90f8a2b-9f06-4f60-bcd8-9965d8177cce', '0a6f6e10-002f-4da7-9951-139dc98217ba', 'draft', 'submitted', NULL, NULL, '2026-02-09 08:53:38'),
  ('ac39bd8d-c192-4a88-a2a7-b6bc41b56c85', '0a6f6e10-002f-4da7-9951-139dc98217ba', 'submitted', 'documents_incomplete', NULL, NULL, '2026-02-09 20:53:38'),
  ('5c32ec1e-c404-4867-9a8a-dcb519ee9ccf', '0a6f6e10-002f-4da7-9951-139dc98217ba', 'documents_incomplete', 'documents_verified', NULL, NULL, '2026-02-10 08:53:38'),
  ('4d78d77c-7360-4d1f-81a6-0ca03a0d947b', '0a6f6e10-002f-4da7-9951-139dc98217ba', 'documents_verified', 'awaiting_enrollment_fee', NULL, NULL, '2026-02-10 20:53:38'),
  ('c700cd91-fecb-441a-a584-062480cf2f7e', '0a6f6e10-002f-4da7-9951-139dc98217ba', 'awaiting_enrollment_fee', 'enrollment_fee_paid', NULL, NULL, '2026-02-11 08:53:38'),
  ('074d7865-b917-46d9-bbb9-41024d6bc209', '0a6f6e10-002f-4da7-9951-139dc98217ba', 'enrollment_fee_paid', 'awaiting_payment', NULL, NULL, '2026-02-11 20:53:38'),
  ('248dfb14-984f-40bb-b7d4-23db5a7854b0', '0a6f6e10-002f-4da7-9951-139dc98217ba', 'awaiting_payment', 'payment_confirmed', NULL, NULL, '2026-02-12 08:53:38'),
  ('bce37315-b15c-430c-88ed-423f9d8cc1ec', '3e4a53f6-2d94-40f1-80ff-5e723a81bb51', NULL, 'draft', NULL, NULL, '2026-03-13 22:03:01'),
  ('8fa9eaf7-2870-4e3f-9aca-783e4f61c4b7', '3e4a53f6-2d94-40f1-80ff-5e723a81bb51', 'draft', 'submitted', NULL, NULL, '2026-03-14 10:03:01'),
  ('7666d167-5cdc-45ca-a8fe-ca9fe0a01eac', 'c2d0c256-0922-4630-8b31-3cc5dba580d4', NULL, 'draft', NULL, NULL, '2026-03-16 09:08:21'),
  ('cba3e251-c5d1-4f68-b773-85fb81332835', 'c2d0c256-0922-4630-8b31-3cc5dba580d4', 'draft', 'submitted', NULL, NULL, '2026-03-16 21:08:21'),
  ('89259761-7fd4-48b9-9862-87a8206e2856', 'c2d0c256-0922-4630-8b31-3cc5dba580d4', 'submitted', 'documents_incomplete', NULL, NULL, '2026-03-17 09:08:21'),
  ('856f412c-827b-4764-84af-51715627b972', 'c2d0c256-0922-4630-8b31-3cc5dba580d4', 'documents_incomplete', 'documents_verified', NULL, NULL, '2026-03-17 21:08:21'),
  ('648f33bb-fd6c-4a60-a841-633f6121af05', 'c2d0c256-0922-4630-8b31-3cc5dba580d4', 'documents_verified', 'awaiting_enrollment_fee', NULL, NULL, '2026-03-18 09:08:21'),
  ('64c19e18-7d03-4499-8d42-07b306376f02', 'c2d0c256-0922-4630-8b31-3cc5dba580d4', 'awaiting_enrollment_fee', 'enrollment_fee_paid', NULL, NULL, '2026-03-18 21:08:21'),
  ('098048e9-eed3-4fbe-8627-b5444211df0b', 'c2d0c256-0922-4630-8b31-3cc5dba580d4', 'enrollment_fee_paid', 'awaiting_payment', NULL, NULL, '2026-03-19 09:08:21'),
  ('350d7de0-0c2e-439e-8311-69a8251345f8', 'c2d0c256-0922-4630-8b31-3cc5dba580d4', 'awaiting_payment', 'payment_confirmed', NULL, NULL, '2026-03-19 21:08:21'),
  ('0d94dce2-cf6d-4ade-b5ed-3376b3fc992b', 'c2d0c256-0922-4630-8b31-3cc5dba580d4', 'payment_confirmed', 'accepted', NULL, NULL, '2026-03-20 09:08:21'),
  ('2584c0f4-8183-43f7-a6d9-ce3885fcfa68', '53a6ce64-1013-4965-85c5-d6994c24e143', NULL, 'draft', NULL, NULL, '2026-04-07 09:33:32'),
  ('8c72b6fb-12aa-4f6d-911c-a3ad0bca71f9', '53a6ce64-1013-4965-85c5-d6994c24e143', 'draft', 'submitted', NULL, NULL, '2026-04-07 21:33:32'),
  ('02a4b4f3-836c-4090-a8b0-f666538b2005', '53a6ce64-1013-4965-85c5-d6994c24e143', 'submitted', 'documents_incomplete', NULL, NULL, '2026-04-08 09:33:32'),
  ('57a0be38-5ce7-428d-8e9a-afde1c862792', '53a6ce64-1013-4965-85c5-d6994c24e143', 'documents_incomplete', 'documents_verified', NULL, NULL, '2026-04-08 21:33:32'),
  ('d5af7680-5bf2-46b7-822d-093e3351074b', '53a6ce64-1013-4965-85c5-d6994c24e143', 'documents_verified', 'awaiting_enrollment_fee', NULL, NULL, '2026-04-09 09:33:32'),
  ('7f04fa3d-fc52-4ffb-94a9-36c764d20956', '53a6ce64-1013-4965-85c5-d6994c24e143', 'awaiting_enrollment_fee', 'enrollment_fee_paid', NULL, NULL, '2026-04-09 21:33:32'),
  ('43e4af41-0ba8-478a-9269-0ad4a38e2b1a', '53a6ce64-1013-4965-85c5-d6994c24e143', 'enrollment_fee_paid', 'awaiting_payment', NULL, NULL, '2026-04-10 09:33:32'),
  ('0bb17d9e-e99b-4c27-a151-3ad37dcb9a62', '53a6ce64-1013-4965-85c5-d6994c24e143', 'awaiting_payment', 'payment_confirmed', NULL, NULL, '2026-04-10 21:33:32'),
  ('7c2408b8-16e7-4cf5-a778-1bcb0ef892c3', '53a6ce64-1013-4965-85c5-d6994c24e143', 'payment_confirmed', 'accepted', NULL, NULL, '2026-04-11 09:33:32'),
  ('f867bc27-72ad-4c74-895a-2e933116855c', '53022270-c756-409a-b8eb-b5b9ccb9b2db', NULL, 'draft', NULL, NULL, '2026-02-07 15:48:45'),
  ('3fbf0dd9-81b4-447f-aea4-75a0af61181b', '53022270-c756-409a-b8eb-b5b9ccb9b2db', 'draft', 'submitted', NULL, NULL, '2026-02-08 03:48:45'),
  ('78f904af-ad2e-404c-a728-d9cf85eba123', '53022270-c756-409a-b8eb-b5b9ccb9b2db', 'submitted', 'documents_incomplete', NULL, NULL, '2026-02-08 15:48:45'),
  ('312be2d0-a750-44eb-80a2-a4f4e2219331', '53022270-c756-409a-b8eb-b5b9ccb9b2db', 'documents_incomplete', 'documents_verified', NULL, NULL, '2026-02-09 03:48:45'),
  ('9dd6184c-1d72-471e-87aa-e5ad44553bdd', '2f6ff26b-7d22-4010-9f8c-93e5fa09f3fc', NULL, 'draft', NULL, NULL, '2026-02-20 05:29:39'),
  ('1cba71f6-e650-41b1-821a-c50f94882c8e', '2f6ff26b-7d22-4010-9f8c-93e5fa09f3fc', 'draft', 'submitted', NULL, NULL, '2026-02-20 17:29:39'),
  ('aa229490-619d-4aca-8d65-a67f2c2d34e8', '2f6ff26b-7d22-4010-9f8c-93e5fa09f3fc', 'submitted', 'documents_incomplete', NULL, NULL, '2026-02-21 05:29:39'),
  ('b2358d83-bc7a-4618-8e68-4d55cfaebf78', '594f389b-19d0-4508-b214-3c39fb871e4e', NULL, 'draft', NULL, NULL, '2026-01-28 03:24:58'),
  ('dcb4e128-186c-4249-8b00-9d214e6801b8', '594f389b-19d0-4508-b214-3c39fb871e4e', 'draft', 'submitted', NULL, NULL, '2026-01-28 15:24:58'),
  ('830336d2-d287-4077-8cec-099a2a8e77f5', '594f389b-19d0-4508-b214-3c39fb871e4e', 'submitted', 'documents_incomplete', NULL, NULL, '2026-01-29 03:24:58'),
  ('38ca326d-cc90-4c97-84b8-ab2e22838f16', '594f389b-19d0-4508-b214-3c39fb871e4e', 'documents_incomplete', 'documents_verified', NULL, NULL, '2026-01-29 15:24:58'),
  ('cc090ec6-33c0-4a9f-99da-3604769f4171', '594f389b-19d0-4508-b214-3c39fb871e4e', 'documents_verified', 'awaiting_enrollment_fee', NULL, NULL, '2026-01-30 03:24:58'),
  ('88b65d42-c845-4735-b6f8-119650027292', '594f389b-19d0-4508-b214-3c39fb871e4e', 'awaiting_enrollment_fee', 'enrollment_fee_paid', NULL, NULL, '2026-01-30 15:24:58'),
  ('d47ecf1c-f453-4a91-b33b-fa14f6066824', '594f389b-19d0-4508-b214-3c39fb871e4e', 'enrollment_fee_paid', 'awaiting_payment', NULL, NULL, '2026-01-31 03:24:58'),
  ('e80eac0f-63f7-4040-b6a9-6a8aa9f9790d', 'b49e4b92-f19e-40a8-a3ed-b81d6e8617f5', NULL, 'draft', NULL, NULL, '2026-02-27 11:37:38'),
  ('5f56cdb8-a9d5-4f45-b603-a5e2f9f3b782', 'b49e4b92-f19e-40a8-a3ed-b81d6e8617f5', 'draft', 'submitted', NULL, NULL, '2026-02-27 23:37:38'),
  ('df25780e-9f53-4b93-8d83-b7dbabab6756', 'b49e4b92-f19e-40a8-a3ed-b81d6e8617f5', 'submitted', 'documents_incomplete', NULL, NULL, '2026-02-28 11:37:38'),
  ('7e1eacf3-22d4-498a-bc24-bfd68cd290af', 'b49e4b92-f19e-40a8-a3ed-b81d6e8617f5', 'documents_incomplete', 'documents_verified', NULL, NULL, '2026-02-28 23:37:38'),
  ('2fcefb3a-853a-4472-8a63-f21b3310a2ea', 'b49e4b92-f19e-40a8-a3ed-b81d6e8617f5', 'documents_verified', 'awaiting_enrollment_fee', NULL, NULL, '2026-03-01 11:37:38'),
  ('1c770822-f624-4e3b-bb20-ff411c7214e9', 'b49e4b92-f19e-40a8-a3ed-b81d6e8617f5', 'awaiting_enrollment_fee', 'enrollment_fee_paid', NULL, NULL, '2026-03-01 23:37:38'),
  ('6bc97983-5e82-46e0-8796-bc048b9a8390', 'f6651dda-04ea-47a6-ab8e-c4a388dac159', NULL, 'draft', NULL, NULL, '2026-04-08 18:25:47'),
  ('8f7f9bb9-8c3b-4bf0-b966-b48d8dc1483e', 'f6651dda-04ea-47a6-ab8e-c4a388dac159', 'draft', 'submitted', NULL, NULL, '2026-04-09 06:25:47'),
  ('2582d786-da51-4d3e-a4fd-6245890d0326', 'f6651dda-04ea-47a6-ab8e-c4a388dac159', 'submitted', 'documents_incomplete', NULL, NULL, '2026-04-09 18:25:47'),
  ('2275e2da-9028-4446-bc66-1d00f3b33683', 'f6651dda-04ea-47a6-ab8e-c4a388dac159', 'documents_incomplete', 'documents_verified', NULL, NULL, '2026-04-10 06:25:47'),
  ('d7c4ac52-5d77-4ab4-9895-7d8d1e745dbc', 'f6651dda-04ea-47a6-ab8e-c4a388dac159', 'documents_verified', 'awaiting_enrollment_fee', NULL, NULL, '2026-04-10 18:25:47'),
  ('19547497-b9e2-4d53-ae00-2b514805c4d7', 'f6651dda-04ea-47a6-ab8e-c4a388dac159', 'awaiting_enrollment_fee', 'enrollment_fee_paid', NULL, NULL, '2026-04-11 06:25:47'),
  ('09594d8b-f0a1-4210-87b4-777df68d7c75', 'f6651dda-04ea-47a6-ab8e-c4a388dac159', 'enrollment_fee_paid', 'awaiting_payment', NULL, NULL, '2026-04-11 18:25:47'),
  ('be05844f-c8a0-4324-a98c-c65e91c94d78', '387a9b1e-6fa7-42ae-b52c-c1ae28fe261e', NULL, 'draft', NULL, NULL, '2026-03-25 23:22:17'),
  ('a68e9588-099c-47e1-81fe-3493d19e49a6', '387a9b1e-6fa7-42ae-b52c-c1ae28fe261e', 'draft', 'submitted', NULL, NULL, '2026-03-26 11:22:17'),
  ('95c53b66-7860-46c6-b4ae-02db49e98249', 'b9cc6146-f1cc-4335-ad37-85668a45119a', NULL, 'draft', NULL, NULL, '2026-03-24 02:44:32'),
  ('a9fb6f94-00a3-4a2f-bf11-ce2f0bcbf406', 'b9cc6146-f1cc-4335-ad37-85668a45119a', 'draft', 'submitted', NULL, NULL, '2026-03-24 14:44:32'),
  ('4c30c43f-b8f2-405d-9096-0699e7dfb929', 'b9cc6146-f1cc-4335-ad37-85668a45119a', 'submitted', 'documents_incomplete', NULL, NULL, '2026-03-25 02:44:32'),
  ('004138ae-9f4a-459f-abab-b96b45d51dec', 'b9cc6146-f1cc-4335-ad37-85668a45119a', 'documents_incomplete', 'documents_verified', NULL, NULL, '2026-03-25 14:44:32'),
  ('5fb74c43-2d1c-4422-b816-664b4bb75451', 'b9cc6146-f1cc-4335-ad37-85668a45119a', 'documents_verified', 'awaiting_enrollment_fee', NULL, NULL, '2026-03-26 02:44:32'),
  ('8e28ca19-3a14-4100-aef9-982961e676a2', 'b9cc6146-f1cc-4335-ad37-85668a45119a', 'awaiting_enrollment_fee', 'enrollment_fee_paid', NULL, NULL, '2026-03-26 14:44:32'),
  ('6f6c2f55-eb97-4c6c-b65b-bba772b65edb', '8eed7cf2-74c4-4223-8cbe-9798267ab35b', NULL, 'draft', NULL, NULL, '2026-02-14 20:24:33'),
  ('0ee74b0d-c33a-49fa-9b6c-ad384a49b146', '8eed7cf2-74c4-4223-8cbe-9798267ab35b', 'draft', 'submitted', NULL, NULL, '2026-02-15 08:24:33'),
  ('dff10def-1665-4cab-ad7f-cbfa9d6ab0c4', '8eed7cf2-74c4-4223-8cbe-9798267ab35b', 'submitted', 'documents_incomplete', NULL, NULL, '2026-02-15 20:24:33'),
  ('f57831de-46e9-4778-a4f2-a48dea4582dd', '8eed7cf2-74c4-4223-8cbe-9798267ab35b', 'documents_incomplete', 'documents_verified', NULL, NULL, '2026-02-16 08:24:33'),
  ('4d3aebbc-4b85-4206-ad43-a3a1cece6b9b', '8eed7cf2-74c4-4223-8cbe-9798267ab35b', 'documents_verified', 'awaiting_enrollment_fee', NULL, NULL, '2026-02-16 20:24:33'),
  ('3501fb07-6abf-4f43-b72d-9a69fe4e6ec3', '8eed7cf2-74c4-4223-8cbe-9798267ab35b', 'awaiting_enrollment_fee', 'enrollment_fee_paid', NULL, NULL, '2026-02-17 08:24:33'),
  ('344d9899-25ae-4901-8d69-8c29cf722efd', '8eed7cf2-74c4-4223-8cbe-9798267ab35b', 'enrollment_fee_paid', 'awaiting_payment', NULL, NULL, '2026-02-17 20:24:33'),
  ('bd04f4c9-8057-458c-ab23-f809035c6218', '8eed7cf2-74c4-4223-8cbe-9798267ab35b', 'awaiting_payment', 'payment_confirmed', NULL, NULL, '2026-02-18 08:24:33'),
  ('e609d5b3-2e70-415b-b910-7aa44cdf4989', '8eed7cf2-74c4-4223-8cbe-9798267ab35b', 'payment_confirmed', 'accepted', NULL, NULL, '2026-02-18 20:24:33'),
  ('d73e382f-2ae8-4e41-9dd1-9c177d2c0b8c', '83718f57-9e76-493b-956d-e79a5d7b2df3', NULL, 'draft', NULL, NULL, '2026-04-05 00:50:28'),
  ('d4026ca7-22c9-47a9-92a0-ea1d8f8b30e6', '83718f57-9e76-493b-956d-e79a5d7b2df3', 'draft', 'submitted', NULL, NULL, '2026-04-05 12:50:28'),
  ('e1cc7260-316b-465d-b657-6f41b4eb1fea', '83718f57-9e76-493b-956d-e79a5d7b2df3', 'submitted', 'documents_incomplete', NULL, NULL, '2026-04-06 00:50:28'),
  ('978e981f-f2cb-4750-9196-1f1feeac285b', '83718f57-9e76-493b-956d-e79a5d7b2df3', 'documents_incomplete', 'documents_verified', NULL, NULL, '2026-04-06 12:50:28'),
  ('d66c7655-0571-4c5b-962c-7550f49e1cbe', '83718f57-9e76-493b-956d-e79a5d7b2df3', 'documents_verified', 'awaiting_enrollment_fee', NULL, NULL, '2026-04-07 00:50:28'),
  ('4a2496b0-f194-4e79-8187-d1a14e403ac9', '83718f57-9e76-493b-956d-e79a5d7b2df3', 'awaiting_enrollment_fee', 'enrollment_fee_paid', NULL, NULL, '2026-04-07 12:50:28'),
  ('19f6b3f8-b11d-4d59-8ba9-d9453f135b2b', '83718f57-9e76-493b-956d-e79a5d7b2df3', 'enrollment_fee_paid', 'awaiting_payment', NULL, NULL, '2026-04-08 00:50:28'),
  ('be82525f-d363-49db-97c5-4a0e47e828aa', '83718f57-9e76-493b-956d-e79a5d7b2df3', 'awaiting_payment', 'payment_confirmed', NULL, NULL, '2026-04-08 12:50:28'),
  ('84e67939-963b-4f61-8a9a-6c9915ac8a3e', '83718f57-9e76-493b-956d-e79a5d7b2df3', 'payment_confirmed', 'accepted', NULL, NULL, '2026-04-09 00:50:28'),
  ('15675e02-dc19-469b-8814-902621e12df0', 'c60727db-dcca-42ec-a418-578c67a6c15b', NULL, 'draft', NULL, NULL, '2026-02-04 18:25:33'),
  ('cb415d6d-2434-4517-8a0a-65b64c7b6349', 'c60727db-dcca-42ec-a418-578c67a6c15b', 'draft', 'submitted', NULL, NULL, '2026-02-05 06:25:33'),
  ('01d603d3-63d9-4964-bf59-a562a7661e19', 'c60727db-dcca-42ec-a418-578c67a6c15b', 'submitted', 'documents_incomplete', NULL, NULL, '2026-02-05 18:25:33'),
  ('603a9343-0938-479e-84de-4482e2ec9a98', 'c60727db-dcca-42ec-a418-578c67a6c15b', 'documents_incomplete', 'documents_verified', NULL, NULL, '2026-02-06 06:25:33'),
  ('f33dd3d7-dfdd-4035-96c9-b6897682a904', 'c60727db-dcca-42ec-a418-578c67a6c15b', 'documents_verified', 'awaiting_enrollment_fee', NULL, NULL, '2026-02-06 18:25:33'),
  ('1bb5fbca-bf36-4cd4-81aa-9353dfe31b27', 'c60727db-dcca-42ec-a418-578c67a6c15b', 'awaiting_enrollment_fee', 'enrollment_fee_paid', NULL, NULL, '2026-02-07 06:25:33'),
  ('c250e8fe-1f77-4fc2-9b63-b7e5637baff7', 'c60727db-dcca-42ec-a418-578c67a6c15b', 'enrollment_fee_paid', 'awaiting_payment', NULL, NULL, '2026-02-07 18:25:33'),
  ('8bb546f3-e143-4407-89ef-d080bbb009b1', 'c60727db-dcca-42ec-a418-578c67a6c15b', 'awaiting_payment', 'payment_confirmed', NULL, NULL, '2026-02-08 06:25:33'),
  ('4ddcb672-1f1e-46cc-9646-b6b7ecda811b', 'c60727db-dcca-42ec-a418-578c67a6c15b', 'payment_confirmed', 'accepted', NULL, NULL, '2026-02-08 18:25:33'),
  ('34220b90-4553-458e-97fd-3e001b30c520', 'b02f761d-a377-4f25-9e02-a3f5b10a3382', NULL, 'draft', NULL, NULL, '2026-03-12 16:47:07'),
  ('65ba815f-cb3b-4cf6-9a05-30ecba2ef52b', 'b02f761d-a377-4f25-9e02-a3f5b10a3382', 'draft', 'submitted', NULL, NULL, '2026-03-13 04:47:07'),
  ('0a6eca62-340f-46d7-ae9e-566adf0d2132', 'b02f761d-a377-4f25-9e02-a3f5b10a3382', 'submitted', 'documents_incomplete', NULL, NULL, '2026-03-13 16:47:07'),
  ('77b0efa2-4e45-40b2-b933-e73faa9afb8e', 'b02f761d-a377-4f25-9e02-a3f5b10a3382', 'documents_incomplete', 'documents_verified', NULL, NULL, '2026-03-14 04:47:07'),
  ('103f07c8-b338-4b35-8fae-5c49365e11e7', 'b02f761d-a377-4f25-9e02-a3f5b10a3382', 'documents_verified', 'awaiting_enrollment_fee', NULL, NULL, '2026-03-14 16:47:07'),
  ('a6fa0e09-7c66-4c97-b64f-800f07147b48', 'b02f761d-a377-4f25-9e02-a3f5b10a3382', 'awaiting_enrollment_fee', 'enrollment_fee_paid', NULL, NULL, '2026-03-15 04:47:07'),
  ('15290e75-c71e-4600-afbe-eabfdb7c4a7a', 'b02f761d-a377-4f25-9e02-a3f5b10a3382', 'enrollment_fee_paid', 'awaiting_payment', NULL, NULL, '2026-03-15 16:47:07'),
  ('f530eaf6-2f01-408b-b690-6555ccf00183', 'd4a3aee7-7536-4b34-bda7-505f9d380302', NULL, 'draft', NULL, NULL, '2026-04-11 23:41:19.539090'),
  ('e34b6b68-ba60-43b3-b5d6-9fac16fa4a8b', '49659da3-fef2-4802-9f9c-1179dd77f85a', NULL, 'draft', NULL, NULL, '2026-02-15 23:04:22'),
  ('bcea6aa3-0284-442e-b91d-d037a1712b94', '49659da3-fef2-4802-9f9c-1179dd77f85a', 'draft', 'submitted', NULL, NULL, '2026-02-16 11:04:22'),
  ('f9983a75-fa75-464b-b862-93ef94278aa6', '49659da3-fef2-4802-9f9c-1179dd77f85a', 'submitted', 'documents_incomplete', NULL, NULL, '2026-02-16 23:04:22'),
  ('98f3f072-d967-4f43-845d-a8ef19ba39ff', '49659da3-fef2-4802-9f9c-1179dd77f85a', 'documents_incomplete', 'documents_verified', NULL, NULL, '2026-02-17 11:04:22'),
  ('a628d484-2ac0-4522-a2c5-36853d50300c', '49659da3-fef2-4802-9f9c-1179dd77f85a', 'documents_verified', 'awaiting_enrollment_fee', NULL, NULL, '2026-02-17 23:04:22'),
  ('65a797af-6ddb-49bd-9249-25efb5b640d9', '49659da3-fef2-4802-9f9c-1179dd77f85a', 'awaiting_enrollment_fee', 'enrollment_fee_paid', NULL, NULL, '2026-02-18 11:04:22'),
  ('15218487-6077-4f22-a395-90b68111e9cc', 'bc597dc0-04ef-4b1a-abf4-0bf8e63586f8', NULL, 'draft', NULL, NULL, '2026-04-11 23:41:19.539090'),
  ('24453f04-12a5-4ee8-a7e5-fc9a22d0ccec', '6f1e754d-a974-4b59-ab09-7de931407e87', NULL, 'draft', NULL, NULL, '2026-03-01 11:43:13'),
  ('5fa34930-0046-404a-8f09-3786009ea8c5', '6f1e754d-a974-4b59-ab09-7de931407e87', 'draft', 'submitted', NULL, NULL, '2026-03-01 23:43:13'),
  ('e1dcbde3-d3c8-490b-97a1-9645d844a6b5', '7b11b5b5-7cb2-4726-a51e-541ce22354d4', NULL, 'draft', NULL, NULL, '2026-03-22 21:21:46'),
  ('d2437401-140d-4632-931b-3f3c8b6f26d5', '7b11b5b5-7cb2-4726-a51e-541ce22354d4', 'draft', 'submitted', NULL, NULL, '2026-03-23 09:21:46'),
  ('f1ab0a0f-a327-44ea-a8ff-2d5936da3023', 'd1f9c2c9-9d10-4252-9e5e-b3341f680a65', NULL, 'draft', NULL, NULL, '2026-01-26 12:54:36'),
  ('10e8a0f1-a665-4bbd-8817-d5fe8914751c', 'd1f9c2c9-9d10-4252-9e5e-b3341f680a65', 'draft', 'submitted', NULL, NULL, '2026-01-27 00:54:36'),
  ('f482baa2-1422-4895-b9ed-d15074e768ce', 'd1f9c2c9-9d10-4252-9e5e-b3341f680a65', 'submitted', 'documents_incomplete', NULL, NULL, '2026-01-27 12:54:36'),
  ('bff24700-6f40-4560-82a4-47f0f1e08881', 'd1f9c2c9-9d10-4252-9e5e-b3341f680a65', 'documents_incomplete', 'documents_verified', NULL, NULL, '2026-01-28 00:54:36'),
  ('370b58d7-8959-4317-97d5-9d147c5fff51', 'd1f9c2c9-9d10-4252-9e5e-b3341f680a65', 'documents_verified', 'awaiting_enrollment_fee', NULL, NULL, '2026-01-28 12:54:36'),
  ('35ba96ee-9082-4d99-b868-37bba8038f0c', 'd1f9c2c9-9d10-4252-9e5e-b3341f680a65', 'awaiting_enrollment_fee', 'enrollment_fee_paid', NULL, NULL, '2026-01-29 00:54:36'),
  ('fd4f14d7-6945-485a-b71f-578e272389e4', '90980592-ebdd-4c1d-a35b-0941eec4154c', NULL, 'draft', NULL, NULL, '2026-04-11 23:41:19.539090'),
  ('c33d5a29-4484-45f4-a375-8fde87fb9898', 'e2575845-a90e-46fe-9377-c91ad727edeb', NULL, 'draft', NULL, NULL, '2026-02-24 11:45:32'),
  ('34450a7e-a992-4ead-8fdc-676488755635', 'e2575845-a90e-46fe-9377-c91ad727edeb', 'draft', 'submitted', NULL, NULL, '2026-02-24 23:45:32'),
  ('2e5684fc-bb96-40b5-94e1-6ad7b7cc0b06', 'e2575845-a90e-46fe-9377-c91ad727edeb', 'submitted', 'documents_incomplete', NULL, NULL, '2026-02-25 11:45:32'),
  ('79a236a1-cf6b-4c78-ab37-55eb5b9ea941', 'e2575845-a90e-46fe-9377-c91ad727edeb', 'documents_incomplete', 'documents_verified', NULL, NULL, '2026-02-25 23:45:32'),
  ('6f096704-dd1c-4ed3-a93f-5e654c6952b4', 'e2575845-a90e-46fe-9377-c91ad727edeb', 'documents_verified', 'awaiting_enrollment_fee', NULL, NULL, '2026-02-26 11:45:32'),
  ('b4990c3f-af41-4a64-b0d2-b6eea3f3c537', 'e2575845-a90e-46fe-9377-c91ad727edeb', 'awaiting_enrollment_fee', 'enrollment_fee_paid', NULL, NULL, '2026-02-26 23:45:32'),
  ('62a7e1ce-8f30-48c2-bfe6-b3379c66f4b5', 'e2575845-a90e-46fe-9377-c91ad727edeb', 'enrollment_fee_paid', 'awaiting_payment', NULL, NULL, '2026-02-27 11:45:32'),
  ('51bc47cb-24f9-4cd3-984f-1ac269f9ce14', 'e2575845-a90e-46fe-9377-c91ad727edeb', 'awaiting_payment', 'payment_confirmed', NULL, NULL, '2026-02-27 23:45:32'),
  ('7c83c7c3-b64f-42db-93de-1ba5efda3d50', 'e2575845-a90e-46fe-9377-c91ad727edeb', 'payment_confirmed', 'accepted', NULL, NULL, '2026-02-28 11:45:32'),
  ('ffc4dc82-fd0b-4f36-9029-9a74e58cee5b', 'e5eab2e5-5630-499a-b585-66cb4f96d669', NULL, 'draft', NULL, NULL, '2026-04-06 00:04:34'),
  ('5e68016d-7f6d-42a5-9b36-4a0fb006ff96', 'e5eab2e5-5630-499a-b585-66cb4f96d669', 'draft', 'submitted', NULL, NULL, '2026-04-06 12:04:34'),
  ('c59897f7-9b08-4336-9cd5-dfabb70f44e6', 'e5eab2e5-5630-499a-b585-66cb4f96d669', 'submitted', 'documents_incomplete', NULL, NULL, '2026-04-07 00:04:34'),
  ('e8425dfb-d1fd-4601-913a-f72b47a2e9e9', '68c4cdc4-4088-494e-99f9-337a441724a2', NULL, 'draft', NULL, NULL, '2026-03-19 00:54:54'),
  ('fbd3c834-d2f5-41a0-b340-3c86fdc6e41d', '68c4cdc4-4088-494e-99f9-337a441724a2', 'draft', 'submitted', NULL, NULL, '2026-03-19 12:54:54'),
  ('9450b433-ecb0-4c23-b166-0c0787717406', '68c4cdc4-4088-494e-99f9-337a441724a2', 'submitted', 'documents_incomplete', NULL, NULL, '2026-03-20 00:54:54'),
  ('c7180a01-9e25-4e36-965c-71eb8a64ce01', '68c4cdc4-4088-494e-99f9-337a441724a2', 'documents_incomplete', 'documents_verified', NULL, NULL, '2026-03-20 12:54:54'),
  ('5167f845-c451-4420-92ac-cfaa42405003', '68c4cdc4-4088-494e-99f9-337a441724a2', 'documents_verified', 'awaiting_enrollment_fee', NULL, NULL, '2026-03-21 00:54:54'),
  ('d20a2b73-7696-4446-acd9-06d6a6cc8ea5', '68c4cdc4-4088-494e-99f9-337a441724a2', 'awaiting_enrollment_fee', 'enrollment_fee_paid', NULL, NULL, '2026-03-21 12:54:54'),
  ('b5ec52d7-57f6-4a25-acd1-ac4a4043c006', '68c4cdc4-4088-494e-99f9-337a441724a2', 'enrollment_fee_paid', 'awaiting_payment', NULL, NULL, '2026-03-22 00:54:54'),
  ('aecfe7c5-919d-4055-a495-2953843bd81b', '68c4cdc4-4088-494e-99f9-337a441724a2', 'awaiting_payment', 'payment_confirmed', NULL, NULL, '2026-03-22 12:54:54'),
  ('30c29854-6a2f-4305-ba82-c076523c1a06', '68e87eec-1e61-4d59-84dc-4042f4e52716', NULL, 'draft', NULL, NULL, '2026-01-23 21:10:49'),
  ('d45099f2-becf-4dd9-8c70-6978bcbc2280', '68e87eec-1e61-4d59-84dc-4042f4e52716', 'draft', 'submitted', NULL, NULL, '2026-01-24 09:10:49'),
  ('97201abd-9ef4-479f-8980-a9449c75f081', '68e87eec-1e61-4d59-84dc-4042f4e52716', 'submitted', 'documents_incomplete', NULL, NULL, '2026-01-24 21:10:49'),
  ('6e9da124-eea9-4f81-ac93-3295d0048437', '68e87eec-1e61-4d59-84dc-4042f4e52716', 'documents_incomplete', 'documents_verified', NULL, NULL, '2026-01-25 09:10:49'),
  ('d77d3c19-70d0-4f2b-9f48-750cf3a50a0a', '68e87eec-1e61-4d59-84dc-4042f4e52716', 'documents_verified', 'awaiting_enrollment_fee', NULL, NULL, '2026-01-25 21:10:49'),
  ('79d63976-14c7-481c-9126-6949e8e4ee4e', '68e87eec-1e61-4d59-84dc-4042f4e52716', 'awaiting_enrollment_fee', 'enrollment_fee_paid', NULL, NULL, '2026-01-26 09:10:49'),
  ('8fc51a9a-6a27-436b-ac20-6c737130f367', '68e87eec-1e61-4d59-84dc-4042f4e52716', 'enrollment_fee_paid', 'awaiting_payment', NULL, NULL, '2026-01-26 21:10:49'),
  ('e9dbe40f-bf0f-4803-9319-7b60cf921873', '68e87eec-1e61-4d59-84dc-4042f4e52716', 'awaiting_payment', 'payment_confirmed', NULL, NULL, '2026-01-27 09:10:49'),
  ('f13bac29-1b97-45c7-8371-627dfdb267c8', 'ad8e0eb6-244e-4855-853e-ba0fe482b2a8', NULL, 'draft', NULL, NULL, '2026-02-14 10:13:01'),
  ('dceb0d3a-135c-4f28-a761-8b3b063b0d17', 'ad8e0eb6-244e-4855-853e-ba0fe482b2a8', 'draft', 'submitted', NULL, NULL, '2026-02-14 22:13:01'),
  ('ff6640df-538c-44d5-8aba-d0c49293a303', 'ad8e0eb6-244e-4855-853e-ba0fe482b2a8', 'submitted', 'documents_incomplete', NULL, NULL, '2026-02-15 10:13:01'),
  ('fc7c0b86-c946-46ee-a77e-28f14ee89852', '4fbf6c8f-e7f4-4035-a758-e99ed9332250', NULL, 'draft', NULL, NULL, '2026-01-26 13:59:08'),
  ('37b27cf7-ea74-4d25-b046-8b81e3b57541', '4fbf6c8f-e7f4-4035-a758-e99ed9332250', 'draft', 'submitted', NULL, NULL, '2026-01-27 01:59:08'),
  ('51e4f84c-2a76-4c9d-8230-f84c5771d010', 'c5fd5f70-4fac-4af6-9543-c8c9325b1cf7', NULL, 'draft', NULL, NULL, '2026-02-20 10:59:13'),
  ('6c08999d-7b29-49ba-bd22-5228706501b4', 'c5fd5f70-4fac-4af6-9543-c8c9325b1cf7', 'draft', 'submitted', NULL, NULL, '2026-02-20 22:59:13'),
  ('0d7ddb50-b84b-4af9-b545-ffcba13fc60f', 'c5fd5f70-4fac-4af6-9543-c8c9325b1cf7', 'submitted', 'documents_incomplete', NULL, NULL, '2026-02-21 10:59:13'),
  ('23f59bff-3ddf-4d13-9bf7-41755594d992', 'c5fd5f70-4fac-4af6-9543-c8c9325b1cf7', 'documents_incomplete', 'documents_verified', NULL, NULL, '2026-02-21 22:59:13'),
  ('19ece00c-3a31-4521-82b3-f2b9fc27501f', 'c5fd5f70-4fac-4af6-9543-c8c9325b1cf7', 'documents_verified', 'awaiting_enrollment_fee', NULL, NULL, '2026-02-22 10:59:13'),
  ('51754e43-41fd-40b0-91b2-de8982a8e457', 'c5fd5f70-4fac-4af6-9543-c8c9325b1cf7', 'awaiting_enrollment_fee', 'enrollment_fee_paid', NULL, NULL, '2026-02-22 22:59:13'),
  ('574af093-0957-4d35-8dcd-ff2adfff5f1c', 'c5fd5f70-4fac-4af6-9543-c8c9325b1cf7', 'enrollment_fee_paid', 'awaiting_payment', NULL, NULL, '2026-02-23 10:59:13'),
  ('008786ca-363d-4dc0-8d07-0895fd451558', 'c5fd5f70-4fac-4af6-9543-c8c9325b1cf7', 'awaiting_payment', 'payment_confirmed', NULL, NULL, '2026-02-23 22:59:13');

INSERT INTO application_documents (id, application_id, doc_type, file_path, file_name, mime_type, status, reviewed_by, review_note, uploaded_at) VALUES
  ('69069dca-c6e8-4def-902e-365a45460cc7', '58a5d2a5-0b59-4caa-b328-71348971d2bd', 'diploma_scan', '/uploads/9ffe61cb-a17d-403b-bd12-758052f549b8/diploma_scan.pdf', 'diploma_scan.pdf', 'application/pdf', 'accepted', NULL, NULL, '2026-03-23 23:41:19.542596'),
  ('63fb9ae0-657a-4df7-8c89-5abbfa53c820', '58a5d2a5-0b59-4caa-b328-71348971d2bd', 'application_form', '/uploads/9ffe61cb-a17d-403b-bd12-758052f549b8/application_form.pdf', 'application_form.pdf', 'application/pdf', 'accepted', NULL, NULL, '2026-04-08 23:41:19.542596'),
  ('0ff624cd-3a46-4ba5-a246-862fa1904d7b', '58a5d2a5-0b59-4caa-b328-71348971d2bd', 'enrollment_fee_proof', '/uploads/9ffe61cb-a17d-403b-bd12-758052f549b8/enrollment_fee_proof.pdf', 'enrollment_fee_proof.pdf', 'application/pdf', 'accepted', NULL, NULL, '2026-02-13 23:41:19.542596'),
  ('8a2b04ce-bc12-4e42-8a99-bde143fd7e99', '43b457f4-875d-468d-b54f-dd8d561d049d', 'diploma_scan', '/uploads/de552093-9e6f-4473-8b98-d5164632adfe/diploma_scan.pdf', 'diploma_scan.pdf', 'application/pdf', 'accepted', NULL, NULL, '2026-03-21 23:41:19.542596'),
  ('454d1343-5675-4822-941c-9c93a65c5d2a', '43b457f4-875d-468d-b54f-dd8d561d049d', 'application_form', '/uploads/de552093-9e6f-4473-8b98-d5164632adfe/application_form.jpg', 'application_form.jpg', 'application/jpg', 'accepted', NULL, NULL, '2026-03-09 23:41:19.542596'),
  ('36014e57-e4a4-4d54-9c31-b09f88c79143', '43b457f4-875d-468d-b54f-dd8d561d049d', 'enrollment_fee_proof', '/uploads/de552093-9e6f-4473-8b98-d5164632adfe/enrollment_fee_proof.jpg', 'enrollment_fee_proof.jpg', 'application/jpg', 'accepted', NULL, NULL, '2026-02-17 23:41:19.542596'),
  ('ecaea633-93d3-458d-b635-4ba49ef5e67d', '7fd10656-c8c1-433d-86c1-6c380614e1f5', 'diploma_scan', '/uploads/aa7f43d8-c452-411a-8a2a-8c23df18f015/diploma_scan.jpg', 'diploma_scan.jpg', 'application/jpg', 'accepted', NULL, NULL, '2026-03-25 23:41:19.542596'),
  ('2d298c9c-fca2-4b04-812e-67d87bd91f8c', '7fd10656-c8c1-433d-86c1-6c380614e1f5', 'application_form', '/uploads/aa7f43d8-c452-411a-8a2a-8c23df18f015/application_form.pdf', 'application_form.pdf', 'application/pdf', 'accepted', NULL, NULL, '2026-02-21 23:41:19.542596'),
  ('7a6a4826-b8de-4e2e-aeed-16ba5f0a0076', '7fd10656-c8c1-433d-86c1-6c380614e1f5', 'enrollment_fee_proof', '/uploads/aa7f43d8-c452-411a-8a2a-8c23df18f015/enrollment_fee_proof.pdf', 'enrollment_fee_proof.pdf', 'application/pdf', 'accepted', NULL, NULL, '2026-03-23 23:41:19.542596'),
  ('bb6ea193-554e-4e37-b343-fb591c576d9d', 'cb4c71da-6152-43a0-83fd-bc0f4d458ede', 'diploma_scan', '/uploads/56f1715f-f0a4-4d15-a009-b2127cb9e573/diploma_scan.jpg', 'diploma_scan.jpg', 'application/jpg', 'pending', NULL, NULL, '2026-02-14 23:41:19.542596'),
  ('b39d85a6-a7f8-4b7e-b619-eadf83b1e92f', 'cb4c71da-6152-43a0-83fd-bc0f4d458ede', 'application_form', '/uploads/56f1715f-f0a4-4d15-a009-b2127cb9e573/application_form.pdf', 'application_form.pdf', 'application/pdf', 'pending', NULL, NULL, '2026-02-14 23:41:19.542596'),
  ('3df5875a-6586-4616-b3f1-33ffcfa7ba79', 'cb4c71da-6152-43a0-83fd-bc0f4d458ede', 'enrollment_fee_proof', '/uploads/56f1715f-f0a4-4d15-a009-b2127cb9e573/enrollment_fee_proof.jpg', 'enrollment_fee_proof.jpg', 'application/jpg', 'pending', NULL, NULL, '2026-03-24 23:41:19.542596'),
  ('a71ddc50-4583-4ec6-9d40-56f47d436b8f', '0d181b0a-4b08-417f-ab7a-55b5fdf4dbd8', 'diploma_scan', '/uploads/1753d6bc-4560-47c5-b20b-73657943a10e/diploma_scan.pdf', 'diploma_scan.pdf', 'application/pdf', 'accepted', NULL, NULL, '2026-02-18 23:41:19.542596'),
  ('20dc3cce-f40a-4b3b-96e6-8a113b980af7', '0d181b0a-4b08-417f-ab7a-55b5fdf4dbd8', 'application_form', '/uploads/1753d6bc-4560-47c5-b20b-73657943a10e/application_form.jpg', 'application_form.jpg', 'application/jpg', 'accepted', NULL, NULL, '2026-03-14 23:41:19.542596'),
  ('0bf33a6c-49ea-4d87-a2f0-a0d047e75764', '0d181b0a-4b08-417f-ab7a-55b5fdf4dbd8', 'enrollment_fee_proof', '/uploads/1753d6bc-4560-47c5-b20b-73657943a10e/enrollment_fee_proof.jpg', 'enrollment_fee_proof.jpg', 'application/jpg', 'accepted', NULL, NULL, '2026-02-22 23:41:19.542596'),
  ('f5c49061-a4b3-4378-a9c0-04456b84dde5', 'ed5dc125-2336-44ff-98ca-ae0fc16be61b', 'diploma_scan', '/uploads/8921e100-d03c-49fe-ad77-2bc6be2ebf7c/diploma_scan.jpg', 'diploma_scan.jpg', 'application/jpg', 'accepted', NULL, NULL, '2026-02-12 23:41:19.542596'),
  ('c7a39b11-2b07-40d0-b2a2-5bbb2f4464ca', 'ed5dc125-2336-44ff-98ca-ae0fc16be61b', 'application_form', '/uploads/8921e100-d03c-49fe-ad77-2bc6be2ebf7c/application_form.jpg', 'application_form.jpg', 'application/jpg', 'accepted', NULL, NULL, '2026-03-20 23:41:19.542596'),
  ('b2ce08c2-5825-49f8-a369-194f415da5da', 'ed5dc125-2336-44ff-98ca-ae0fc16be61b', 'enrollment_fee_proof', '/uploads/8921e100-d03c-49fe-ad77-2bc6be2ebf7c/enrollment_fee_proof.pdf', 'enrollment_fee_proof.pdf', 'application/pdf', 'accepted', NULL, NULL, '2026-03-10 23:41:19.542596'),
  ('267fb128-22c7-4832-ab2e-8978d84f15fa', 'eeae1805-0498-4873-bba6-c94134a85acf', 'diploma_scan', '/uploads/feef9804-e36a-4516-b9a1-79a28bc75668/diploma_scan.jpg', 'diploma_scan.jpg', 'application/jpg', 'pending', NULL, NULL, '2026-03-18 23:41:19.542596'),
  ('55d67690-09de-4a39-a06d-739e3af5491d', 'eeae1805-0498-4873-bba6-c94134a85acf', 'application_form', '/uploads/feef9804-e36a-4516-b9a1-79a28bc75668/application_form.jpg', 'application_form.jpg', 'application/jpg', 'pending', NULL, NULL, '2026-02-18 23:41:19.542596'),
  ('7b7b34e4-104a-4495-b080-6e116938e2c8', 'eeae1805-0498-4873-bba6-c94134a85acf', 'enrollment_fee_proof', '/uploads/feef9804-e36a-4516-b9a1-79a28bc75668/enrollment_fee_proof.pdf', 'enrollment_fee_proof.pdf', 'application/pdf', 'pending', NULL, NULL, '2026-02-23 23:41:19.542596'),
  ('937cf24d-1678-4ac6-89c2-c8305eb43d7a', 'ae66746a-17f7-4c01-a49f-7ec893303cd1', 'diploma_scan', '/uploads/5db71748-a773-4b90-85b0-b39e7c9a88d4/diploma_scan.jpg', 'diploma_scan.jpg', 'application/jpg', 'accepted', NULL, NULL, '2026-04-05 23:41:19.542596'),
  ('d83155f9-1744-43dc-92fd-b1e9549dd329', 'ae66746a-17f7-4c01-a49f-7ec893303cd1', 'application_form', '/uploads/5db71748-a773-4b90-85b0-b39e7c9a88d4/application_form.jpg', 'application_form.jpg', 'application/jpg', 'accepted', NULL, NULL, '2026-03-03 23:41:19.542596'),
  ('6fe1a4c3-cb01-4756-b576-afc9b42cd780', 'ae66746a-17f7-4c01-a49f-7ec893303cd1', 'enrollment_fee_proof', '/uploads/5db71748-a773-4b90-85b0-b39e7c9a88d4/enrollment_fee_proof.pdf', 'enrollment_fee_proof.pdf', 'application/pdf', 'accepted', NULL, NULL, '2026-03-07 23:41:19.542596'),
  ('95e2c36f-2f45-4a37-a3ed-b68351fc45c9', 'ee17955b-345e-41d3-a0f1-5ac4251e0264', 'diploma_scan', '/uploads/4484cb05-21ca-432f-8535-6625d52e2439/diploma_scan.jpg', 'diploma_scan.jpg', 'application/jpg', 'accepted', NULL, NULL, '2026-03-21 23:41:19.542596'),
  ('af876600-6ae2-4ba6-896a-130243cff1d3', 'ee17955b-345e-41d3-a0f1-5ac4251e0264', 'application_form', '/uploads/4484cb05-21ca-432f-8535-6625d52e2439/application_form.pdf', 'application_form.pdf', 'application/pdf', 'accepted', NULL, NULL, '2026-04-05 23:41:19.542596'),
  ('e398847d-683d-408f-88c7-f555a2294f12', 'ee17955b-345e-41d3-a0f1-5ac4251e0264', 'enrollment_fee_proof', '/uploads/4484cb05-21ca-432f-8535-6625d52e2439/enrollment_fee_proof.jpg', 'enrollment_fee_proof.jpg', 'application/jpg', 'accepted', NULL, NULL, '2026-02-27 23:41:19.542596'),
  ('d9971f4c-a5c8-430c-b42f-04157d7e774f', '140e6e39-d600-4ed8-9f2d-b552600424cc', 'diploma_scan', '/uploads/54e1f1da-6c35-450f-a38f-465a2e4e6ddd/diploma_scan.jpg', 'diploma_scan.jpg', 'application/jpg', 'accepted', NULL, NULL, '2026-03-22 23:41:19.542596'),
  ('94277e16-e95d-4838-b71a-49f213cbb16d', '140e6e39-d600-4ed8-9f2d-b552600424cc', 'application_form', '/uploads/54e1f1da-6c35-450f-a38f-465a2e4e6ddd/application_form.jpg', 'application_form.jpg', 'application/jpg', 'accepted', NULL, NULL, '2026-03-03 23:41:19.542596'),
  ('f43f7212-419f-4ffe-b821-2d1fc4718d82', '140e6e39-d600-4ed8-9f2d-b552600424cc', 'enrollment_fee_proof', '/uploads/54e1f1da-6c35-450f-a38f-465a2e4e6ddd/enrollment_fee_proof.jpg', 'enrollment_fee_proof.jpg', 'application/jpg', 'accepted', NULL, NULL, '2026-03-31 23:41:19.542596'),
  ('ca4d6654-f6e3-4a25-a3a4-2f82ceb20f06', '25c1142c-6ea8-49bc-a21c-d17ce2b74c46', 'diploma_scan', '/uploads/cbcc0ac6-920b-4b07-a61e-7ed4d7ea2163/diploma_scan.jpg', 'diploma_scan.jpg', 'application/jpg', 'accepted', NULL, NULL, '2026-03-19 23:41:19.542596'),
  ('3bd223b9-0e51-4b3b-8cb7-52b4dd98ee8a', '25c1142c-6ea8-49bc-a21c-d17ce2b74c46', 'application_form', '/uploads/cbcc0ac6-920b-4b07-a61e-7ed4d7ea2163/application_form.jpg', 'application_form.jpg', 'application/jpg', 'accepted', NULL, NULL, '2026-04-08 23:41:19.542596'),
  ('429ce7b4-c04b-47d9-86bf-9f02af176e93', '25c1142c-6ea8-49bc-a21c-d17ce2b74c46', 'enrollment_fee_proof', '/uploads/cbcc0ac6-920b-4b07-a61e-7ed4d7ea2163/enrollment_fee_proof.jpg', 'enrollment_fee_proof.jpg', 'application/jpg', 'accepted', NULL, NULL, '2026-03-02 23:41:19.542596'),
  ('fb25b80e-7011-487e-8fb2-b81f73489b63', '91756c26-bf89-4f78-8d80-c9e2fecf81ab', 'diploma_scan', '/uploads/7cd37841-0c64-4e6f-95f9-e5f707fda22a/diploma_scan.jpg', 'diploma_scan.jpg', 'application/jpg', 'accepted', NULL, NULL, '2026-03-24 23:41:19.542596'),
  ('e5a5f143-0850-4ddd-950a-8b795b08cbb1', '91756c26-bf89-4f78-8d80-c9e2fecf81ab', 'application_form', '/uploads/7cd37841-0c64-4e6f-95f9-e5f707fda22a/application_form.pdf', 'application_form.pdf', 'application/pdf', 'accepted', NULL, NULL, '2026-04-06 23:41:19.542596'),
  ('0b6c53d0-9a40-4e97-884b-1602bf6d6f20', '91756c26-bf89-4f78-8d80-c9e2fecf81ab', 'enrollment_fee_proof', '/uploads/7cd37841-0c64-4e6f-95f9-e5f707fda22a/enrollment_fee_proof.jpg', 'enrollment_fee_proof.jpg', 'application/jpg', 'accepted', NULL, NULL, '2026-03-18 23:41:19.542596'),
  ('d9eff0dd-fcb4-42e0-bdbc-fb4987a89e76', '785b4650-9940-42a6-b861-81d7e58e4b5d', 'diploma_scan', '/uploads/0b97d646-f568-498a-bbd2-f4ca394d77cf/diploma_scan.pdf', 'diploma_scan.pdf', 'application/pdf', 'accepted', NULL, NULL, '2026-04-09 23:41:19.542596'),
  ('e7c239e2-722b-40cf-b5e6-67b42f4e56ff', '785b4650-9940-42a6-b861-81d7e58e4b5d', 'application_form', '/uploads/0b97d646-f568-498a-bbd2-f4ca394d77cf/application_form.pdf', 'application_form.pdf', 'application/pdf', 'accepted', NULL, NULL, '2026-02-15 23:41:19.542596'),
  ('0c7795d9-a40d-4825-b192-0e6f03c9f820', '785b4650-9940-42a6-b861-81d7e58e4b5d', 'enrollment_fee_proof', '/uploads/0b97d646-f568-498a-bbd2-f4ca394d77cf/enrollment_fee_proof.jpg', 'enrollment_fee_proof.jpg', 'application/jpg', 'accepted', NULL, NULL, '2026-04-08 23:41:19.542596'),
  ('5b4220f4-3191-475c-a5c3-00c762b26ac5', '5d3336ea-040a-44ac-a484-abb13b63d45f', 'diploma_scan', '/uploads/679a6a51-d832-419e-8285-034a622667e8/diploma_scan.pdf', 'diploma_scan.pdf', 'application/pdf', 'rejected', NULL, NULL, '2026-04-06 23:41:19.542596'),
  ('b956c465-d9ea-4bc5-bdd2-0ba6f14f3ffc', '5d3336ea-040a-44ac-a484-abb13b63d45f', 'application_form', '/uploads/679a6a51-d832-419e-8285-034a622667e8/application_form.pdf', 'application_form.pdf', 'application/pdf', 'pending', NULL, NULL, '2026-02-20 23:41:19.542596'),
  ('fe9f27dc-7ec3-4648-a392-7cdf65f4a334', '5d3336ea-040a-44ac-a484-abb13b63d45f', 'enrollment_fee_proof', '/uploads/679a6a51-d832-419e-8285-034a622667e8/enrollment_fee_proof.jpg', 'enrollment_fee_proof.jpg', 'application/jpg', 'pending', NULL, NULL, '2026-03-18 23:41:19.542596'),
  ('c290b21b-8ca6-4a82-8cff-d8090256ed87', '2f49400b-7be8-4bc2-b5af-be1dc6211920', 'diploma_scan', '/uploads/ac2eae8f-df75-42dd-a813-daab360be9c7/diploma_scan.jpg', 'diploma_scan.jpg', 'application/jpg', 'accepted', NULL, NULL, '2026-03-05 23:41:19.542596'),
  ('bf628e74-149a-4331-bc6a-52eae5b1acbd', '2f49400b-7be8-4bc2-b5af-be1dc6211920', 'application_form', '/uploads/ac2eae8f-df75-42dd-a813-daab360be9c7/application_form.pdf', 'application_form.pdf', 'application/pdf', 'accepted', NULL, NULL, '2026-03-03 23:41:19.542596'),
  ('f2e3b18c-c225-4146-8875-4f35dd9865e7', '2f49400b-7be8-4bc2-b5af-be1dc6211920', 'enrollment_fee_proof', '/uploads/ac2eae8f-df75-42dd-a813-daab360be9c7/enrollment_fee_proof.pdf', 'enrollment_fee_proof.pdf', 'application/pdf', 'accepted', NULL, NULL, '2026-02-26 23:41:19.542596'),
  ('5d5ab8f1-ad2d-44fa-a61c-f9a417a4eadb', '4fc37961-0c19-4bc7-9df9-41f75db040ff', 'diploma_scan', '/uploads/e63f06ad-24c3-46bf-b897-72ed21e32be7/diploma_scan.jpg', 'diploma_scan.jpg', 'application/jpg', 'accepted', NULL, NULL, '2026-03-18 23:41:19.542596'),
  ('8f4158b2-8a70-487b-9acf-b85515b0663f', '4fc37961-0c19-4bc7-9df9-41f75db040ff', 'application_form', '/uploads/e63f06ad-24c3-46bf-b897-72ed21e32be7/application_form.jpg', 'application_form.jpg', 'application/jpg', 'accepted', NULL, NULL, '2026-03-13 23:41:19.542596'),
  ('424bbc28-8864-4994-97ef-4f00d624e0bb', '4fc37961-0c19-4bc7-9df9-41f75db040ff', 'enrollment_fee_proof', '/uploads/e63f06ad-24c3-46bf-b897-72ed21e32be7/enrollment_fee_proof.pdf', 'enrollment_fee_proof.pdf', 'application/pdf', 'accepted', NULL, NULL, '2026-03-05 23:41:19.542596'),
  ('91cedd1e-f7b7-4a09-bfe9-c12ffd20ed6f', '02561354-e338-464d-9ec4-704c92561e4a', 'diploma_scan', '/uploads/51b39c8e-6a4d-4acd-bc3b-92949c8c782e/diploma_scan.pdf', 'diploma_scan.pdf', 'application/pdf', 'rejected', NULL, NULL, '2026-03-08 23:41:19.542596'),
  ('c14677f0-e87d-48ab-b419-2167964ff939', '02561354-e338-464d-9ec4-704c92561e4a', 'application_form', '/uploads/51b39c8e-6a4d-4acd-bc3b-92949c8c782e/application_form.jpg', 'application_form.jpg', 'application/jpg', 'pending', NULL, NULL, '2026-03-16 23:41:19.542596'),
  ('ff51a87d-0b90-46fb-85c9-b594e8ea4e30', '02561354-e338-464d-9ec4-704c92561e4a', 'enrollment_fee_proof', '/uploads/51b39c8e-6a4d-4acd-bc3b-92949c8c782e/enrollment_fee_proof.jpg', 'enrollment_fee_proof.jpg', 'application/jpg', 'pending', NULL, NULL, '2026-02-28 23:41:19.542596'),
  ('149fb79c-3e4c-4e5d-ac12-b97fef36ae86', 'c3a36135-5533-4612-aa3f-6365670af0fe', 'diploma_scan', '/uploads/21132ffe-1545-43fb-8de2-c7a5b1ff1279/diploma_scan.jpg', 'diploma_scan.jpg', 'application/jpg', 'accepted', NULL, NULL, '2026-03-26 23:41:19.542596'),
  ('383ef7c8-ad38-4e61-af82-e011f2411b10', 'c3a36135-5533-4612-aa3f-6365670af0fe', 'application_form', '/uploads/21132ffe-1545-43fb-8de2-c7a5b1ff1279/application_form.pdf', 'application_form.pdf', 'application/pdf', 'accepted', NULL, NULL, '2026-04-09 23:41:19.542596'),
  ('d32a16c1-d161-4876-8208-90f62e2760c4', 'c3a36135-5533-4612-aa3f-6365670af0fe', 'enrollment_fee_proof', '/uploads/21132ffe-1545-43fb-8de2-c7a5b1ff1279/enrollment_fee_proof.pdf', 'enrollment_fee_proof.pdf', 'application/pdf', 'accepted', NULL, NULL, '2026-03-10 23:41:19.542596'),
  ('d19697c3-fad4-4da7-8750-9d3af0970306', '9713783c-a3e0-471e-82f7-137d501b3cff', 'diploma_scan', '/uploads/fea9a616-5127-46fe-a79a-e98ac01f0a37/diploma_scan.jpg', 'diploma_scan.jpg', 'application/jpg', 'accepted', NULL, NULL, '2026-02-11 23:41:19.542596'),
  ('a271efbb-4fa5-4f61-a00c-c5e815a90572', '9713783c-a3e0-471e-82f7-137d501b3cff', 'application_form', '/uploads/fea9a616-5127-46fe-a79a-e98ac01f0a37/application_form.pdf', 'application_form.pdf', 'application/pdf', 'accepted', NULL, NULL, '2026-03-25 23:41:19.542596'),
  ('d3098a77-ad3a-49fc-9eaa-9f3a05dc0179', '9713783c-a3e0-471e-82f7-137d501b3cff', 'enrollment_fee_proof', '/uploads/fea9a616-5127-46fe-a79a-e98ac01f0a37/enrollment_fee_proof.jpg', 'enrollment_fee_proof.jpg', 'application/jpg', 'accepted', NULL, NULL, '2026-02-24 23:41:19.542596'),
  ('d6436cba-f5af-46ef-bb07-a42371f67803', '3d70493f-6432-4387-8ed7-736d393b5777', 'diploma_scan', '/uploads/dcf05ceb-45a2-4a2e-90be-f205d412be30/diploma_scan.jpg', 'diploma_scan.jpg', 'application/jpg', 'accepted', NULL, NULL, '2026-03-28 23:41:19.542596'),
  ('388fabc0-c72f-45e1-b25c-6ea9709a0105', '3d70493f-6432-4387-8ed7-736d393b5777', 'application_form', '/uploads/dcf05ceb-45a2-4a2e-90be-f205d412be30/application_form.jpg', 'application_form.jpg', 'application/jpg', 'accepted', NULL, NULL, '2026-02-25 23:41:19.542596'),
  ('b661ac51-3c2b-4ee5-8273-d4d516bd3097', '3d70493f-6432-4387-8ed7-736d393b5777', 'enrollment_fee_proof', '/uploads/dcf05ceb-45a2-4a2e-90be-f205d412be30/enrollment_fee_proof.jpg', 'enrollment_fee_proof.jpg', 'application/jpg', 'accepted', NULL, NULL, '2026-03-29 23:41:19.542596'),
  ('dcc8dd5c-fe34-4254-9a0d-7622cbee4760', '297e7674-1608-497d-9134-ed00486e2b2e', 'diploma_scan', '/uploads/18638198-8f59-4ca7-9d5c-5083a6b52e82/diploma_scan.pdf', 'diploma_scan.pdf', 'application/pdf', 'accepted', NULL, NULL, '2026-04-02 23:41:19.542596'),
  ('8d14c6ab-c939-43d0-b546-ffcdbb9d05af', '297e7674-1608-497d-9134-ed00486e2b2e', 'application_form', '/uploads/18638198-8f59-4ca7-9d5c-5083a6b52e82/application_form.pdf', 'application_form.pdf', 'application/pdf', 'accepted', NULL, NULL, '2026-03-13 23:41:19.542596'),
  ('9200350e-c949-4623-96d3-055d4a8ef171', '297e7674-1608-497d-9134-ed00486e2b2e', 'enrollment_fee_proof', '/uploads/18638198-8f59-4ca7-9d5c-5083a6b52e82/enrollment_fee_proof.pdf', 'enrollment_fee_proof.pdf', 'application/pdf', 'accepted', NULL, NULL, '2026-02-12 23:41:19.542596'),
  ('942dd5b0-2794-4d67-abaf-d57f82a94f45', '04e39c10-3072-4b59-adc7-e3afe7e24a36', 'diploma_scan', '/uploads/c8d8e6e8-4993-48ff-97c4-24fae15f2ca2/diploma_scan.jpg', 'diploma_scan.jpg', 'application/jpg', 'accepted', NULL, NULL, '2026-04-05 23:41:19.542596'),
  ('34b15aa6-35e0-4f6f-a138-631d807ccd36', '04e39c10-3072-4b59-adc7-e3afe7e24a36', 'application_form', '/uploads/c8d8e6e8-4993-48ff-97c4-24fae15f2ca2/application_form.jpg', 'application_form.jpg', 'application/jpg', 'accepted', NULL, NULL, '2026-02-27 23:41:19.542596'),
  ('03146a7f-90e7-41fa-a18f-be38eefc638f', '04e39c10-3072-4b59-adc7-e3afe7e24a36', 'enrollment_fee_proof', '/uploads/c8d8e6e8-4993-48ff-97c4-24fae15f2ca2/enrollment_fee_proof.jpg', 'enrollment_fee_proof.jpg', 'application/jpg', 'accepted', NULL, NULL, '2026-02-24 23:41:19.542596'),
  ('eb1a8caa-5790-4d66-b100-4d20d3347dc3', '6b901e84-2d8a-41d3-910b-ef7e6ec5dc55', 'diploma_scan', '/uploads/79f76230-b2ac-455d-bbdf-540f758f823f/diploma_scan.pdf', 'diploma_scan.pdf', 'application/pdf', 'pending', NULL, NULL, '2026-03-06 23:41:19.542596'),
  ('3a9e01e6-b2bd-4874-a00a-350a1d030caa', '6b901e84-2d8a-41d3-910b-ef7e6ec5dc55', 'application_form', '/uploads/79f76230-b2ac-455d-bbdf-540f758f823f/application_form.jpg', 'application_form.jpg', 'application/jpg', 'pending', NULL, NULL, '2026-02-12 23:41:19.542596'),
  ('648cf9dc-8b72-4dbc-9241-d9f161601d11', '6b901e84-2d8a-41d3-910b-ef7e6ec5dc55', 'enrollment_fee_proof', '/uploads/79f76230-b2ac-455d-bbdf-540f758f823f/enrollment_fee_proof.jpg', 'enrollment_fee_proof.jpg', 'application/jpg', 'pending', NULL, NULL, '2026-02-15 23:41:19.542596'),
  ('a258f6c5-cc4c-455e-b852-1bab361ec733', 'da018d52-5013-4ea3-93de-8601e00690f2', 'diploma_scan', '/uploads/0f2bbaff-1801-4be2-aa2e-a2c47ec1530e/diploma_scan.pdf', 'diploma_scan.pdf', 'application/pdf', 'rejected', NULL, NULL, '2026-02-24 23:41:19.542596'),
  ('2825bb36-7d0c-4ba6-95df-7a0ee69f2701', 'da018d52-5013-4ea3-93de-8601e00690f2', 'application_form', '/uploads/0f2bbaff-1801-4be2-aa2e-a2c47ec1530e/application_form.pdf', 'application_form.pdf', 'application/pdf', 'pending', NULL, NULL, '2026-02-19 23:41:19.542596'),
  ('3e99a8d1-65dd-46ad-bf77-8a14d07693a6', 'da018d52-5013-4ea3-93de-8601e00690f2', 'enrollment_fee_proof', '/uploads/0f2bbaff-1801-4be2-aa2e-a2c47ec1530e/enrollment_fee_proof.jpg', 'enrollment_fee_proof.jpg', 'application/jpg', 'pending', NULL, NULL, '2026-03-09 23:41:19.542596'),
  ('f4b3d1e8-c91a-4bab-a5ad-5e7b1b900ac0', '1649fcc1-438a-4465-a493-6e6be892bdec', 'diploma_scan', '/uploads/5ef237ce-6d64-4a18-9d79-6fdfed400e5b/diploma_scan.pdf', 'diploma_scan.pdf', 'application/pdf', 'pending', NULL, NULL, '2026-04-03 23:41:19.542596'),
  ('db2c83ae-26d0-4567-84c5-2718f3f9b093', '1649fcc1-438a-4465-a493-6e6be892bdec', 'application_form', '/uploads/5ef237ce-6d64-4a18-9d79-6fdfed400e5b/application_form.pdf', 'application_form.pdf', 'application/pdf', 'pending', NULL, NULL, '2026-02-19 23:41:19.542596'),
  ('5c088455-fb89-4d8a-80eb-a47ebc85615a', '1649fcc1-438a-4465-a493-6e6be892bdec', 'enrollment_fee_proof', '/uploads/5ef237ce-6d64-4a18-9d79-6fdfed400e5b/enrollment_fee_proof.pdf', 'enrollment_fee_proof.pdf', 'application/pdf', 'pending', NULL, NULL, '2026-03-26 23:41:19.542596'),
  ('6ba36ffc-6606-4e25-bb7a-69e4c15799f9', 'a8ca1aae-3764-4894-a803-c3cac6885b51', 'diploma_scan', '/uploads/04738d7c-f02e-41b5-adca-78b37df1bdee/diploma_scan.jpg', 'diploma_scan.jpg', 'application/jpg', 'accepted', NULL, NULL, '2026-04-09 23:41:19.542596'),
  ('d6676cd3-b965-4538-8b8d-f2249d462672', 'a8ca1aae-3764-4894-a803-c3cac6885b51', 'application_form', '/uploads/04738d7c-f02e-41b5-adca-78b37df1bdee/application_form.jpg', 'application_form.jpg', 'application/jpg', 'accepted', NULL, NULL, '2026-03-06 23:41:19.542596'),
  ('49d9b90d-51b4-44d1-904d-b8f28bb2a691', 'a8ca1aae-3764-4894-a803-c3cac6885b51', 'enrollment_fee_proof', '/uploads/04738d7c-f02e-41b5-adca-78b37df1bdee/enrollment_fee_proof.jpg', 'enrollment_fee_proof.jpg', 'application/jpg', 'accepted', NULL, NULL, '2026-03-12 23:41:19.542596'),
  ('9d2e0452-5e13-4f24-bcbd-f6da13b8b830', '24db4db6-018b-4df2-9b27-4ead144156cb', 'diploma_scan', '/uploads/221779f9-0f2e-4bbd-83cf-72e537ca3310/diploma_scan.pdf', 'diploma_scan.pdf', 'application/pdf', 'accepted', NULL, NULL, '2026-03-02 23:41:19.542596'),
  ('55501576-f5a8-4129-a820-b10e1c738df4', '24db4db6-018b-4df2-9b27-4ead144156cb', 'application_form', '/uploads/221779f9-0f2e-4bbd-83cf-72e537ca3310/application_form.pdf', 'application_form.pdf', 'application/pdf', 'accepted', NULL, NULL, '2026-04-06 23:41:19.542596'),
  ('e8b73350-e969-4dea-801b-061159a27ac5', '24db4db6-018b-4df2-9b27-4ead144156cb', 'enrollment_fee_proof', '/uploads/221779f9-0f2e-4bbd-83cf-72e537ca3310/enrollment_fee_proof.jpg', 'enrollment_fee_proof.jpg', 'application/jpg', 'accepted', NULL, NULL, '2026-03-16 23:41:19.542596'),
  ('7f34aab5-1b7f-4598-a862-676fb381c0ad', '2fc2cb12-28a8-4e43-869e-5879acb8b2c0', 'diploma_scan', '/uploads/a9e7f5ed-809a-4d10-8520-fd6247f9c9d5/diploma_scan.jpg', 'diploma_scan.jpg', 'application/jpg', 'accepted', NULL, NULL, '2026-03-08 23:41:19.542596'),
  ('6881713f-bfce-4cc8-b5e8-03cba2c288d4', '2fc2cb12-28a8-4e43-869e-5879acb8b2c0', 'application_form', '/uploads/a9e7f5ed-809a-4d10-8520-fd6247f9c9d5/application_form.jpg', 'application_form.jpg', 'application/jpg', 'accepted', NULL, NULL, '2026-02-20 23:41:19.542596'),
  ('4dd77763-6dcc-4e80-9c1e-f69d69d0a02b', '2fc2cb12-28a8-4e43-869e-5879acb8b2c0', 'enrollment_fee_proof', '/uploads/a9e7f5ed-809a-4d10-8520-fd6247f9c9d5/enrollment_fee_proof.jpg', 'enrollment_fee_proof.jpg', 'application/jpg', 'accepted', NULL, NULL, '2026-02-17 23:41:19.542596'),
  ('f36bd64f-f7d2-4135-9135-10b35d7edc8c', 'e81b40d0-a436-4015-9473-de381f7ab135', 'diploma_scan', '/uploads/70422071-7f1f-4752-b648-a2009726b238/diploma_scan.pdf', 'diploma_scan.pdf', 'application/pdf', 'accepted', NULL, NULL, '2026-04-02 23:41:19.542596'),
  ('b9893056-9acc-451f-99f3-f6144a0c0663', 'e81b40d0-a436-4015-9473-de381f7ab135', 'application_form', '/uploads/70422071-7f1f-4752-b648-a2009726b238/application_form.jpg', 'application_form.jpg', 'application/jpg', 'accepted', NULL, NULL, '2026-02-28 23:41:19.542596'),
  ('7bf72eb4-3c15-4bbb-9382-ba3344880401', 'e81b40d0-a436-4015-9473-de381f7ab135', 'enrollment_fee_proof', '/uploads/70422071-7f1f-4752-b648-a2009726b238/enrollment_fee_proof.pdf', 'enrollment_fee_proof.pdf', 'application/pdf', 'accepted', NULL, NULL, '2026-03-13 23:41:19.542596'),
  ('911b9bf4-1b0b-4713-8702-1e9b09263b93', '9cfb5771-bd87-4d50-9f3b-5214b13c8478', 'diploma_scan', '/uploads/e72652ed-898b-4892-89ca-ebf2b342f00b/diploma_scan.jpg', 'diploma_scan.jpg', 'application/jpg', 'accepted', NULL, NULL, '2026-02-26 23:41:19.542596'),
  ('ec766498-56f5-4f49-a089-2ce1551a04af', '9cfb5771-bd87-4d50-9f3b-5214b13c8478', 'application_form', '/uploads/e72652ed-898b-4892-89ca-ebf2b342f00b/application_form.jpg', 'application_form.jpg', 'application/jpg', 'accepted', NULL, NULL, '2026-04-02 23:41:19.542596'),
  ('bb4f69f6-ae57-4aec-a7ae-9a1a2faaeb4f', '9cfb5771-bd87-4d50-9f3b-5214b13c8478', 'enrollment_fee_proof', '/uploads/e72652ed-898b-4892-89ca-ebf2b342f00b/enrollment_fee_proof.pdf', 'enrollment_fee_proof.pdf', 'application/pdf', 'accepted', NULL, NULL, '2026-02-20 23:41:19.542596'),
  ('60094b81-6af1-4ed1-bb2b-b52360776a01', 'bf61e913-dcfc-4952-bc68-d21f6b4d542d', 'diploma_scan', '/uploads/72c15dcc-a6d7-49c3-b6fe-962c17f8580b/diploma_scan.pdf', 'diploma_scan.pdf', 'application/pdf', 'pending', NULL, NULL, '2026-03-14 23:41:19.542596'),
  ('5b18a85e-73ff-4202-ab46-53582c17e500', 'bf61e913-dcfc-4952-bc68-d21f6b4d542d', 'application_form', '/uploads/72c15dcc-a6d7-49c3-b6fe-962c17f8580b/application_form.pdf', 'application_form.pdf', 'application/pdf', 'pending', NULL, NULL, '2026-02-16 23:41:19.542596'),
  ('b07f8a20-9f01-41c1-a1db-99344ab91abd', 'bf61e913-dcfc-4952-bc68-d21f6b4d542d', 'enrollment_fee_proof', '/uploads/72c15dcc-a6d7-49c3-b6fe-962c17f8580b/enrollment_fee_proof.pdf', 'enrollment_fee_proof.pdf', 'application/pdf', 'pending', NULL, NULL, '2026-03-08 23:41:19.542596'),
  ('23725de9-2a90-40a8-9cde-21ec731e4da7', '4b2c7417-2aba-48cd-bd5f-1483bfc32b40', 'diploma_scan', '/uploads/017606c7-a31f-4184-8383-a78639365646/diploma_scan.pdf', 'diploma_scan.pdf', 'application/pdf', 'accepted', NULL, NULL, '2026-03-22 23:41:19.542596'),
  ('80d0b0fe-c898-431a-96d7-a8fd48178817', '4b2c7417-2aba-48cd-bd5f-1483bfc32b40', 'application_form', '/uploads/017606c7-a31f-4184-8383-a78639365646/application_form.pdf', 'application_form.pdf', 'application/pdf', 'accepted', NULL, NULL, '2026-03-31 23:41:19.542596'),
  ('32e22311-677d-4eb0-8fec-fe42a22b779a', '4b2c7417-2aba-48cd-bd5f-1483bfc32b40', 'enrollment_fee_proof', '/uploads/017606c7-a31f-4184-8383-a78639365646/enrollment_fee_proof.jpg', 'enrollment_fee_proof.jpg', 'application/jpg', 'accepted', NULL, NULL, '2026-02-10 23:41:19.542596'),
  ('7fabf1f7-3925-4f51-9689-f4325dd02077', '799795c4-096f-4e03-86cc-b81aa964efea', 'diploma_scan', '/uploads/1722ebb0-95ed-4662-8dfa-84673f1951d6/diploma_scan.pdf', 'diploma_scan.pdf', 'application/pdf', 'accepted', NULL, NULL, '2026-03-19 23:41:19.542596'),
  ('cc6ee26c-ce8c-4e60-a774-8e7d40f0cf7d', '799795c4-096f-4e03-86cc-b81aa964efea', 'application_form', '/uploads/1722ebb0-95ed-4662-8dfa-84673f1951d6/application_form.jpg', 'application_form.jpg', 'application/jpg', 'accepted', NULL, NULL, '2026-02-15 23:41:19.542596'),
  ('47013734-a5e4-4a30-9e64-15f1fac2974e', '799795c4-096f-4e03-86cc-b81aa964efea', 'enrollment_fee_proof', '/uploads/1722ebb0-95ed-4662-8dfa-84673f1951d6/enrollment_fee_proof.pdf', 'enrollment_fee_proof.pdf', 'application/pdf', 'accepted', NULL, NULL, '2026-03-25 23:41:19.542596'),
  ('5689a0a8-3dc1-4d39-affd-8c261c975bc6', 'a52c9e2d-8aef-4aa1-8cb5-fa9de8160209', 'diploma_scan', '/uploads/a950e985-5250-4891-9888-6d80ac301b3c/diploma_scan.pdf', 'diploma_scan.pdf', 'application/pdf', 'accepted', NULL, NULL, '2026-03-01 23:41:19.542596'),
  ('aab2e576-090b-4923-bcf9-f215f296ab78', 'a52c9e2d-8aef-4aa1-8cb5-fa9de8160209', 'application_form', '/uploads/a950e985-5250-4891-9888-6d80ac301b3c/application_form.jpg', 'application_form.jpg', 'application/jpg', 'accepted', NULL, NULL, '2026-04-02 23:41:19.542596'),
  ('73d94076-0fca-4eae-8908-eb1f1073f547', 'a52c9e2d-8aef-4aa1-8cb5-fa9de8160209', 'enrollment_fee_proof', '/uploads/a950e985-5250-4891-9888-6d80ac301b3c/enrollment_fee_proof.jpg', 'enrollment_fee_proof.jpg', 'application/jpg', 'accepted', NULL, NULL, '2026-03-02 23:41:19.542596'),
  ('b7d41a04-9809-4cae-bdb3-7f2077d020b5', '5bed9e4f-72e4-416c-8a14-bfd7e7b472ba', 'diploma_scan', '/uploads/576001a5-bda8-41c9-8fc6-08a5524c0044/diploma_scan.pdf', 'diploma_scan.pdf', 'application/pdf', 'accepted', NULL, NULL, '2026-03-09 23:41:19.542596'),
  ('479f0a14-e27a-454e-88db-7b730f0e3ef1', '5bed9e4f-72e4-416c-8a14-bfd7e7b472ba', 'application_form', '/uploads/576001a5-bda8-41c9-8fc6-08a5524c0044/application_form.pdf', 'application_form.pdf', 'application/pdf', 'accepted', NULL, NULL, '2026-03-04 23:41:19.542596'),
  ('4c4ed56a-7bd1-4901-9f64-cfd68d6ea01d', '5bed9e4f-72e4-416c-8a14-bfd7e7b472ba', 'enrollment_fee_proof', '/uploads/576001a5-bda8-41c9-8fc6-08a5524c0044/enrollment_fee_proof.pdf', 'enrollment_fee_proof.pdf', 'application/pdf', 'accepted', NULL, NULL, '2026-03-31 23:41:19.542596'),
  ('4d6381d0-9e58-4eeb-afec-57c304e0aecb', 'a4b987f5-e096-41f9-954d-fbfea1738510', 'diploma_scan', '/uploads/5d254f56-b33d-4a01-9605-66253a60bd8d/diploma_scan.jpg', 'diploma_scan.jpg', 'application/jpg', 'rejected', NULL, NULL, '2026-02-16 23:41:19.542596'),
  ('b9ad175a-adb4-4fb1-89d7-3bfbee094245', 'a4b987f5-e096-41f9-954d-fbfea1738510', 'application_form', '/uploads/5d254f56-b33d-4a01-9605-66253a60bd8d/application_form.pdf', 'application_form.pdf', 'application/pdf', 'pending', NULL, NULL, '2026-02-17 23:41:19.542596'),
  ('5c2c2d59-6e17-465d-9da3-4aa351fe59a0', 'a4b987f5-e096-41f9-954d-fbfea1738510', 'enrollment_fee_proof', '/uploads/5d254f56-b33d-4a01-9605-66253a60bd8d/enrollment_fee_proof.pdf', 'enrollment_fee_proof.pdf', 'application/pdf', 'pending', NULL, NULL, '2026-04-05 23:41:19.542596'),
  ('6de04060-a33d-45d2-9ca7-2d221a5417ce', '36d7a041-3c0f-4e0b-b7e9-3bdeaa149003', 'diploma_scan', '/uploads/cb6ccedf-5dbb-47a3-9b75-b6d47c652304/diploma_scan.pdf', 'diploma_scan.pdf', 'application/pdf', 'accepted', NULL, NULL, '2026-02-28 23:41:19.542596'),
  ('93e856c7-647f-431f-ae17-6f2f140d0743', '36d7a041-3c0f-4e0b-b7e9-3bdeaa149003', 'application_form', '/uploads/cb6ccedf-5dbb-47a3-9b75-b6d47c652304/application_form.jpg', 'application_form.jpg', 'application/jpg', 'accepted', NULL, NULL, '2026-02-28 23:41:19.542596'),
  ('e9fc5c25-9fe8-4159-83be-8803af5893fc', '36d7a041-3c0f-4e0b-b7e9-3bdeaa149003', 'enrollment_fee_proof', '/uploads/cb6ccedf-5dbb-47a3-9b75-b6d47c652304/enrollment_fee_proof.pdf', 'enrollment_fee_proof.pdf', 'application/pdf', 'accepted', NULL, NULL, '2026-02-20 23:41:19.542596'),
  ('f3fe2b58-59c5-4800-9460-a0f3ad9dd7c9', '7433aea5-9520-49a5-ae6d-150aeb46db3e', 'diploma_scan', '/uploads/37625d8d-7f13-42bb-977b-f9106da2819b/diploma_scan.jpg', 'diploma_scan.jpg', 'application/jpg', 'accepted', NULL, NULL, '2026-03-02 23:41:19.542596'),
  ('e470193e-6b79-483a-9b1f-d33dc7d2c6f6', '7433aea5-9520-49a5-ae6d-150aeb46db3e', 'application_form', '/uploads/37625d8d-7f13-42bb-977b-f9106da2819b/application_form.pdf', 'application_form.pdf', 'application/pdf', 'accepted', NULL, NULL, '2026-03-10 23:41:19.542596'),
  ('36c85d08-bba2-415c-9778-9bb64d92fa7a', '7433aea5-9520-49a5-ae6d-150aeb46db3e', 'enrollment_fee_proof', '/uploads/37625d8d-7f13-42bb-977b-f9106da2819b/enrollment_fee_proof.jpg', 'enrollment_fee_proof.jpg', 'application/jpg', 'accepted', NULL, NULL, '2026-02-28 23:41:19.542596'),
  ('75f68c3d-2374-4d19-adb6-767297e22530', '713cff56-668b-42b2-825e-8388f81a6572', 'diploma_scan', '/uploads/e6a2c1ac-0f88-40bb-9f1c-c951d52b26d4/diploma_scan.jpg', 'diploma_scan.jpg', 'application/jpg', 'accepted', NULL, NULL, '2026-03-11 23:41:19.542596'),
  ('1adc908f-f182-4fe0-b1be-861970af0264', '713cff56-668b-42b2-825e-8388f81a6572', 'application_form', '/uploads/e6a2c1ac-0f88-40bb-9f1c-c951d52b26d4/application_form.pdf', 'application_form.pdf', 'application/pdf', 'accepted', NULL, NULL, '2026-02-18 23:41:19.542596'),
  ('ff747a52-7e92-4450-b966-6819fae543e7', '713cff56-668b-42b2-825e-8388f81a6572', 'enrollment_fee_proof', '/uploads/e6a2c1ac-0f88-40bb-9f1c-c951d52b26d4/enrollment_fee_proof.jpg', 'enrollment_fee_proof.jpg', 'application/jpg', 'accepted', NULL, NULL, '2026-03-22 23:41:19.542596'),
  ('9fa6d561-3d36-4cf5-89b0-862e41d542fb', '0c78544c-c9d1-4a13-8d02-dbe1d45260ad', 'diploma_scan', '/uploads/65f62333-1419-4b89-8f87-c2c2e4843bf2/diploma_scan.jpg', 'diploma_scan.jpg', 'application/jpg', 'accepted', NULL, NULL, '2026-04-06 23:41:19.542596'),
  ('603d950c-c3cc-406c-8648-65b15773f292', '0c78544c-c9d1-4a13-8d02-dbe1d45260ad', 'application_form', '/uploads/65f62333-1419-4b89-8f87-c2c2e4843bf2/application_form.pdf', 'application_form.pdf', 'application/pdf', 'accepted', NULL, NULL, '2026-03-31 23:41:19.542596'),
  ('0478026c-ad29-4f99-bd63-3462b704e05a', '0c78544c-c9d1-4a13-8d02-dbe1d45260ad', 'enrollment_fee_proof', '/uploads/65f62333-1419-4b89-8f87-c2c2e4843bf2/enrollment_fee_proof.jpg', 'enrollment_fee_proof.jpg', 'application/jpg', 'accepted', NULL, NULL, '2026-03-15 23:41:19.542596'),
  ('f4b3c670-ab22-43d3-8f56-55942130f647', '0eebadec-00c7-4778-810d-3f89bd8791ef', 'diploma_scan', '/uploads/05886ba8-b461-4d05-80ff-29b09d19c7a2/diploma_scan.jpg', 'diploma_scan.jpg', 'application/jpg', 'accepted', NULL, NULL, '2026-03-12 23:41:19.542596'),
  ('44d8c7a8-1714-4638-bfbf-28e505651bd1', '0eebadec-00c7-4778-810d-3f89bd8791ef', 'application_form', '/uploads/05886ba8-b461-4d05-80ff-29b09d19c7a2/application_form.pdf', 'application_form.pdf', 'application/pdf', 'accepted', NULL, NULL, '2026-03-20 23:41:19.542596'),
  ('3675d5b5-1035-430e-b1a9-033b9b52642a', '0eebadec-00c7-4778-810d-3f89bd8791ef', 'enrollment_fee_proof', '/uploads/05886ba8-b461-4d05-80ff-29b09d19c7a2/enrollment_fee_proof.pdf', 'enrollment_fee_proof.pdf', 'application/pdf', 'accepted', NULL, NULL, '2026-03-21 23:41:19.542596'),
  ('4e23ede3-da8d-48e0-afb2-8f003f155c79', '7db25391-8669-4e1f-bfd1-6261c53346e3', 'diploma_scan', '/uploads/66fab0f9-daad-42b1-8152-279400d0fac6/diploma_scan.jpg', 'diploma_scan.jpg', 'application/jpg', 'accepted', NULL, NULL, '2026-02-23 23:41:19.542596'),
  ('30f074e1-bf3d-4f49-ad69-0ac131d7e8bb', '7db25391-8669-4e1f-bfd1-6261c53346e3', 'application_form', '/uploads/66fab0f9-daad-42b1-8152-279400d0fac6/application_form.jpg', 'application_form.jpg', 'application/jpg', 'accepted', NULL, NULL, '2026-03-16 23:41:19.542596'),
  ('ebf0b46d-eb8d-45d3-ad3e-a62a6a95eea5', '7db25391-8669-4e1f-bfd1-6261c53346e3', 'enrollment_fee_proof', '/uploads/66fab0f9-daad-42b1-8152-279400d0fac6/enrollment_fee_proof.pdf', 'enrollment_fee_proof.pdf', 'application/pdf', 'accepted', NULL, NULL, '2026-02-21 23:41:19.542596'),
  ('bf58eb3a-35bd-49b3-9032-eb2b2e7a49b5', '262015f3-a1d0-48e0-8de7-6b595c704d55', 'diploma_scan', '/uploads/e31e8b39-11e4-442f-8643-881a98c9c3dc/diploma_scan.jpg', 'diploma_scan.jpg', 'application/jpg', 'accepted', NULL, NULL, '2026-03-09 23:41:19.542596'),
  ('8a8b6b36-3ca9-4b08-826f-baee6681375c', '262015f3-a1d0-48e0-8de7-6b595c704d55', 'application_form', '/uploads/e31e8b39-11e4-442f-8643-881a98c9c3dc/application_form.pdf', 'application_form.pdf', 'application/pdf', 'accepted', NULL, NULL, '2026-03-21 23:41:19.542596'),
  ('f3ee08fb-cc62-43e6-9373-2f4f83a51cd0', '262015f3-a1d0-48e0-8de7-6b595c704d55', 'enrollment_fee_proof', '/uploads/e31e8b39-11e4-442f-8643-881a98c9c3dc/enrollment_fee_proof.pdf', 'enrollment_fee_proof.pdf', 'application/pdf', 'accepted', NULL, NULL, '2026-03-12 23:41:19.542596'),
  ('8ac057d5-87a2-4032-b16c-09ce8dd41597', '1962e1c1-b336-4f8f-8ca6-ce8de487e84a', 'diploma_scan', '/uploads/9a1a730e-1167-4e5a-a596-9a2dedc44e31/diploma_scan.pdf', 'diploma_scan.pdf', 'application/pdf', 'accepted', NULL, NULL, '2026-03-24 23:41:19.542596'),
  ('06e2b638-5bc0-43a3-af2f-26e963412dcb', '1962e1c1-b336-4f8f-8ca6-ce8de487e84a', 'application_form', '/uploads/9a1a730e-1167-4e5a-a596-9a2dedc44e31/application_form.jpg', 'application_form.jpg', 'application/jpg', 'accepted', NULL, NULL, '2026-03-26 23:41:19.542596'),
  ('f6df6b05-1b5a-40ad-bb58-f905a29dbb71', '1962e1c1-b336-4f8f-8ca6-ce8de487e84a', 'enrollment_fee_proof', '/uploads/9a1a730e-1167-4e5a-a596-9a2dedc44e31/enrollment_fee_proof.pdf', 'enrollment_fee_proof.pdf', 'application/pdf', 'accepted', NULL, NULL, '2026-04-04 23:41:19.542596'),
  ('c5dc0f94-1b28-4ee6-9f45-6f6936111d94', '476739fd-b6b7-4de0-abeb-36b0d21388ef', 'diploma_scan', '/uploads/2e4c65a1-082d-4d99-8491-6d0e5880aab4/diploma_scan.pdf', 'diploma_scan.pdf', 'application/pdf', 'accepted', NULL, NULL, '2026-03-23 23:41:19.542596'),
  ('1bcd40c1-1058-4243-91f4-6f90669e9a70', '476739fd-b6b7-4de0-abeb-36b0d21388ef', 'application_form', '/uploads/2e4c65a1-082d-4d99-8491-6d0e5880aab4/application_form.jpg', 'application_form.jpg', 'application/jpg', 'accepted', NULL, NULL, '2026-02-14 23:41:19.542596'),
  ('e4fef553-f767-4867-8ab7-a1b02b80284d', '476739fd-b6b7-4de0-abeb-36b0d21388ef', 'enrollment_fee_proof', '/uploads/2e4c65a1-082d-4d99-8491-6d0e5880aab4/enrollment_fee_proof.jpg', 'enrollment_fee_proof.jpg', 'application/jpg', 'accepted', NULL, NULL, '2026-03-26 23:41:19.542596'),
  ('5362daf1-316b-4b72-85f2-be7c0974c035', '66b47d0f-8485-4347-93bb-a21ba0f08057', 'diploma_scan', '/uploads/76a6684e-e797-4178-9ceb-2f3e871a1d34/diploma_scan.pdf', 'diploma_scan.pdf', 'application/pdf', 'accepted', NULL, NULL, '2026-02-17 23:41:19.542596'),
  ('709bf2db-f5ed-4bef-9f53-aab1dc92757a', '66b47d0f-8485-4347-93bb-a21ba0f08057', 'application_form', '/uploads/76a6684e-e797-4178-9ceb-2f3e871a1d34/application_form.jpg', 'application_form.jpg', 'application/jpg', 'accepted', NULL, NULL, '2026-02-10 23:41:19.542596'),
  ('ab0bc2b5-a6cb-4ec0-8414-ca77da0de18d', '66b47d0f-8485-4347-93bb-a21ba0f08057', 'enrollment_fee_proof', '/uploads/76a6684e-e797-4178-9ceb-2f3e871a1d34/enrollment_fee_proof.jpg', 'enrollment_fee_proof.jpg', 'application/jpg', 'accepted', NULL, NULL, '2026-03-29 23:41:19.542596'),
  ('7b6330ad-a4f2-4400-9795-3f57d9b90ffe', '36840430-ca01-4e9a-bb53-2c7edd0990c8', 'diploma_scan', '/uploads/8e8a5f44-b74c-449f-9d61-494d8e4b08ee/diploma_scan.pdf', 'diploma_scan.pdf', 'application/pdf', 'accepted', NULL, NULL, '2026-03-10 23:41:19.542596'),
  ('9d9eed2f-8fac-4338-8cec-72aa51e7d42e', '36840430-ca01-4e9a-bb53-2c7edd0990c8', 'application_form', '/uploads/8e8a5f44-b74c-449f-9d61-494d8e4b08ee/application_form.jpg', 'application_form.jpg', 'application/jpg', 'accepted', NULL, NULL, '2026-03-10 23:41:19.543604'),
  ('956da67e-32b7-42e9-896f-528839ad7f53', '36840430-ca01-4e9a-bb53-2c7edd0990c8', 'enrollment_fee_proof', '/uploads/8e8a5f44-b74c-449f-9d61-494d8e4b08ee/enrollment_fee_proof.jpg', 'enrollment_fee_proof.jpg', 'application/jpg', 'accepted', NULL, NULL, '2026-03-10 23:41:19.543604'),
  ('5011e544-a110-4e53-a199-126997eb26aa', '58c43f13-8b42-4966-9f15-1cff901e32b6', 'diploma_scan', '/uploads/e33b490c-ab7d-44b5-9850-c2d6060d760e/diploma_scan.pdf', 'diploma_scan.pdf', 'application/pdf', 'pending', NULL, NULL, '2026-04-05 23:41:19.543604'),
  ('5c51db6b-bd16-4001-a883-90085a45a076', '58c43f13-8b42-4966-9f15-1cff901e32b6', 'application_form', '/uploads/e33b490c-ab7d-44b5-9850-c2d6060d760e/application_form.jpg', 'application_form.jpg', 'application/jpg', 'pending', NULL, NULL, '2026-03-09 23:41:19.543604'),
  ('e1e1bfb8-a80c-42e5-bcad-52705a50b67b', '58c43f13-8b42-4966-9f15-1cff901e32b6', 'enrollment_fee_proof', '/uploads/e33b490c-ab7d-44b5-9850-c2d6060d760e/enrollment_fee_proof.jpg', 'enrollment_fee_proof.jpg', 'application/jpg', 'pending', NULL, NULL, '2026-03-26 23:41:19.543604'),
  ('580d8fe2-6be2-4e9f-9b21-922aa362fb34', 'b64b9c04-fcdb-438c-b784-2e6a9e634771', 'diploma_scan', '/uploads/1c9dff90-170a-4241-8862-f904d802a05c/diploma_scan.pdf', 'diploma_scan.pdf', 'application/pdf', 'accepted', NULL, NULL, '2026-03-04 23:41:19.543604'),
  ('9710fc55-14e2-44bf-ac79-d148daf4aa92', 'b64b9c04-fcdb-438c-b784-2e6a9e634771', 'application_form', '/uploads/1c9dff90-170a-4241-8862-f904d802a05c/application_form.jpg', 'application_form.jpg', 'application/jpg', 'accepted', NULL, NULL, '2026-04-07 23:41:19.543604'),
  ('bcef60c4-d5a7-4e1d-a18f-b3a88f9c0f51', 'b64b9c04-fcdb-438c-b784-2e6a9e634771', 'enrollment_fee_proof', '/uploads/1c9dff90-170a-4241-8862-f904d802a05c/enrollment_fee_proof.pdf', 'enrollment_fee_proof.pdf', 'application/pdf', 'accepted', NULL, NULL, '2026-03-23 23:41:19.543604'),
  ('7720cd9b-8df1-4372-a8f0-aa2215216fa5', '59f82044-228e-442d-9f8c-938cc2230249', 'diploma_scan', '/uploads/5bffba72-1391-46f1-9455-e4ef86d598f0/diploma_scan.jpg', 'diploma_scan.jpg', 'application/jpg', 'accepted', NULL, NULL, '2026-03-03 23:41:19.543604'),
  ('a410627a-fe6a-4c7a-8fad-a86b07b9502e', '59f82044-228e-442d-9f8c-938cc2230249', 'application_form', '/uploads/5bffba72-1391-46f1-9455-e4ef86d598f0/application_form.jpg', 'application_form.jpg', 'application/jpg', 'accepted', NULL, NULL, '2026-03-23 23:41:19.543604'),
  ('12dce039-9587-4325-8994-db3fa43d908e', '59f82044-228e-442d-9f8c-938cc2230249', 'enrollment_fee_proof', '/uploads/5bffba72-1391-46f1-9455-e4ef86d598f0/enrollment_fee_proof.pdf', 'enrollment_fee_proof.pdf', 'application/pdf', 'accepted', NULL, NULL, '2026-02-15 23:41:19.543604'),
  ('a1a79edf-4328-450a-b344-6dca96bcf5f4', 'a4925733-ee77-444d-9b2e-a228d2e1b246', 'diploma_scan', '/uploads/86a7c878-972a-444e-96a3-ec3b0100d6bd/diploma_scan.pdf', 'diploma_scan.pdf', 'application/pdf', 'accepted', NULL, NULL, '2026-03-14 23:41:19.543604'),
  ('05931cbe-b98e-4ae2-b4d2-2d5e4a42015c', 'a4925733-ee77-444d-9b2e-a228d2e1b246', 'application_form', '/uploads/86a7c878-972a-444e-96a3-ec3b0100d6bd/application_form.pdf', 'application_form.pdf', 'application/pdf', 'accepted', NULL, NULL, '2026-02-13 23:41:19.543604'),
  ('4463d224-3e2a-4f6c-a9e2-f9bbb2bc3d9b', 'a4925733-ee77-444d-9b2e-a228d2e1b246', 'enrollment_fee_proof', '/uploads/86a7c878-972a-444e-96a3-ec3b0100d6bd/enrollment_fee_proof.jpg', 'enrollment_fee_proof.jpg', 'application/jpg', 'accepted', NULL, NULL, '2026-02-23 23:41:19.543604'),
  ('2377179e-feb7-4a1d-97b6-b47e8e0dfad3', 'a23eb998-8970-489c-a2af-0c70d5e35fa7', 'diploma_scan', '/uploads/2178401d-6c0c-4658-b709-93665bbdb49c/diploma_scan.jpg', 'diploma_scan.jpg', 'application/jpg', 'accepted', NULL, NULL, '2026-02-21 23:41:19.543604'),
  ('6f53cd8f-0f2f-4a5f-96e1-a8f7da4d0c9a', 'a23eb998-8970-489c-a2af-0c70d5e35fa7', 'application_form', '/uploads/2178401d-6c0c-4658-b709-93665bbdb49c/application_form.jpg', 'application_form.jpg', 'application/jpg', 'accepted', NULL, NULL, '2026-03-18 23:41:19.543604'),
  ('35b0c3e4-16d7-42fa-8dd8-dbd2a7e5f2a5', 'a23eb998-8970-489c-a2af-0c70d5e35fa7', 'enrollment_fee_proof', '/uploads/2178401d-6c0c-4658-b709-93665bbdb49c/enrollment_fee_proof.pdf', 'enrollment_fee_proof.pdf', 'application/pdf', 'accepted', NULL, NULL, '2026-03-16 23:41:19.543604'),
  ('c88b9639-cc99-406f-b707-34f0b311e1fa', '7b058ecb-0028-46b6-8373-0e724aab8c36', 'diploma_scan', '/uploads/710af460-ec6c-451e-ae8b-5d84c4e9ed89/diploma_scan.pdf', 'diploma_scan.pdf', 'application/pdf', 'accepted', NULL, NULL, '2026-03-05 23:41:19.543604'),
  ('3fda90ea-1214-4c8e-a529-b0721fdfc680', '7b058ecb-0028-46b6-8373-0e724aab8c36', 'application_form', '/uploads/710af460-ec6c-451e-ae8b-5d84c4e9ed89/application_form.pdf', 'application_form.pdf', 'application/pdf', 'accepted', NULL, NULL, '2026-03-18 23:41:19.543604'),
  ('aad6ed78-ca54-4038-9cad-44a94cb145eb', '7b058ecb-0028-46b6-8373-0e724aab8c36', 'enrollment_fee_proof', '/uploads/710af460-ec6c-451e-ae8b-5d84c4e9ed89/enrollment_fee_proof.jpg', 'enrollment_fee_proof.jpg', 'application/jpg', 'accepted', NULL, NULL, '2026-04-06 23:41:19.543604'),
  ('421dfc34-7005-480e-adfd-4dab837242a6', 'a5b52bd6-43be-44aa-9c36-de19bc8d91d6', 'diploma_scan', '/uploads/eeede2d5-47a6-49f8-bcbf-054446e85a1f/diploma_scan.jpg', 'diploma_scan.jpg', 'application/jpg', 'accepted', NULL, NULL, '2026-03-09 23:41:19.543604'),
  ('dbf5bb8c-0444-4592-8a71-b3785498633a', 'a5b52bd6-43be-44aa-9c36-de19bc8d91d6', 'application_form', '/uploads/eeede2d5-47a6-49f8-bcbf-054446e85a1f/application_form.jpg', 'application_form.jpg', 'application/jpg', 'accepted', NULL, NULL, '2026-02-21 23:41:19.543604'),
  ('012400f1-f2d3-463c-a49c-89b4f2dea773', 'a5b52bd6-43be-44aa-9c36-de19bc8d91d6', 'enrollment_fee_proof', '/uploads/eeede2d5-47a6-49f8-bcbf-054446e85a1f/enrollment_fee_proof.jpg', 'enrollment_fee_proof.jpg', 'application/jpg', 'accepted', NULL, NULL, '2026-02-17 23:41:19.543604'),
  ('469d738c-f920-4b7b-9642-dee40a5fe761', '0060bb2f-797b-46b2-9f62-c28a06150a2e', 'diploma_scan', '/uploads/8cda3412-6749-493e-ab35-1310d709159b/diploma_scan.pdf', 'diploma_scan.pdf', 'application/pdf', 'accepted', NULL, NULL, '2026-04-02 23:41:19.543604'),
  ('ac4f0e19-863e-4df9-92fd-ac22d88348c2', '0060bb2f-797b-46b2-9f62-c28a06150a2e', 'application_form', '/uploads/8cda3412-6749-493e-ab35-1310d709159b/application_form.pdf', 'application_form.pdf', 'application/pdf', 'accepted', NULL, NULL, '2026-03-16 23:41:19.543604'),
  ('bade68f0-df58-472f-9259-3c8ad2e6de1b', '0060bb2f-797b-46b2-9f62-c28a06150a2e', 'enrollment_fee_proof', '/uploads/8cda3412-6749-493e-ab35-1310d709159b/enrollment_fee_proof.jpg', 'enrollment_fee_proof.jpg', 'application/jpg', 'accepted', NULL, NULL, '2026-02-19 23:41:19.543604'),
  ('f0ca66d5-b35b-4e68-8f75-e7ebff4c4ab5', '27092075-ebbd-474f-b4af-34a878c6e990', 'diploma_scan', '/uploads/60a87ed1-6801-4ad7-a41a-89641cff6e05/diploma_scan.jpg', 'diploma_scan.jpg', 'application/jpg', 'accepted', NULL, NULL, '2026-03-06 23:41:19.543604'),
  ('b25ce920-8500-443b-8095-87a561841c75', '27092075-ebbd-474f-b4af-34a878c6e990', 'application_form', '/uploads/60a87ed1-6801-4ad7-a41a-89641cff6e05/application_form.jpg', 'application_form.jpg', 'application/jpg', 'accepted', NULL, NULL, '2026-02-21 23:41:19.543604'),
  ('a1d8c01c-cc0f-4353-9c87-feed7482a7e7', '27092075-ebbd-474f-b4af-34a878c6e990', 'enrollment_fee_proof', '/uploads/60a87ed1-6801-4ad7-a41a-89641cff6e05/enrollment_fee_proof.pdf', 'enrollment_fee_proof.pdf', 'application/pdf', 'accepted', NULL, NULL, '2026-03-29 23:41:19.543604'),
  ('be55fb2c-fa25-4ee8-b4d5-78a5de272f87', 'f94c9d09-4cdf-471c-8a51-b92acc6002e3', 'diploma_scan', '/uploads/58b66ee6-348f-4074-97a2-5d0ff3a90186/diploma_scan.jpg', 'diploma_scan.jpg', 'application/jpg', 'rejected', NULL, NULL, '2026-03-09 23:41:19.543604'),
  ('06dd4dc8-ed5b-4a82-8c1d-1eabac1e62b4', 'f94c9d09-4cdf-471c-8a51-b92acc6002e3', 'application_form', '/uploads/58b66ee6-348f-4074-97a2-5d0ff3a90186/application_form.pdf', 'application_form.pdf', 'application/pdf', 'pending', NULL, NULL, '2026-04-08 23:41:19.543604'),
  ('ad9dae20-2b95-4a2f-8d3d-84e9f6acab52', 'f94c9d09-4cdf-471c-8a51-b92acc6002e3', 'enrollment_fee_proof', '/uploads/58b66ee6-348f-4074-97a2-5d0ff3a90186/enrollment_fee_proof.pdf', 'enrollment_fee_proof.pdf', 'application/pdf', 'pending', NULL, NULL, '2026-04-02 23:41:19.543604'),
  ('b32d7f79-bca3-4e43-a1b0-f9d7031889f7', '9d7088a4-ea1a-46e4-badd-d3fd84912177', 'diploma_scan', '/uploads/3dccd5a5-108c-457b-bcb6-164f49c98e0f/diploma_scan.jpg', 'diploma_scan.jpg', 'application/jpg', 'pending', NULL, NULL, '2026-02-18 23:41:19.543604'),
  ('e523ac20-2018-43da-bdea-05881ceb6e9a', '9d7088a4-ea1a-46e4-badd-d3fd84912177', 'application_form', '/uploads/3dccd5a5-108c-457b-bcb6-164f49c98e0f/application_form.jpg', 'application_form.jpg', 'application/jpg', 'pending', NULL, NULL, '2026-03-08 23:41:19.543604'),
  ('01422a1d-4838-4080-b925-68042c5eed13', '9d7088a4-ea1a-46e4-badd-d3fd84912177', 'enrollment_fee_proof', '/uploads/3dccd5a5-108c-457b-bcb6-164f49c98e0f/enrollment_fee_proof.jpg', 'enrollment_fee_proof.jpg', 'application/jpg', 'pending', NULL, NULL, '2026-04-01 23:41:19.543604'),
  ('c6a975a9-e671-4a51-af42-eb72db41978e', '72d45581-5ca1-488f-8618-57229f33799e', 'diploma_scan', '/uploads/8127d934-4ee4-4b26-b08c-98cdf09b995a/diploma_scan.pdf', 'diploma_scan.pdf', 'application/pdf', 'accepted', NULL, NULL, '2026-03-21 23:41:19.543604'),
  ('dcf4577e-717c-4875-b121-c761e88ef879', '72d45581-5ca1-488f-8618-57229f33799e', 'application_form', '/uploads/8127d934-4ee4-4b26-b08c-98cdf09b995a/application_form.jpg', 'application_form.jpg', 'application/jpg', 'accepted', NULL, NULL, '2026-03-31 23:41:19.543604'),
  ('7a91aa27-9248-4f80-9a6e-6c8cc9e9f3c1', '72d45581-5ca1-488f-8618-57229f33799e', 'enrollment_fee_proof', '/uploads/8127d934-4ee4-4b26-b08c-98cdf09b995a/enrollment_fee_proof.jpg', 'enrollment_fee_proof.jpg', 'application/jpg', 'accepted', NULL, NULL, '2026-03-02 23:41:19.543604'),
  ('4e03da57-97a1-4833-9abf-63c5964092ca', 'e59340ba-c157-475b-9486-206b5df11277', 'diploma_scan', '/uploads/b482fb0a-2eab-4226-b106-e69b5ff95b4a/diploma_scan.jpg', 'diploma_scan.jpg', 'application/jpg', 'accepted', NULL, NULL, '2026-03-04 23:41:19.543604'),
  ('160e8bfe-f5b3-49cf-94b4-68d2b50ec4e7', 'e59340ba-c157-475b-9486-206b5df11277', 'application_form', '/uploads/b482fb0a-2eab-4226-b106-e69b5ff95b4a/application_form.jpg', 'application_form.jpg', 'application/jpg', 'accepted', NULL, NULL, '2026-03-09 23:41:19.543604'),
  ('3e77bac2-bfdd-4f77-b2da-5693211cf02f', 'e59340ba-c157-475b-9486-206b5df11277', 'enrollment_fee_proof', '/uploads/b482fb0a-2eab-4226-b106-e69b5ff95b4a/enrollment_fee_proof.jpg', 'enrollment_fee_proof.jpg', 'application/jpg', 'accepted', NULL, NULL, '2026-02-24 23:41:19.543604'),
  ('02f3541f-a797-4397-8584-dc2704abbd4e', '0c3b76cb-0ab9-489d-8084-77330ac0110d', 'diploma_scan', '/uploads/094e1ec3-f030-4870-8aa7-1fc241b0c184/diploma_scan.jpg', 'diploma_scan.jpg', 'application/jpg', 'rejected', NULL, NULL, '2026-03-11 23:41:19.543604'),
  ('7dce902b-6ad1-469b-a6a0-e2a8fcf4d5f3', '0c3b76cb-0ab9-489d-8084-77330ac0110d', 'application_form', '/uploads/094e1ec3-f030-4870-8aa7-1fc241b0c184/application_form.pdf', 'application_form.pdf', 'application/pdf', 'pending', NULL, NULL, '2026-03-18 23:41:19.543604'),
  ('9160352d-ccea-422e-8d06-5d52e349f790', '0c3b76cb-0ab9-489d-8084-77330ac0110d', 'enrollment_fee_proof', '/uploads/094e1ec3-f030-4870-8aa7-1fc241b0c184/enrollment_fee_proof.jpg', 'enrollment_fee_proof.jpg', 'application/jpg', 'pending', NULL, NULL, '2026-02-26 23:41:19.543604'),
  ('21791f54-c9bc-4670-8d69-6bb9826d62cf', '904e4c86-50f9-4ec4-b2bd-080c3efa535d', 'diploma_scan', '/uploads/63a7436e-2cd4-4a97-b11a-7c544bbef423/diploma_scan.pdf', 'diploma_scan.pdf', 'application/pdf', 'rejected', NULL, NULL, '2026-03-15 23:41:19.543604'),
  ('a17989c6-79d8-4a47-b3b0-c6870e7f2f81', '904e4c86-50f9-4ec4-b2bd-080c3efa535d', 'application_form', '/uploads/63a7436e-2cd4-4a97-b11a-7c544bbef423/application_form.jpg', 'application_form.jpg', 'application/jpg', 'pending', NULL, NULL, '2026-02-19 23:41:19.543604'),
  ('fd9f754b-0f4b-4eac-9067-5a2e8acec63b', '904e4c86-50f9-4ec4-b2bd-080c3efa535d', 'enrollment_fee_proof', '/uploads/63a7436e-2cd4-4a97-b11a-7c544bbef423/enrollment_fee_proof.pdf', 'enrollment_fee_proof.pdf', 'application/pdf', 'pending', NULL, NULL, '2026-03-03 23:41:19.543604'),
  ('049658b7-fa49-412c-844b-a86c5956297a', '5d00679b-0705-4b24-8211-5471cea4cb27', 'diploma_scan', '/uploads/a4ff6ef0-cbf3-498d-b47c-3613b29b09fc/diploma_scan.jpg', 'diploma_scan.jpg', 'application/jpg', 'accepted', NULL, NULL, '2026-03-25 23:41:19.543604'),
  ('ccc71bd1-2211-43ff-8740-f6eba0aa0afc', '5d00679b-0705-4b24-8211-5471cea4cb27', 'application_form', '/uploads/a4ff6ef0-cbf3-498d-b47c-3613b29b09fc/application_form.pdf', 'application_form.pdf', 'application/pdf', 'accepted', NULL, NULL, '2026-02-23 23:41:19.543604'),
  ('a39bc89d-46f5-4e5a-85f3-7403762ba9e4', '5d00679b-0705-4b24-8211-5471cea4cb27', 'enrollment_fee_proof', '/uploads/a4ff6ef0-cbf3-498d-b47c-3613b29b09fc/enrollment_fee_proof.pdf', 'enrollment_fee_proof.pdf', 'application/pdf', 'accepted', NULL, NULL, '2026-03-04 23:41:19.543604'),
  ('b42f4b10-4a16-4285-b96d-a23b4f20ecec', '59488cd5-f2de-451c-b0e6-7b42c661e110', 'diploma_scan', '/uploads/f0b6c977-030c-4db9-b498-4f660e4453f8/diploma_scan.jpg', 'diploma_scan.jpg', 'application/jpg', 'rejected', NULL, NULL, '2026-03-31 23:41:19.543604'),
  ('8b1eeb3a-463b-47f4-8fc2-8225696013a2', '59488cd5-f2de-451c-b0e6-7b42c661e110', 'application_form', '/uploads/f0b6c977-030c-4db9-b498-4f660e4453f8/application_form.jpg', 'application_form.jpg', 'application/jpg', 'pending', NULL, NULL, '2026-04-01 23:41:19.543604'),
  ('bd9b2c25-6293-471e-b767-04f85a7b0652', '59488cd5-f2de-451c-b0e6-7b42c661e110', 'enrollment_fee_proof', '/uploads/f0b6c977-030c-4db9-b498-4f660e4453f8/enrollment_fee_proof.pdf', 'enrollment_fee_proof.pdf', 'application/pdf', 'pending', NULL, NULL, '2026-04-08 23:41:19.543604'),
  ('8ba37615-6c98-4c47-b0dc-196eeb25c25e', '27760013-edab-47df-a5e0-b00b1d1d9fac', 'diploma_scan', '/uploads/f60884eb-266d-4b3a-a32c-ec3e4765953d/diploma_scan.pdf', 'diploma_scan.pdf', 'application/pdf', 'pending', NULL, NULL, '2026-03-29 23:41:19.543604'),
  ('c4089b5c-ef0f-443e-8262-4605f5fd721b', '27760013-edab-47df-a5e0-b00b1d1d9fac', 'application_form', '/uploads/f60884eb-266d-4b3a-a32c-ec3e4765953d/application_form.pdf', 'application_form.pdf', 'application/pdf', 'pending', NULL, NULL, '2026-03-13 23:41:19.543604'),
  ('9a7b5755-8c92-4fa6-8c86-66b0b3de0115', '27760013-edab-47df-a5e0-b00b1d1d9fac', 'enrollment_fee_proof', '/uploads/f60884eb-266d-4b3a-a32c-ec3e4765953d/enrollment_fee_proof.jpg', 'enrollment_fee_proof.jpg', 'application/jpg', 'pending', NULL, NULL, '2026-03-15 23:41:19.543604'),
  ('d327f8db-2bab-4dd0-a802-b02f3d6c00b2', 'acdb0fe8-c4e9-474b-9c93-dfa89d14a4b8', 'diploma_scan', '/uploads/f2a1dbe1-5050-4588-8055-d35c5b9d7dd7/diploma_scan.pdf', 'diploma_scan.pdf', 'application/pdf', 'accepted', NULL, NULL, '2026-03-15 23:41:19.543604'),
  ('123730a8-4618-4c27-8f32-4c8359a2d344', 'acdb0fe8-c4e9-474b-9c93-dfa89d14a4b8', 'application_form', '/uploads/f2a1dbe1-5050-4588-8055-d35c5b9d7dd7/application_form.pdf', 'application_form.pdf', 'application/pdf', 'accepted', NULL, NULL, '2026-03-15 23:41:19.543604'),
  ('ff577736-577b-42da-b486-c4e809ff4147', 'acdb0fe8-c4e9-474b-9c93-dfa89d14a4b8', 'enrollment_fee_proof', '/uploads/f2a1dbe1-5050-4588-8055-d35c5b9d7dd7/enrollment_fee_proof.jpg', 'enrollment_fee_proof.jpg', 'application/jpg', 'accepted', NULL, NULL, '2026-02-14 23:41:19.543604'),
  ('8ccacdcd-022e-4c89-aa76-99584559338a', '9506fe5c-03df-469c-be14-c7941581ac60', 'diploma_scan', '/uploads/85e1044a-9a3a-45dc-a619-26d340c13111/diploma_scan.pdf', 'diploma_scan.pdf', 'application/pdf', 'accepted', NULL, NULL, '2026-02-24 23:41:19.543604'),
  ('f0f06e7f-e1b2-40f7-a91d-5a35dbc6867a', '9506fe5c-03df-469c-be14-c7941581ac60', 'application_form', '/uploads/85e1044a-9a3a-45dc-a619-26d340c13111/application_form.pdf', 'application_form.pdf', 'application/pdf', 'accepted', NULL, NULL, '2026-03-08 23:41:19.543604'),
  ('37018353-06c0-4a71-a5e9-7c8ee453fb8d', '9506fe5c-03df-469c-be14-c7941581ac60', 'enrollment_fee_proof', '/uploads/85e1044a-9a3a-45dc-a619-26d340c13111/enrollment_fee_proof.pdf', 'enrollment_fee_proof.pdf', 'application/pdf', 'accepted', NULL, NULL, '2026-03-06 23:41:19.543604'),
  ('9041350f-e608-43e3-9697-f7bc36d3073b', 'ae8ffd05-1def-4466-8b61-676abf3cf561', 'diploma_scan', '/uploads/ddad9a3a-5690-4719-a740-7402c4a22a57/diploma_scan.jpg', 'diploma_scan.jpg', 'application/jpg', 'accepted', NULL, NULL, '2026-02-27 23:41:19.543604'),
  ('0893d777-871d-4887-8061-7d682f272c42', 'ae8ffd05-1def-4466-8b61-676abf3cf561', 'application_form', '/uploads/ddad9a3a-5690-4719-a740-7402c4a22a57/application_form.jpg', 'application_form.jpg', 'application/jpg', 'accepted', NULL, NULL, '2026-03-08 23:41:19.543604'),
  ('341717b2-6fdd-45d1-ad21-730f72ad0a3a', 'ae8ffd05-1def-4466-8b61-676abf3cf561', 'enrollment_fee_proof', '/uploads/ddad9a3a-5690-4719-a740-7402c4a22a57/enrollment_fee_proof.jpg', 'enrollment_fee_proof.jpg', 'application/jpg', 'accepted', NULL, NULL, '2026-03-21 23:41:19.543604'),
  ('8884e32b-3994-45d8-99d6-a12b7e1e167b', '8a35bd08-ccc3-4a35-9adb-66f2b3897376', 'diploma_scan', '/uploads/07adfe69-502e-4fae-bbee-cd7703f2adb3/diploma_scan.pdf', 'diploma_scan.pdf', 'application/pdf', 'accepted', NULL, NULL, '2026-03-12 23:41:19.543604'),
  ('62a3d6df-c362-4b8b-8b81-854350a4d653', '8a35bd08-ccc3-4a35-9adb-66f2b3897376', 'application_form', '/uploads/07adfe69-502e-4fae-bbee-cd7703f2adb3/application_form.jpg', 'application_form.jpg', 'application/jpg', 'accepted', NULL, NULL, '2026-03-07 23:41:19.543604'),
  ('b13c20c9-ddc4-4eb6-a6d7-769a0d8f3447', '8a35bd08-ccc3-4a35-9adb-66f2b3897376', 'enrollment_fee_proof', '/uploads/07adfe69-502e-4fae-bbee-cd7703f2adb3/enrollment_fee_proof.jpg', 'enrollment_fee_proof.jpg', 'application/jpg', 'accepted', NULL, NULL, '2026-02-26 23:41:19.543604'),
  ('067f11e9-fd96-406e-b927-42ea971234a1', '01016b74-b46d-4394-893c-a42b3d27a891', 'diploma_scan', '/uploads/df30817a-16e0-409e-9c18-aee961a27a26/diploma_scan.jpg', 'diploma_scan.jpg', 'application/jpg', 'accepted', NULL, NULL, '2026-03-02 23:41:19.543604'),
  ('cfbade6d-da07-4a7a-9a34-e875e8c78d5a', '01016b74-b46d-4394-893c-a42b3d27a891', 'application_form', '/uploads/df30817a-16e0-409e-9c18-aee961a27a26/application_form.jpg', 'application_form.jpg', 'application/jpg', 'accepted', NULL, NULL, '2026-03-29 23:41:19.543604'),
  ('939aa94a-c40d-41cb-88e5-9ce4bbe0ca96', '01016b74-b46d-4394-893c-a42b3d27a891', 'enrollment_fee_proof', '/uploads/df30817a-16e0-409e-9c18-aee961a27a26/enrollment_fee_proof.pdf', 'enrollment_fee_proof.pdf', 'application/pdf', 'accepted', NULL, NULL, '2026-03-24 23:41:19.543604'),
  ('2d7ae28f-5569-4b62-bb2d-426e288f4526', '97797d51-010d-4a89-80ce-2f8ec453924e', 'diploma_scan', '/uploads/6d7b42c0-a4d6-4204-a312-9cdd7b2e4066/diploma_scan.jpg', 'diploma_scan.jpg', 'application/jpg', 'accepted', NULL, NULL, '2026-03-27 23:41:19.543604'),
  ('af362c9b-4644-4baf-a17d-f86f16a876db', '97797d51-010d-4a89-80ce-2f8ec453924e', 'application_form', '/uploads/6d7b42c0-a4d6-4204-a312-9cdd7b2e4066/application_form.jpg', 'application_form.jpg', 'application/jpg', 'accepted', NULL, NULL, '2026-02-20 23:41:19.543604'),
  ('3a36a43c-b04e-4115-a763-a9e0b06245c8', '97797d51-010d-4a89-80ce-2f8ec453924e', 'enrollment_fee_proof', '/uploads/6d7b42c0-a4d6-4204-a312-9cdd7b2e4066/enrollment_fee_proof.jpg', 'enrollment_fee_proof.jpg', 'application/jpg', 'accepted', NULL, NULL, '2026-02-24 23:41:19.543604'),
  ('ee33475e-3505-4e11-a49f-1b05a2a602f0', 'c8a4260d-0ad8-4bd7-8e44-a4d63d4d7b0c', 'diploma_scan', '/uploads/a143ee0d-e1f6-41af-8cc8-385dc04bc39e/diploma_scan.pdf', 'diploma_scan.pdf', 'application/pdf', 'accepted', NULL, NULL, '2026-02-25 23:41:19.543604'),
  ('7334b8c7-0698-489f-876f-7facdca91bb4', 'c8a4260d-0ad8-4bd7-8e44-a4d63d4d7b0c', 'application_form', '/uploads/a143ee0d-e1f6-41af-8cc8-385dc04bc39e/application_form.jpg', 'application_form.jpg', 'application/jpg', 'accepted', NULL, NULL, '2026-03-21 23:41:19.543604'),
  ('dbd8ab47-e56f-48f8-9e1e-a9b151efc453', 'c8a4260d-0ad8-4bd7-8e44-a4d63d4d7b0c', 'enrollment_fee_proof', '/uploads/a143ee0d-e1f6-41af-8cc8-385dc04bc39e/enrollment_fee_proof.jpg', 'enrollment_fee_proof.jpg', 'application/jpg', 'accepted', NULL, NULL, '2026-03-19 23:41:19.543604'),
  ('9e38b05f-8bce-406e-8b32-5287e7b5f260', '784a7376-ed5a-4eea-a477-601d3cf4e447', 'diploma_scan', '/uploads/bf565e8d-59e0-4519-bfb3-224d0d4dcda7/diploma_scan.jpg', 'diploma_scan.jpg', 'application/jpg', 'accepted', NULL, NULL, '2026-03-23 23:41:19.543604'),
  ('6134e836-d17b-4a09-8862-54aa429ee958', '784a7376-ed5a-4eea-a477-601d3cf4e447', 'application_form', '/uploads/bf565e8d-59e0-4519-bfb3-224d0d4dcda7/application_form.pdf', 'application_form.pdf', 'application/pdf', 'accepted', NULL, NULL, '2026-03-05 23:41:19.543604'),
  ('e0e4cc34-b35e-48ed-8ebc-1b24cd189713', '784a7376-ed5a-4eea-a477-601d3cf4e447', 'enrollment_fee_proof', '/uploads/bf565e8d-59e0-4519-bfb3-224d0d4dcda7/enrollment_fee_proof.jpg', 'enrollment_fee_proof.jpg', 'application/jpg', 'accepted', NULL, NULL, '2026-02-12 23:41:19.543604'),
  ('d1231f9b-5e8c-4df8-8673-5aedb921e21f', '39cccae3-dcb4-4147-92db-37254230057b', 'diploma_scan', '/uploads/25a639a4-3d17-44bd-ae3f-dfcd763a6257/diploma_scan.jpg', 'diploma_scan.jpg', 'application/jpg', 'accepted', NULL, NULL, '2026-02-17 23:41:19.543604'),
  ('b8af93d5-e03d-4bde-9fdc-08dd530687cc', '39cccae3-dcb4-4147-92db-37254230057b', 'application_form', '/uploads/25a639a4-3d17-44bd-ae3f-dfcd763a6257/application_form.jpg', 'application_form.jpg', 'application/jpg', 'accepted', NULL, NULL, '2026-02-20 23:41:19.543604'),
  ('13b5df20-3c9f-41e1-8852-8f7896df2c92', '39cccae3-dcb4-4147-92db-37254230057b', 'enrollment_fee_proof', '/uploads/25a639a4-3d17-44bd-ae3f-dfcd763a6257/enrollment_fee_proof.pdf', 'enrollment_fee_proof.pdf', 'application/pdf', 'accepted', NULL, NULL, '2026-03-23 23:41:19.543604'),
  ('5ec7f7cc-9899-42e6-b54c-f08979e52a5a', '32931c1a-ef51-44c1-8c8c-75e5d8faa05a', 'diploma_scan', '/uploads/6c51805e-1357-4861-96ee-f3156fda0ef7/diploma_scan.pdf', 'diploma_scan.pdf', 'application/pdf', 'accepted', NULL, NULL, '2026-03-23 23:41:19.543604'),
  ('8ca6e6c4-a422-4613-ae14-37093bc6f140', '32931c1a-ef51-44c1-8c8c-75e5d8faa05a', 'application_form', '/uploads/6c51805e-1357-4861-96ee-f3156fda0ef7/application_form.pdf', 'application_form.pdf', 'application/pdf', 'accepted', NULL, NULL, '2026-03-19 23:41:19.543604'),
  ('08d0bf75-e5ce-4598-ac78-a0cdfd08675f', '32931c1a-ef51-44c1-8c8c-75e5d8faa05a', 'enrollment_fee_proof', '/uploads/6c51805e-1357-4861-96ee-f3156fda0ef7/enrollment_fee_proof.jpg', 'enrollment_fee_proof.jpg', 'application/jpg', 'accepted', NULL, NULL, '2026-02-28 23:41:19.543604'),
  ('c85955fc-5ecb-40a9-8749-12dcf4819e0f', '71631247-4f6a-4d81-a588-677fdf4fbc86', 'diploma_scan', '/uploads/896633cd-1ae1-4a6f-86be-477a2dfe4cfa/diploma_scan.jpg', 'diploma_scan.jpg', 'application/jpg', 'pending', NULL, NULL, '2026-02-22 23:41:19.543604'),
  ('72f25261-3442-4925-af8a-bbbf927c9870', '71631247-4f6a-4d81-a588-677fdf4fbc86', 'application_form', '/uploads/896633cd-1ae1-4a6f-86be-477a2dfe4cfa/application_form.jpg', 'application_form.jpg', 'application/jpg', 'pending', NULL, NULL, '2026-03-28 23:41:19.543604'),
  ('2f61261b-ad66-4cae-8fb2-f046a61f6e93', '71631247-4f6a-4d81-a588-677fdf4fbc86', 'enrollment_fee_proof', '/uploads/896633cd-1ae1-4a6f-86be-477a2dfe4cfa/enrollment_fee_proof.pdf', 'enrollment_fee_proof.pdf', 'application/pdf', 'pending', NULL, NULL, '2026-02-17 23:41:19.543604'),
  ('792976e1-1415-4b00-9a11-94af4d4a3205', '6c00ba61-5e70-425e-bb23-889d10b01b6b', 'diploma_scan', '/uploads/c72b23e8-9915-4ea1-bb82-acca2d6511f9/diploma_scan.jpg', 'diploma_scan.jpg', 'application/jpg', 'accepted', NULL, NULL, '2026-02-10 23:41:19.543604'),
  ('21b3a215-5902-4ada-940e-ba7ed17a16c8', '6c00ba61-5e70-425e-bb23-889d10b01b6b', 'application_form', '/uploads/c72b23e8-9915-4ea1-bb82-acca2d6511f9/application_form.jpg', 'application_form.jpg', 'application/jpg', 'accepted', NULL, NULL, '2026-04-02 23:41:19.543604'),
  ('a9f14694-f2a7-4f25-9135-766396cde373', '6c00ba61-5e70-425e-bb23-889d10b01b6b', 'enrollment_fee_proof', '/uploads/c72b23e8-9915-4ea1-bb82-acca2d6511f9/enrollment_fee_proof.pdf', 'enrollment_fee_proof.pdf', 'application/pdf', 'accepted', NULL, NULL, '2026-03-02 23:41:19.543604'),
  ('0377f84c-745f-4c0c-8467-6e582c2858f5', '8932d373-e9c8-4024-9f76-ef995d0c24e4', 'diploma_scan', '/uploads/426793a2-de12-4ad1-b574-5434ae0eec90/diploma_scan.pdf', 'diploma_scan.pdf', 'application/pdf', 'accepted', NULL, NULL, '2026-03-26 23:41:19.543604'),
  ('7a98dfa1-44b7-45d2-89a7-89eae9fbe407', '8932d373-e9c8-4024-9f76-ef995d0c24e4', 'application_form', '/uploads/426793a2-de12-4ad1-b574-5434ae0eec90/application_form.pdf', 'application_form.pdf', 'application/pdf', 'accepted', NULL, NULL, '2026-02-27 23:41:19.543604'),
  ('59dcf22c-332e-4888-8088-de2f15b5405c', '8932d373-e9c8-4024-9f76-ef995d0c24e4', 'enrollment_fee_proof', '/uploads/426793a2-de12-4ad1-b574-5434ae0eec90/enrollment_fee_proof.pdf', 'enrollment_fee_proof.pdf', 'application/pdf', 'accepted', NULL, NULL, '2026-03-01 23:41:19.543604'),
  ('0da4495a-a34d-4be1-aac7-eb3579e78b6e', '1ec73301-dc89-412d-8cfd-339c7f4989d3', 'diploma_scan', '/uploads/5b560a74-6a53-492f-8fcf-cbf588253dd1/diploma_scan.pdf', 'diploma_scan.pdf', 'application/pdf', 'accepted', NULL, NULL, '2026-04-07 23:41:19.543604'),
  ('0fccb4dd-5490-432d-be5c-b5f9d891ecf6', '1ec73301-dc89-412d-8cfd-339c7f4989d3', 'application_form', '/uploads/5b560a74-6a53-492f-8fcf-cbf588253dd1/application_form.pdf', 'application_form.pdf', 'application/pdf', 'accepted', NULL, NULL, '2026-03-15 23:41:19.543604'),
  ('22577b88-1964-4c61-b3ab-9f400507df9d', '1ec73301-dc89-412d-8cfd-339c7f4989d3', 'enrollment_fee_proof', '/uploads/5b560a74-6a53-492f-8fcf-cbf588253dd1/enrollment_fee_proof.jpg', 'enrollment_fee_proof.jpg', 'application/jpg', 'accepted', NULL, NULL, '2026-02-24 23:41:19.543604'),
  ('935d2a55-86c9-41be-b5ac-70d8b5de8502', 'f54c5de6-2607-4cf1-89d3-8bbaf06109a6', 'diploma_scan', '/uploads/3b6cf26c-091d-40ec-9470-45f4fc830263/diploma_scan.jpg', 'diploma_scan.jpg', 'application/jpg', 'accepted', NULL, NULL, '2026-04-04 23:41:19.543604'),
  ('d27a4c24-bc30-446f-b573-ac63add7c609', 'f54c5de6-2607-4cf1-89d3-8bbaf06109a6', 'application_form', '/uploads/3b6cf26c-091d-40ec-9470-45f4fc830263/application_form.pdf', 'application_form.pdf', 'application/pdf', 'accepted', NULL, NULL, '2026-04-10 23:41:19.543604'),
  ('53ab45c9-43df-4d2c-b0ea-518aa1884788', 'f54c5de6-2607-4cf1-89d3-8bbaf06109a6', 'enrollment_fee_proof', '/uploads/3b6cf26c-091d-40ec-9470-45f4fc830263/enrollment_fee_proof.pdf', 'enrollment_fee_proof.pdf', 'application/pdf', 'accepted', NULL, NULL, '2026-03-15 23:41:19.543604'),
  ('e91b50ef-7b9b-4437-9186-ddd8640cdcac', '2d034a6f-d238-46d1-89ba-2a039c8c1166', 'diploma_scan', '/uploads/d329d91b-107d-4faa-b68f-d520dac76ff5/diploma_scan.jpg', 'diploma_scan.jpg', 'application/jpg', 'rejected', NULL, NULL, '2026-03-11 23:41:19.543604'),
  ('d870322e-96ab-4112-b4fa-92eeb268efb3', '2d034a6f-d238-46d1-89ba-2a039c8c1166', 'application_form', '/uploads/d329d91b-107d-4faa-b68f-d520dac76ff5/application_form.pdf', 'application_form.pdf', 'application/pdf', 'pending', NULL, NULL, '2026-02-21 23:41:19.543604'),
  ('e4a01cc9-1f3d-4763-9af0-9a01dd5648d8', '2d034a6f-d238-46d1-89ba-2a039c8c1166', 'enrollment_fee_proof', '/uploads/d329d91b-107d-4faa-b68f-d520dac76ff5/enrollment_fee_proof.jpg', 'enrollment_fee_proof.jpg', 'application/jpg', 'pending', NULL, NULL, '2026-03-21 23:41:19.543604'),
  ('bd274803-ef81-4dcb-af51-b9a0405ca7a1', 'ca13498d-d607-4003-8381-8a1ec5aa4860', 'diploma_scan', '/uploads/3af6144b-6bc1-4621-a950-66a75ff6fbab/diploma_scan.jpg', 'diploma_scan.jpg', 'application/jpg', 'accepted', NULL, NULL, '2026-02-28 23:41:19.543604'),
  ('13da44d0-4d6b-4d55-9a5a-546630959481', 'ca13498d-d607-4003-8381-8a1ec5aa4860', 'application_form', '/uploads/3af6144b-6bc1-4621-a950-66a75ff6fbab/application_form.pdf', 'application_form.pdf', 'application/pdf', 'accepted', NULL, NULL, '2026-02-11 23:41:19.543604'),
  ('3ddc4b41-261d-472e-a2de-2f4acfcda2f7', 'ca13498d-d607-4003-8381-8a1ec5aa4860', 'enrollment_fee_proof', '/uploads/3af6144b-6bc1-4621-a950-66a75ff6fbab/enrollment_fee_proof.pdf', 'enrollment_fee_proof.pdf', 'application/pdf', 'accepted', NULL, NULL, '2026-02-28 23:41:19.543604'),
  ('14d6798a-c515-4f9c-bae2-bcf9d0e3badb', 'd3902a4d-aabc-41f6-bec7-80568de4aa9a', 'diploma_scan', '/uploads/1b08c402-5176-464a-b3d6-3da42d498738/diploma_scan.pdf', 'diploma_scan.pdf', 'application/pdf', 'accepted', NULL, NULL, '2026-03-07 23:41:19.543604'),
  ('c48f15cc-9eb7-4a4b-b81a-8378a0b08e42', 'd3902a4d-aabc-41f6-bec7-80568de4aa9a', 'application_form', '/uploads/1b08c402-5176-464a-b3d6-3da42d498738/application_form.pdf', 'application_form.pdf', 'application/pdf', 'accepted', NULL, NULL, '2026-02-11 23:41:19.543604'),
  ('cbf29f3e-669f-4ce6-9a79-d54c2372e422', 'd3902a4d-aabc-41f6-bec7-80568de4aa9a', 'enrollment_fee_proof', '/uploads/1b08c402-5176-464a-b3d6-3da42d498738/enrollment_fee_proof.pdf', 'enrollment_fee_proof.pdf', 'application/pdf', 'accepted', NULL, NULL, '2026-03-15 23:41:19.543604'),
  ('5666ba99-c2f5-45cc-9dba-10b0e5613be4', 'd5fd48a7-4f0f-41a7-a9c1-4394eb9ae5d7', 'diploma_scan', '/uploads/a54368d2-5c6e-4556-a574-2e72e2db67da/diploma_scan.pdf', 'diploma_scan.pdf', 'application/pdf', 'pending', NULL, NULL, '2026-02-10 23:41:19.543604'),
  ('a9e3b0ea-d172-478f-86ed-4de44ea5f69b', 'd5fd48a7-4f0f-41a7-a9c1-4394eb9ae5d7', 'application_form', '/uploads/a54368d2-5c6e-4556-a574-2e72e2db67da/application_form.pdf', 'application_form.pdf', 'application/pdf', 'pending', NULL, NULL, '2026-02-16 23:41:19.543604'),
  ('c53f67ba-8dd7-4b0c-b6c2-cbca04c1d1b2', 'd5fd48a7-4f0f-41a7-a9c1-4394eb9ae5d7', 'enrollment_fee_proof', '/uploads/a54368d2-5c6e-4556-a574-2e72e2db67da/enrollment_fee_proof.jpg', 'enrollment_fee_proof.jpg', 'application/jpg', 'pending', NULL, NULL, '2026-02-19 23:41:19.543604'),
  ('8f2e1223-076d-4dc6-b570-a4047bba578a', '9d69b006-1e41-4733-90a7-aadc3c40c625', 'diploma_scan', '/uploads/27e9165b-284d-4e62-bc9d-30ba273f0574/diploma_scan.jpg', 'diploma_scan.jpg', 'application/jpg', 'rejected', NULL, NULL, '2026-03-30 23:41:19.543604'),
  ('27dc24d0-8597-4bf0-8549-e420cc07f9a7', '9d69b006-1e41-4733-90a7-aadc3c40c625', 'application_form', '/uploads/27e9165b-284d-4e62-bc9d-30ba273f0574/application_form.jpg', 'application_form.jpg', 'application/jpg', 'pending', NULL, NULL, '2026-02-13 23:41:19.543604'),
  ('33742a62-80f2-4c9e-bc2e-7d04e0e6fdca', '9d69b006-1e41-4733-90a7-aadc3c40c625', 'enrollment_fee_proof', '/uploads/27e9165b-284d-4e62-bc9d-30ba273f0574/enrollment_fee_proof.pdf', 'enrollment_fee_proof.pdf', 'application/pdf', 'pending', NULL, NULL, '2026-04-10 23:41:19.543604'),
  ('b63f5ab6-6868-4a49-b706-15583652a67f', 'cfff0de9-93c6-40dc-afe9-47cf91462d4c', 'diploma_scan', '/uploads/34d6107c-b56d-47a7-881f-4958f3a1e1bb/diploma_scan.jpg', 'diploma_scan.jpg', 'application/jpg', 'accepted', NULL, NULL, '2026-03-05 23:41:19.543604'),
  ('b85c20be-00e6-4786-8386-11159eb403d2', 'cfff0de9-93c6-40dc-afe9-47cf91462d4c', 'application_form', '/uploads/34d6107c-b56d-47a7-881f-4958f3a1e1bb/application_form.pdf', 'application_form.pdf', 'application/pdf', 'accepted', NULL, NULL, '2026-02-10 23:41:19.543604'),
  ('32a6d20d-e8a0-4304-8a72-abb240839d57', 'cfff0de9-93c6-40dc-afe9-47cf91462d4c', 'enrollment_fee_proof', '/uploads/34d6107c-b56d-47a7-881f-4958f3a1e1bb/enrollment_fee_proof.jpg', 'enrollment_fee_proof.jpg', 'application/jpg', 'accepted', NULL, NULL, '2026-03-23 23:41:19.543604'),
  ('8f95fc32-9284-428e-894c-57af8530757b', 'b6583813-b725-4273-ae17-9db991657dc4', 'diploma_scan', '/uploads/3d08aa84-9418-4166-8377-5fc912556c8b/diploma_scan.jpg', 'diploma_scan.jpg', 'application/jpg', 'accepted', NULL, NULL, '2026-02-28 23:41:19.543604'),
  ('97fdf69f-8e7b-4805-8f32-757e6c666205', 'b6583813-b725-4273-ae17-9db991657dc4', 'application_form', '/uploads/3d08aa84-9418-4166-8377-5fc912556c8b/application_form.jpg', 'application_form.jpg', 'application/jpg', 'accepted', NULL, NULL, '2026-02-13 23:41:19.543604'),
  ('46900a0b-ce23-4fa2-a823-3f55eff1caed', 'b6583813-b725-4273-ae17-9db991657dc4', 'enrollment_fee_proof', '/uploads/3d08aa84-9418-4166-8377-5fc912556c8b/enrollment_fee_proof.pdf', 'enrollment_fee_proof.pdf', 'application/pdf', 'accepted', NULL, NULL, '2026-02-15 23:41:19.543604'),
  ('024503b2-fb05-4d3c-a79d-4b2033dcbaf2', 'aab7eab5-3204-4df7-a4d3-6a99f0f1b8e9', 'diploma_scan', '/uploads/937891af-b31c-46b3-b10a-3cd14cfff79e/diploma_scan.jpg', 'diploma_scan.jpg', 'application/jpg', 'accepted', NULL, NULL, '2026-03-24 23:41:19.543604'),
  ('5f43daad-d5ac-4b00-ac9a-5786e4b95ae1', 'aab7eab5-3204-4df7-a4d3-6a99f0f1b8e9', 'application_form', '/uploads/937891af-b31c-46b3-b10a-3cd14cfff79e/application_form.pdf', 'application_form.pdf', 'application/pdf', 'accepted', NULL, NULL, '2026-02-18 23:41:19.543604'),
  ('1230d358-cfe1-4c4a-935d-de0c80ad847e', 'aab7eab5-3204-4df7-a4d3-6a99f0f1b8e9', 'enrollment_fee_proof', '/uploads/937891af-b31c-46b3-b10a-3cd14cfff79e/enrollment_fee_proof.pdf', 'enrollment_fee_proof.pdf', 'application/pdf', 'accepted', NULL, NULL, '2026-03-20 23:41:19.543604'),
  ('c0acc5d2-453d-4ba2-93fc-f59b09147f90', 'e8b02032-5b6e-4b7b-9c89-83b2cbfc80be', 'diploma_scan', '/uploads/3c8ae4a1-25a2-4b6c-8c4d-5b68eac3e3ec/diploma_scan.pdf', 'diploma_scan.pdf', 'application/pdf', 'rejected', NULL, NULL, '2026-02-23 23:41:19.543604'),
  ('d9d7d5f9-064b-441d-ab2c-14545cc6bed7', 'e8b02032-5b6e-4b7b-9c89-83b2cbfc80be', 'application_form', '/uploads/3c8ae4a1-25a2-4b6c-8c4d-5b68eac3e3ec/application_form.jpg', 'application_form.jpg', 'application/jpg', 'pending', NULL, NULL, '2026-02-28 23:41:19.543604'),
  ('f4002541-425b-4226-8757-192abf7f03b6', 'e8b02032-5b6e-4b7b-9c89-83b2cbfc80be', 'enrollment_fee_proof', '/uploads/3c8ae4a1-25a2-4b6c-8c4d-5b68eac3e3ec/enrollment_fee_proof.jpg', 'enrollment_fee_proof.jpg', 'application/jpg', 'pending', NULL, NULL, '2026-02-24 23:41:19.543604'),
  ('438932e2-38f2-4f6f-b7b5-5cb2cfd4c65b', '8b007d74-bc6a-40a4-81e7-a6a6b406b684', 'diploma_scan', '/uploads/eb923d46-dfc3-4a85-9339-dbfeb66a5f0f/diploma_scan.pdf', 'diploma_scan.pdf', 'application/pdf', 'accepted', NULL, NULL, '2026-04-10 23:41:19.543604'),
  ('5216b53c-df7a-4334-8943-ae4996c41858', '8b007d74-bc6a-40a4-81e7-a6a6b406b684', 'application_form', '/uploads/eb923d46-dfc3-4a85-9339-dbfeb66a5f0f/application_form.jpg', 'application_form.jpg', 'application/jpg', 'accepted', NULL, NULL, '2026-02-19 23:41:19.543604'),
  ('283769a6-77c5-4328-b5b2-dd0892563c73', '8b007d74-bc6a-40a4-81e7-a6a6b406b684', 'enrollment_fee_proof', '/uploads/eb923d46-dfc3-4a85-9339-dbfeb66a5f0f/enrollment_fee_proof.jpg', 'enrollment_fee_proof.jpg', 'application/jpg', 'accepted', NULL, NULL, '2026-03-05 23:41:19.543604'),
  ('5588bda9-c9e1-4719-ac2b-5367afc5291e', '7238ab12-8db4-4898-95a0-6b285d53b64a', 'diploma_scan', '/uploads/de659de9-8a31-43ca-92c9-3bb023c90654/diploma_scan.pdf', 'diploma_scan.pdf', 'application/pdf', 'accepted', NULL, NULL, '2026-03-30 23:41:19.543604'),
  ('0a5e39b5-f879-491e-9e41-330c63cd1f96', '7238ab12-8db4-4898-95a0-6b285d53b64a', 'application_form', '/uploads/de659de9-8a31-43ca-92c9-3bb023c90654/application_form.jpg', 'application_form.jpg', 'application/jpg', 'accepted', NULL, NULL, '2026-02-17 23:41:19.543604'),
  ('31d115e6-bac6-4002-8885-a75db06eb122', '7238ab12-8db4-4898-95a0-6b285d53b64a', 'enrollment_fee_proof', '/uploads/de659de9-8a31-43ca-92c9-3bb023c90654/enrollment_fee_proof.jpg', 'enrollment_fee_proof.jpg', 'application/jpg', 'accepted', NULL, NULL, '2026-03-09 23:41:19.543604'),
  ('97ee7e51-dda6-4681-b378-759c84f1d8a8', '4175cb3c-6337-4771-b010-b69fd38c9c51', 'diploma_scan', '/uploads/d1729cbd-e8ec-4e3c-86d3-cfc96804b23b/diploma_scan.jpg', 'diploma_scan.jpg', 'application/jpg', 'accepted', NULL, NULL, '2026-04-05 23:41:19.543604'),
  ('b5d47960-54cb-43f7-99ab-172b43287093', '4175cb3c-6337-4771-b010-b69fd38c9c51', 'application_form', '/uploads/d1729cbd-e8ec-4e3c-86d3-cfc96804b23b/application_form.jpg', 'application_form.jpg', 'application/jpg', 'accepted', NULL, NULL, '2026-02-27 23:41:19.543604'),
  ('c7f2aaad-9818-4ca9-bc4f-25d168067d45', '4175cb3c-6337-4771-b010-b69fd38c9c51', 'enrollment_fee_proof', '/uploads/d1729cbd-e8ec-4e3c-86d3-cfc96804b23b/enrollment_fee_proof.pdf', 'enrollment_fee_proof.pdf', 'application/pdf', 'accepted', NULL, NULL, '2026-03-30 23:41:19.543604'),
  ('b689a977-139b-453d-9fcb-a5b2f57f2e8d', '09ba1f16-be3a-4162-a309-16caaac7f878', 'diploma_scan', '/uploads/c24789c2-8125-4482-9f0a-dcbe630d244c/diploma_scan.pdf', 'diploma_scan.pdf', 'application/pdf', 'accepted', NULL, NULL, '2026-03-11 23:41:19.543604'),
  ('e0c8b66e-53e5-4612-94ee-c89ee53e917e', '09ba1f16-be3a-4162-a309-16caaac7f878', 'application_form', '/uploads/c24789c2-8125-4482-9f0a-dcbe630d244c/application_form.jpg', 'application_form.jpg', 'application/jpg', 'accepted', NULL, NULL, '2026-02-10 23:41:19.543604'),
  ('c5a9f602-e9e2-445b-8fc8-f83b16ff9f89', '09ba1f16-be3a-4162-a309-16caaac7f878', 'enrollment_fee_proof', '/uploads/c24789c2-8125-4482-9f0a-dcbe630d244c/enrollment_fee_proof.pdf', 'enrollment_fee_proof.pdf', 'application/pdf', 'accepted', NULL, NULL, '2026-04-10 23:41:19.543604'),
  ('cad0af07-7c8b-48bc-8c11-552f7ba81edb', '7000e815-bcfc-455c-8a5b-6077c5154a67', 'diploma_scan', '/uploads/664551ef-04b2-46ed-adbb-2c84f949c711/diploma_scan.jpg', 'diploma_scan.jpg', 'application/jpg', 'accepted', NULL, NULL, '2026-03-17 23:41:19.543604'),
  ('5b52b449-fa23-4d29-a38d-1b2463b369b9', '7000e815-bcfc-455c-8a5b-6077c5154a67', 'application_form', '/uploads/664551ef-04b2-46ed-adbb-2c84f949c711/application_form.pdf', 'application_form.pdf', 'application/pdf', 'accepted', NULL, NULL, '2026-03-13 23:41:19.543604'),
  ('cf1f03e7-8d47-407f-b47f-e6ed3cc6d369', '7000e815-bcfc-455c-8a5b-6077c5154a67', 'enrollment_fee_proof', '/uploads/664551ef-04b2-46ed-adbb-2c84f949c711/enrollment_fee_proof.jpg', 'enrollment_fee_proof.jpg', 'application/jpg', 'accepted', NULL, NULL, '2026-03-20 23:41:19.543604'),
  ('ec8b1bcc-d8ad-4ac0-ae28-54866b100c71', '87798a80-5a38-4b38-885e-f907f48660fc', 'diploma_scan', '/uploads/749eb00e-3e51-4c6c-9927-214f27ea6f80/diploma_scan.jpg', 'diploma_scan.jpg', 'application/jpg', 'accepted', NULL, NULL, '2026-03-04 23:41:19.543604'),
  ('c02e1412-8803-4f23-891f-33e86d7aa1ec', '87798a80-5a38-4b38-885e-f907f48660fc', 'application_form', '/uploads/749eb00e-3e51-4c6c-9927-214f27ea6f80/application_form.pdf', 'application_form.pdf', 'application/pdf', 'accepted', NULL, NULL, '2026-03-25 23:41:19.543604'),
  ('f7f10bb2-3fb7-45d0-89c8-a30c3504e559', '87798a80-5a38-4b38-885e-f907f48660fc', 'enrollment_fee_proof', '/uploads/749eb00e-3e51-4c6c-9927-214f27ea6f80/enrollment_fee_proof.jpg', 'enrollment_fee_proof.jpg', 'application/jpg', 'accepted', NULL, NULL, '2026-02-25 23:41:19.543604'),
  ('f54124d7-ae92-4a3a-8f74-2cfd63aaa5b2', '593852cc-5034-40be-b9f3-f99478c18039', 'diploma_scan', '/uploads/c906176d-d817-463c-b95e-e0414ad91872/diploma_scan.pdf', 'diploma_scan.pdf', 'application/pdf', 'accepted', NULL, NULL, '2026-04-07 23:41:19.543604'),
  ('12ed714c-9177-4bf0-9eee-94235100b9c8', '593852cc-5034-40be-b9f3-f99478c18039', 'application_form', '/uploads/c906176d-d817-463c-b95e-e0414ad91872/application_form.pdf', 'application_form.pdf', 'application/pdf', 'accepted', NULL, NULL, '2026-03-12 23:41:19.543604'),
  ('cf541ec6-db33-4554-8cb7-80bdc74a7988', '593852cc-5034-40be-b9f3-f99478c18039', 'enrollment_fee_proof', '/uploads/c906176d-d817-463c-b95e-e0414ad91872/enrollment_fee_proof.jpg', 'enrollment_fee_proof.jpg', 'application/jpg', 'accepted', NULL, NULL, '2026-03-31 23:41:19.543604'),
  ('1d0071eb-e42d-41ef-819a-cc6a5d60d50a', '1faa220c-a1fe-4663-8053-b32dd889fd19', 'diploma_scan', '/uploads/a54c6f05-2252-48e8-87af-d488c65b68c6/diploma_scan.jpg', 'diploma_scan.jpg', 'application/jpg', 'rejected', NULL, NULL, '2026-02-26 23:41:19.543604'),
  ('7206107a-5c5a-443b-a9fc-eb77b137196b', '1faa220c-a1fe-4663-8053-b32dd889fd19', 'application_form', '/uploads/a54c6f05-2252-48e8-87af-d488c65b68c6/application_form.jpg', 'application_form.jpg', 'application/jpg', 'pending', NULL, NULL, '2026-02-25 23:41:19.543604'),
  ('246d4937-c755-4ca1-a62d-3af42f62c08d', '1faa220c-a1fe-4663-8053-b32dd889fd19', 'enrollment_fee_proof', '/uploads/a54c6f05-2252-48e8-87af-d488c65b68c6/enrollment_fee_proof.pdf', 'enrollment_fee_proof.pdf', 'application/pdf', 'pending', NULL, NULL, '2026-03-01 23:41:19.543604'),
  ('ef6516c2-65b5-4213-9016-92b1123cb919', 'ec38fbb6-f985-40ae-b80f-517dcf96ae63', 'diploma_scan', '/uploads/3ab0243f-aa4f-496d-8f7a-c04babed44bc/diploma_scan.jpg', 'diploma_scan.jpg', 'application/jpg', 'pending', NULL, NULL, '2026-03-18 23:41:19.543604'),
  ('e7f62079-8b97-4864-abd2-3e99c3a7d81b', 'ec38fbb6-f985-40ae-b80f-517dcf96ae63', 'application_form', '/uploads/3ab0243f-aa4f-496d-8f7a-c04babed44bc/application_form.pdf', 'application_form.pdf', 'application/pdf', 'pending', NULL, NULL, '2026-03-27 23:41:19.543604'),
  ('001b4bc8-25f2-4605-92a6-18f08b52f6b7', 'ec38fbb6-f985-40ae-b80f-517dcf96ae63', 'enrollment_fee_proof', '/uploads/3ab0243f-aa4f-496d-8f7a-c04babed44bc/enrollment_fee_proof.pdf', 'enrollment_fee_proof.pdf', 'application/pdf', 'pending', NULL, NULL, '2026-03-11 23:41:19.543604'),
  ('89d4733c-7c87-46e1-af94-31f304c4c3f5', '99ca9fa2-3ec5-4fb1-88ab-ef403f8efbbc', 'diploma_scan', '/uploads/96cc43ad-530e-4de2-8293-8b41e744080a/diploma_scan.pdf', 'diploma_scan.pdf', 'application/pdf', 'rejected', NULL, NULL, '2026-03-12 23:41:19.543604'),
  ('cbc9bf36-af2c-406a-9ee0-e361ec47f4e3', '99ca9fa2-3ec5-4fb1-88ab-ef403f8efbbc', 'application_form', '/uploads/96cc43ad-530e-4de2-8293-8b41e744080a/application_form.jpg', 'application_form.jpg', 'application/jpg', 'pending', NULL, NULL, '2026-03-15 23:41:19.543604'),
  ('371fb622-2a09-43bb-8a8e-405197e79332', '99ca9fa2-3ec5-4fb1-88ab-ef403f8efbbc', 'enrollment_fee_proof', '/uploads/96cc43ad-530e-4de2-8293-8b41e744080a/enrollment_fee_proof.jpg', 'enrollment_fee_proof.jpg', 'application/jpg', 'pending', NULL, NULL, '2026-02-21 23:41:19.543604'),
  ('99de065c-7bf5-4f9f-a727-aeec0ee827c0', '12727a40-4720-4349-8b08-2c9de8a6ea29', 'diploma_scan', '/uploads/1beb0aca-62e5-4b31-967d-91a652e40f21/diploma_scan.pdf', 'diploma_scan.pdf', 'application/pdf', 'accepted', NULL, NULL, '2026-02-21 23:41:19.543604'),
  ('7d70daf3-ddd0-4ca4-9008-53767f98a6e1', '12727a40-4720-4349-8b08-2c9de8a6ea29', 'application_form', '/uploads/1beb0aca-62e5-4b31-967d-91a652e40f21/application_form.pdf', 'application_form.pdf', 'application/pdf', 'accepted', NULL, NULL, '2026-02-26 23:41:19.543604'),
  ('89c8c55c-d120-4686-9c72-48412033d186', '12727a40-4720-4349-8b08-2c9de8a6ea29', 'enrollment_fee_proof', '/uploads/1beb0aca-62e5-4b31-967d-91a652e40f21/enrollment_fee_proof.pdf', 'enrollment_fee_proof.pdf', 'application/pdf', 'accepted', NULL, NULL, '2026-03-08 23:41:19.543604'),
  ('924361c9-ad8e-4c77-98dd-ba11565d7946', '5271df8e-d9b3-4e3e-b8aa-94421b3483b5', 'diploma_scan', '/uploads/00ce4d5a-e98f-42d4-b9d4-3c12970662f1/diploma_scan.jpg', 'diploma_scan.jpg', 'application/jpg', 'accepted', NULL, NULL, '2026-03-08 23:41:19.543604'),
  ('bfc4f307-394b-435e-95f5-91a4722cd24c', '5271df8e-d9b3-4e3e-b8aa-94421b3483b5', 'application_form', '/uploads/00ce4d5a-e98f-42d4-b9d4-3c12970662f1/application_form.jpg', 'application_form.jpg', 'application/jpg', 'accepted', NULL, NULL, '2026-04-06 23:41:19.543604'),
  ('e15669c3-143d-4e24-a1dd-94bd11092986', '5271df8e-d9b3-4e3e-b8aa-94421b3483b5', 'enrollment_fee_proof', '/uploads/00ce4d5a-e98f-42d4-b9d4-3c12970662f1/enrollment_fee_proof.pdf', 'enrollment_fee_proof.pdf', 'application/pdf', 'accepted', NULL, NULL, '2026-04-07 23:41:19.543604'),
  ('2dfd1a3a-5c8d-4a39-9549-dfb33097bda6', 'f50171fe-3db0-47c1-9263-42934b11c58d', 'diploma_scan', '/uploads/ccf74bce-2fa2-4701-b7c9-d6682e13cdd6/diploma_scan.pdf', 'diploma_scan.pdf', 'application/pdf', 'pending', NULL, NULL, '2026-03-05 23:41:19.543604'),
  ('0fd54518-1783-46b0-a184-8175a1ed1a36', 'f50171fe-3db0-47c1-9263-42934b11c58d', 'application_form', '/uploads/ccf74bce-2fa2-4701-b7c9-d6682e13cdd6/application_form.pdf', 'application_form.pdf', 'application/pdf', 'pending', NULL, NULL, '2026-03-31 23:41:19.543604'),
  ('3996ec5e-cf1d-4bae-b00f-f69f80e67a6d', 'f50171fe-3db0-47c1-9263-42934b11c58d', 'enrollment_fee_proof', '/uploads/ccf74bce-2fa2-4701-b7c9-d6682e13cdd6/enrollment_fee_proof.jpg', 'enrollment_fee_proof.jpg', 'application/jpg', 'pending', NULL, NULL, '2026-02-15 23:41:19.543604'),
  ('e7009cca-ecf7-4e20-802c-03170e5b2452', '7ed70a13-2dea-401f-9380-c3e9de506bf4', 'diploma_scan', '/uploads/71056595-dae9-46cc-89a7-3943c3f056da/diploma_scan.jpg', 'diploma_scan.jpg', 'application/jpg', 'accepted', NULL, NULL, '2026-04-03 23:41:19.543604'),
  ('a262fe8f-05a4-40db-8ebf-6b8634496b44', '7ed70a13-2dea-401f-9380-c3e9de506bf4', 'application_form', '/uploads/71056595-dae9-46cc-89a7-3943c3f056da/application_form.pdf', 'application_form.pdf', 'application/pdf', 'accepted', NULL, NULL, '2026-02-24 23:41:19.543604'),
  ('25732128-a726-4053-bfda-aa96ad6b9e28', '7ed70a13-2dea-401f-9380-c3e9de506bf4', 'enrollment_fee_proof', '/uploads/71056595-dae9-46cc-89a7-3943c3f056da/enrollment_fee_proof.jpg', 'enrollment_fee_proof.jpg', 'application/jpg', 'accepted', NULL, NULL, '2026-04-05 23:41:19.543604'),
  ('bba5aaee-0964-4e7d-b019-2882d3eade4e', '2046364b-5e1c-4d83-a576-487197417d20', 'diploma_scan', '/uploads/127f7e23-eebe-45f9-af48-91df12a4417a/diploma_scan.jpg', 'diploma_scan.jpg', 'application/jpg', 'accepted', NULL, NULL, '2026-02-18 23:41:19.543604'),
  ('68a04c6b-7fc2-4fcd-98e0-dfa1848c353a', '2046364b-5e1c-4d83-a576-487197417d20', 'application_form', '/uploads/127f7e23-eebe-45f9-af48-91df12a4417a/application_form.pdf', 'application_form.pdf', 'application/pdf', 'accepted', NULL, NULL, '2026-03-12 23:41:19.543604'),
  ('91874012-82bc-4c34-bd6d-ed5841dd4549', '2046364b-5e1c-4d83-a576-487197417d20', 'enrollment_fee_proof', '/uploads/127f7e23-eebe-45f9-af48-91df12a4417a/enrollment_fee_proof.pdf', 'enrollment_fee_proof.pdf', 'application/pdf', 'accepted', NULL, NULL, '2026-03-09 23:41:19.543604'),
  ('45ed35b1-8b78-455e-b98a-7e9225e8e825', '51e03fd6-6943-4434-a270-66c42314dc24', 'diploma_scan', '/uploads/03f057a8-65ab-49ce-a9ec-5f8bf77674b6/diploma_scan.jpg', 'diploma_scan.jpg', 'application/jpg', 'accepted', NULL, NULL, '2026-03-12 23:41:19.543604'),
  ('e29754dd-18e4-41d5-a2e6-e4b3288efe38', '51e03fd6-6943-4434-a270-66c42314dc24', 'application_form', '/uploads/03f057a8-65ab-49ce-a9ec-5f8bf77674b6/application_form.pdf', 'application_form.pdf', 'application/pdf', 'accepted', NULL, NULL, '2026-03-06 23:41:19.543604'),
  ('92772f9a-5f4a-4a9f-b9dd-3e98a3d907ef', '51e03fd6-6943-4434-a270-66c42314dc24', 'enrollment_fee_proof', '/uploads/03f057a8-65ab-49ce-a9ec-5f8bf77674b6/enrollment_fee_proof.jpg', 'enrollment_fee_proof.jpg', 'application/jpg', 'accepted', NULL, NULL, '2026-02-26 23:41:19.543604'),
  ('8a21894e-0248-415e-be01-fbedc080db4e', '10191075-d285-4c97-8b37-df772cd274b6', 'diploma_scan', '/uploads/299cec35-a0b0-4910-84ac-95a883b038f4/diploma_scan.jpg', 'diploma_scan.jpg', 'application/jpg', 'accepted', NULL, NULL, '2026-02-23 23:41:19.543604'),
  ('1f7095fe-5a31-4905-99d6-2fe3628c5546', '10191075-d285-4c97-8b37-df772cd274b6', 'application_form', '/uploads/299cec35-a0b0-4910-84ac-95a883b038f4/application_form.pdf', 'application_form.pdf', 'application/pdf', 'accepted', NULL, NULL, '2026-03-16 23:41:19.543604'),
  ('b22f5a50-d6c3-4586-998e-0c6b38c33000', '10191075-d285-4c97-8b37-df772cd274b6', 'enrollment_fee_proof', '/uploads/299cec35-a0b0-4910-84ac-95a883b038f4/enrollment_fee_proof.jpg', 'enrollment_fee_proof.jpg', 'application/jpg', 'accepted', NULL, NULL, '2026-02-17 23:41:19.543604'),
  ('1a68560d-1b3d-429c-b050-b722b9f244d3', 'fe5e919b-6ca7-479e-aa0c-0d1df4d3c19d', 'diploma_scan', '/uploads/250b4341-79c7-4971-bd67-6bc1e0dce009/diploma_scan.pdf', 'diploma_scan.pdf', 'application/pdf', 'accepted', NULL, NULL, '2026-02-22 23:41:19.543604'),
  ('c1d5d7e6-0cdb-419c-a70a-941ecfabdf68', 'fe5e919b-6ca7-479e-aa0c-0d1df4d3c19d', 'application_form', '/uploads/250b4341-79c7-4971-bd67-6bc1e0dce009/application_form.pdf', 'application_form.pdf', 'application/pdf', 'accepted', NULL, NULL, '2026-03-04 23:41:19.543604'),
  ('e2622a99-0db7-4dde-8616-af9e4b036c89', 'fe5e919b-6ca7-479e-aa0c-0d1df4d3c19d', 'enrollment_fee_proof', '/uploads/250b4341-79c7-4971-bd67-6bc1e0dce009/enrollment_fee_proof.pdf', 'enrollment_fee_proof.pdf', 'application/pdf', 'accepted', NULL, NULL, '2026-04-08 23:41:19.543604'),
  ('12cf8416-cfae-4eb9-8c1b-6685573cb966', '89161e66-75d9-4306-a3a6-f9b8e6f944af', 'diploma_scan', '/uploads/229c0323-2395-4585-8809-eead83f17dc0/diploma_scan.jpg', 'diploma_scan.jpg', 'application/jpg', 'accepted', NULL, NULL, '2026-03-19 23:41:19.543604'),
  ('a497144c-5dd6-4c5b-abf0-2294a337bb5c', '89161e66-75d9-4306-a3a6-f9b8e6f944af', 'application_form', '/uploads/229c0323-2395-4585-8809-eead83f17dc0/application_form.pdf', 'application_form.pdf', 'application/pdf', 'accepted', NULL, NULL, '2026-03-07 23:41:19.543604'),
  ('6883fa08-ec1b-4c4d-a813-117d31bed422', '89161e66-75d9-4306-a3a6-f9b8e6f944af', 'enrollment_fee_proof', '/uploads/229c0323-2395-4585-8809-eead83f17dc0/enrollment_fee_proof.pdf', 'enrollment_fee_proof.pdf', 'application/pdf', 'accepted', NULL, NULL, '2026-02-10 23:41:19.543604'),
  ('a09699a6-8cb6-4376-b74f-5899554bc5e5', 'd5756afe-f1a9-4a50-a585-5621ba4183a7', 'diploma_scan', '/uploads/899a644b-f5e8-4c8b-a7ed-ef22b876cb58/diploma_scan.pdf', 'diploma_scan.pdf', 'application/pdf', 'rejected', NULL, NULL, '2026-02-10 23:41:19.543604'),
  ('1ccdf05e-c9f1-406e-9f8c-281b7bf4eb7d', 'd5756afe-f1a9-4a50-a585-5621ba4183a7', 'application_form', '/uploads/899a644b-f5e8-4c8b-a7ed-ef22b876cb58/application_form.jpg', 'application_form.jpg', 'application/jpg', 'pending', NULL, NULL, '2026-04-08 23:41:19.543604'),
  ('5a017ccb-5355-4226-baed-ecd879adf61d', 'd5756afe-f1a9-4a50-a585-5621ba4183a7', 'enrollment_fee_proof', '/uploads/899a644b-f5e8-4c8b-a7ed-ef22b876cb58/enrollment_fee_proof.jpg', 'enrollment_fee_proof.jpg', 'application/jpg', 'pending', NULL, NULL, '2026-03-15 23:41:19.543604'),
  ('34240a0e-ee9b-43f4-814b-7a18c8c2c92b', 'a9c79497-8d51-4ff2-9592-1d7725801f2e', 'diploma_scan', '/uploads/9b446262-65ea-4b67-ac02-1930f8cbdb82/diploma_scan.pdf', 'diploma_scan.pdf', 'application/pdf', 'accepted', NULL, NULL, '2026-02-20 23:41:19.543604'),
  ('d6b8c048-3101-4d3f-9bfa-f96a0a1ef979', 'a9c79497-8d51-4ff2-9592-1d7725801f2e', 'application_form', '/uploads/9b446262-65ea-4b67-ac02-1930f8cbdb82/application_form.pdf', 'application_form.pdf', 'application/pdf', 'accepted', NULL, NULL, '2026-02-20 23:41:19.543604'),
  ('dad5faed-9514-4f9c-a4e2-0280885a773c', 'a9c79497-8d51-4ff2-9592-1d7725801f2e', 'enrollment_fee_proof', '/uploads/9b446262-65ea-4b67-ac02-1930f8cbdb82/enrollment_fee_proof.jpg', 'enrollment_fee_proof.jpg', 'application/jpg', 'accepted', NULL, NULL, '2026-03-18 23:41:19.543604'),
  ('567a1386-19da-47b3-9413-e59400a9b196', 'a14b590b-5e1c-4cc7-bc6e-7af02f8b6bcb', 'diploma_scan', '/uploads/d181b7f7-2977-42a5-abcd-f4eb23e07373/diploma_scan.jpg', 'diploma_scan.jpg', 'application/jpg', 'rejected', NULL, NULL, '2026-03-13 23:41:19.543604'),
  ('dd849045-2136-43e3-9808-6960bae7d5da', 'a14b590b-5e1c-4cc7-bc6e-7af02f8b6bcb', 'application_form', '/uploads/d181b7f7-2977-42a5-abcd-f4eb23e07373/application_form.jpg', 'application_form.jpg', 'application/jpg', 'pending', NULL, NULL, '2026-03-17 23:41:19.543604'),
  ('8c3bc4c0-81f1-4ac1-a3b3-dad057c9847d', 'a14b590b-5e1c-4cc7-bc6e-7af02f8b6bcb', 'enrollment_fee_proof', '/uploads/d181b7f7-2977-42a5-abcd-f4eb23e07373/enrollment_fee_proof.pdf', 'enrollment_fee_proof.pdf', 'application/pdf', 'pending', NULL, NULL, '2026-02-26 23:41:19.543604'),
  ('8fb2d293-c1eb-4902-b886-bcab15040ba3', '6c8677be-3f9c-43ba-bf88-3e2ff5340997', 'diploma_scan', '/uploads/fe992458-d3b6-4a7b-a9ef-943a6bcd747d/diploma_scan.pdf', 'diploma_scan.pdf', 'application/pdf', 'pending', NULL, NULL, '2026-02-28 23:41:19.543604'),
  ('4698f316-39c5-4986-9b22-29f927e27231', '6c8677be-3f9c-43ba-bf88-3e2ff5340997', 'application_form', '/uploads/fe992458-d3b6-4a7b-a9ef-943a6bcd747d/application_form.jpg', 'application_form.jpg', 'application/jpg', 'pending', NULL, NULL, '2026-04-03 23:41:19.543604'),
  ('172e3e76-8246-4fc3-818b-f033af440a41', '6c8677be-3f9c-43ba-bf88-3e2ff5340997', 'enrollment_fee_proof', '/uploads/fe992458-d3b6-4a7b-a9ef-943a6bcd747d/enrollment_fee_proof.pdf', 'enrollment_fee_proof.pdf', 'application/pdf', 'pending', NULL, NULL, '2026-03-07 23:41:19.543604'),
  ('a943da7c-072a-4f69-bfb0-b06f38153c61', '6946a0ff-8a31-433c-ac7e-f56c218b3179', 'diploma_scan', '/uploads/dd272a35-0289-4302-9516-8d7db0f0f637/diploma_scan.jpg', 'diploma_scan.jpg', 'application/jpg', 'pending', NULL, NULL, '2026-03-08 23:41:19.543604'),
  ('db5c0680-b481-43a0-93e9-19a67d70fc45', '6946a0ff-8a31-433c-ac7e-f56c218b3179', 'application_form', '/uploads/dd272a35-0289-4302-9516-8d7db0f0f637/application_form.pdf', 'application_form.pdf', 'application/pdf', 'pending', NULL, NULL, '2026-02-23 23:41:19.543604'),
  ('8d535649-a04f-4381-99ae-40d319c86720', '6946a0ff-8a31-433c-ac7e-f56c218b3179', 'enrollment_fee_proof', '/uploads/dd272a35-0289-4302-9516-8d7db0f0f637/enrollment_fee_proof.pdf', 'enrollment_fee_proof.pdf', 'application/pdf', 'pending', NULL, NULL, '2026-02-16 23:41:19.543604'),
  ('b0f24cca-68cd-4c4d-ad19-695b474983fc', '1227db70-2651-4d15-bb76-a9ef712008ad', 'diploma_scan', '/uploads/596eb1d1-85b0-41bb-acc7-8ca9905c4f09/diploma_scan.pdf', 'diploma_scan.pdf', 'application/pdf', 'accepted', NULL, NULL, '2026-02-21 23:41:19.543604'),
  ('69be76f0-7f0e-4aa0-b83a-da9f92d80bd8', '1227db70-2651-4d15-bb76-a9ef712008ad', 'application_form', '/uploads/596eb1d1-85b0-41bb-acc7-8ca9905c4f09/application_form.pdf', 'application_form.pdf', 'application/pdf', 'accepted', NULL, NULL, '2026-03-22 23:41:19.543604'),
  ('cec74580-94ec-46bf-955f-b2219cc6f057', '1227db70-2651-4d15-bb76-a9ef712008ad', 'enrollment_fee_proof', '/uploads/596eb1d1-85b0-41bb-acc7-8ca9905c4f09/enrollment_fee_proof.jpg', 'enrollment_fee_proof.jpg', 'application/jpg', 'accepted', NULL, NULL, '2026-02-26 23:41:19.543604'),
  ('901b1f6c-a7e9-4efe-8301-3193769ae303', 'bfba04cd-1f45-425a-8e59-2d3a26c6d59a', 'diploma_scan', '/uploads/b3a9b210-b5e1-47cd-9d6f-e464685c31cc/diploma_scan.jpg', 'diploma_scan.jpg', 'application/jpg', 'accepted', NULL, NULL, '2026-03-07 23:41:19.543604'),
  ('d0cac6df-c7fe-48b1-94dd-6fef573e4f33', 'bfba04cd-1f45-425a-8e59-2d3a26c6d59a', 'application_form', '/uploads/b3a9b210-b5e1-47cd-9d6f-e464685c31cc/application_form.jpg', 'application_form.jpg', 'application/jpg', 'accepted', NULL, NULL, '2026-02-17 23:41:19.543604'),
  ('e35efd90-1ed6-4760-9205-fa645f9eea20', 'bfba04cd-1f45-425a-8e59-2d3a26c6d59a', 'enrollment_fee_proof', '/uploads/b3a9b210-b5e1-47cd-9d6f-e464685c31cc/enrollment_fee_proof.pdf', 'enrollment_fee_proof.pdf', 'application/pdf', 'accepted', NULL, NULL, '2026-03-26 23:41:19.543604'),
  ('7316e3b2-12e8-4632-95ee-fee922378bb4', 'd6920977-c916-4832-89f7-c56bc55b014a', 'diploma_scan', '/uploads/1912b7a0-5be5-4ffc-ac61-5921c7c6d18f/diploma_scan.jpg', 'diploma_scan.jpg', 'application/jpg', 'rejected', NULL, NULL, '2026-03-19 23:41:19.543604'),
  ('f8d1f5f8-3d64-46ac-b9ce-4b3a34906736', 'd6920977-c916-4832-89f7-c56bc55b014a', 'application_form', '/uploads/1912b7a0-5be5-4ffc-ac61-5921c7c6d18f/application_form.pdf', 'application_form.pdf', 'application/pdf', 'pending', NULL, NULL, '2026-03-24 23:41:19.543604'),
  ('889f47b7-37a4-43cb-ae54-7443eb5a70a3', 'd6920977-c916-4832-89f7-c56bc55b014a', 'enrollment_fee_proof', '/uploads/1912b7a0-5be5-4ffc-ac61-5921c7c6d18f/enrollment_fee_proof.pdf', 'enrollment_fee_proof.pdf', 'application/pdf', 'pending', NULL, NULL, '2026-02-10 23:41:19.543604'),
  ('bb860ef3-e3ac-44db-b3ce-7e070d2b8769', '812e108c-a7be-4200-8887-e72abfa842af', 'diploma_scan', '/uploads/c206f385-da77-4024-8b04-9c8778caa654/diploma_scan.pdf', 'diploma_scan.pdf', 'application/pdf', 'accepted', NULL, NULL, '2026-04-08 23:41:19.543604'),
  ('9b47b4f2-cb0e-4624-9529-7dcd45deca99', '812e108c-a7be-4200-8887-e72abfa842af', 'application_form', '/uploads/c206f385-da77-4024-8b04-9c8778caa654/application_form.jpg', 'application_form.jpg', 'application/jpg', 'accepted', NULL, NULL, '2026-03-02 23:41:19.543604'),
  ('78cd4e1f-4bd9-46d8-a594-74f83a2551b1', '812e108c-a7be-4200-8887-e72abfa842af', 'enrollment_fee_proof', '/uploads/c206f385-da77-4024-8b04-9c8778caa654/enrollment_fee_proof.pdf', 'enrollment_fee_proof.pdf', 'application/pdf', 'accepted', NULL, NULL, '2026-03-26 23:41:19.543604'),
  ('bd1fab1c-83df-4d7f-8b6b-1ef38ceebcd7', '1ae36008-0cf0-42ba-92f7-6a897b5069c9', 'diploma_scan', '/uploads/b98a12e8-21c3-4b51-a474-4c9b398c571c/diploma_scan.pdf', 'diploma_scan.pdf', 'application/pdf', 'rejected', NULL, NULL, '2026-04-06 23:41:19.543604'),
  ('81ec6a0c-3fc1-42bf-8247-651782d4ef6b', '1ae36008-0cf0-42ba-92f7-6a897b5069c9', 'application_form', '/uploads/b98a12e8-21c3-4b51-a474-4c9b398c571c/application_form.pdf', 'application_form.pdf', 'application/pdf', 'pending', NULL, NULL, '2026-03-03 23:41:19.543604'),
  ('35625595-3595-4532-81a3-814c44ba40e9', '1ae36008-0cf0-42ba-92f7-6a897b5069c9', 'enrollment_fee_proof', '/uploads/b98a12e8-21c3-4b51-a474-4c9b398c571c/enrollment_fee_proof.pdf', 'enrollment_fee_proof.pdf', 'application/pdf', 'pending', NULL, NULL, '2026-03-13 23:41:19.543604'),
  ('26adad92-f5d6-4506-8b77-ebeed0607162', '7a422fa5-a2ea-4f8f-b5e1-983d7adb75ac', 'diploma_scan', '/uploads/c40253f3-e320-4c55-bd8a-81a54820df3f/diploma_scan.pdf', 'diploma_scan.pdf', 'application/pdf', 'rejected', NULL, NULL, '2026-03-26 23:41:19.543604'),
  ('25f28e64-dbe3-4fda-b34f-bb2fad38319c', '7a422fa5-a2ea-4f8f-b5e1-983d7adb75ac', 'application_form', '/uploads/c40253f3-e320-4c55-bd8a-81a54820df3f/application_form.pdf', 'application_form.pdf', 'application/pdf', 'pending', NULL, NULL, '2026-03-16 23:41:19.543604'),
  ('862d674f-e5fe-4dad-929d-901a89e9de4c', '7a422fa5-a2ea-4f8f-b5e1-983d7adb75ac', 'enrollment_fee_proof', '/uploads/c40253f3-e320-4c55-bd8a-81a54820df3f/enrollment_fee_proof.jpg', 'enrollment_fee_proof.jpg', 'application/jpg', 'pending', NULL, NULL, '2026-03-27 23:41:19.543604'),
  ('a633b484-f83c-4575-bbd1-54fdeb7371c1', 'a3bb2bbc-54a7-46ca-a7e5-6d6821001186', 'diploma_scan', '/uploads/b4a7a05a-a05a-464a-b898-231a7b748599/diploma_scan.pdf', 'diploma_scan.pdf', 'application/pdf', 'accepted', NULL, NULL, '2026-02-21 23:41:19.543604'),
  ('f6fb17b8-f111-496e-bef7-690275388749', 'a3bb2bbc-54a7-46ca-a7e5-6d6821001186', 'application_form', '/uploads/b4a7a05a-a05a-464a-b898-231a7b748599/application_form.pdf', 'application_form.pdf', 'application/pdf', 'accepted', NULL, NULL, '2026-04-02 23:41:19.543604'),
  ('0aeb0cbc-209d-4566-8aa4-f920a105208b', 'a3bb2bbc-54a7-46ca-a7e5-6d6821001186', 'enrollment_fee_proof', '/uploads/b4a7a05a-a05a-464a-b898-231a7b748599/enrollment_fee_proof.jpg', 'enrollment_fee_proof.jpg', 'application/jpg', 'accepted', NULL, NULL, '2026-03-27 23:41:19.543604'),
  ('685f97b4-cdaa-4bb4-bdc0-3c11a6f554c4', '2a6807ef-6139-433e-b24e-25f42ba8e28a', 'diploma_scan', '/uploads/762b3348-876a-4a44-847d-abf78d384bcd/diploma_scan.jpg', 'diploma_scan.jpg', 'application/jpg', 'accepted', NULL, NULL, '2026-03-05 23:41:19.543604'),
  ('6609a999-4c2f-48d4-8d8d-7b0dc8eaf810', '2a6807ef-6139-433e-b24e-25f42ba8e28a', 'application_form', '/uploads/762b3348-876a-4a44-847d-abf78d384bcd/application_form.jpg', 'application_form.jpg', 'application/jpg', 'accepted', NULL, NULL, '2026-03-26 23:41:19.543604'),
  ('6d234157-977a-4d68-a358-44d8738d8415', '2a6807ef-6139-433e-b24e-25f42ba8e28a', 'enrollment_fee_proof', '/uploads/762b3348-876a-4a44-847d-abf78d384bcd/enrollment_fee_proof.jpg', 'enrollment_fee_proof.jpg', 'application/jpg', 'accepted', NULL, NULL, '2026-02-13 23:41:19.543604'),
  ('af71f28e-66dd-49cd-8232-dec722267515', '42196838-4c93-4055-bb5a-32abafe134a1', 'diploma_scan', '/uploads/27615123-bb5d-4b8c-979b-074c212e3bf2/diploma_scan.pdf', 'diploma_scan.pdf', 'application/pdf', 'accepted', NULL, NULL, '2026-02-27 23:41:19.543604'),
  ('64bb17e2-a22b-4036-aee5-505667d18943', '42196838-4c93-4055-bb5a-32abafe134a1', 'application_form', '/uploads/27615123-bb5d-4b8c-979b-074c212e3bf2/application_form.pdf', 'application_form.pdf', 'application/pdf', 'accepted', NULL, NULL, '2026-03-15 23:41:19.543604'),
  ('fdfea073-7246-4dae-8f35-0b4629802062', '42196838-4c93-4055-bb5a-32abafe134a1', 'enrollment_fee_proof', '/uploads/27615123-bb5d-4b8c-979b-074c212e3bf2/enrollment_fee_proof.jpg', 'enrollment_fee_proof.jpg', 'application/jpg', 'accepted', NULL, NULL, '2026-03-24 23:41:19.543604'),
  ('2ddc9545-bc89-4b85-84c2-f5c272de8318', '9396c972-8c17-4ca3-aefd-1135de638f08', 'diploma_scan', '/uploads/b73a1259-1a0e-455d-890e-3dc01a7e2a48/diploma_scan.pdf', 'diploma_scan.pdf', 'application/pdf', 'accepted', NULL, NULL, '2026-03-06 23:41:19.543604'),
  ('0c51fb06-0a76-4448-9275-faf0a89103a4', '9396c972-8c17-4ca3-aefd-1135de638f08', 'application_form', '/uploads/b73a1259-1a0e-455d-890e-3dc01a7e2a48/application_form.pdf', 'application_form.pdf', 'application/pdf', 'accepted', NULL, NULL, '2026-03-01 23:41:19.543604'),
  ('38385be0-9246-49b5-87b6-16dab5284646', '9396c972-8c17-4ca3-aefd-1135de638f08', 'enrollment_fee_proof', '/uploads/b73a1259-1a0e-455d-890e-3dc01a7e2a48/enrollment_fee_proof.jpg', 'enrollment_fee_proof.jpg', 'application/jpg', 'accepted', NULL, NULL, '2026-03-06 23:41:19.543604'),
  ('34a7668b-9865-41c3-9332-b99c99be7479', '4d39679e-3ddf-44e9-9cfd-c7f1d5bd2c37', 'diploma_scan', '/uploads/b96e4943-4dd8-4d9b-b9e3-c2270be89864/diploma_scan.jpg', 'diploma_scan.jpg', 'application/jpg', 'accepted', NULL, NULL, '2026-04-07 23:41:19.543604'),
  ('9f4c2af8-9593-4ecc-98d8-f1219e04db3e', '4d39679e-3ddf-44e9-9cfd-c7f1d5bd2c37', 'application_form', '/uploads/b96e4943-4dd8-4d9b-b9e3-c2270be89864/application_form.jpg', 'application_form.jpg', 'application/jpg', 'accepted', NULL, NULL, '2026-02-28 23:41:19.543604'),
  ('bf1744b0-e808-413b-a923-4aabb8a46bd7', '4d39679e-3ddf-44e9-9cfd-c7f1d5bd2c37', 'enrollment_fee_proof', '/uploads/b96e4943-4dd8-4d9b-b9e3-c2270be89864/enrollment_fee_proof.jpg', 'enrollment_fee_proof.jpg', 'application/jpg', 'accepted', NULL, NULL, '2026-02-19 23:41:19.543604'),
  ('950d305d-c73a-4b24-abc3-b92c0394660d', '1c440b46-de4b-48e3-821c-fce4fb3ab94b', 'diploma_scan', '/uploads/f9f76169-83c1-46a2-9555-c207ff3162e6/diploma_scan.jpg', 'diploma_scan.jpg', 'application/jpg', 'accepted', NULL, NULL, '2026-02-25 23:41:19.543604'),
  ('fddada4e-826c-4d48-9058-8967cff4a13d', '1c440b46-de4b-48e3-821c-fce4fb3ab94b', 'application_form', '/uploads/f9f76169-83c1-46a2-9555-c207ff3162e6/application_form.jpg', 'application_form.jpg', 'application/jpg', 'accepted', NULL, NULL, '2026-03-15 23:41:19.543604'),
  ('d552115f-59ab-4d17-b37c-aef2f137c5ef', '1c440b46-de4b-48e3-821c-fce4fb3ab94b', 'enrollment_fee_proof', '/uploads/f9f76169-83c1-46a2-9555-c207ff3162e6/enrollment_fee_proof.pdf', 'enrollment_fee_proof.pdf', 'application/pdf', 'accepted', NULL, NULL, '2026-03-22 23:41:19.543604'),
  ('ba2c2608-2ab1-4614-aa41-3619e413b458', '54793df0-3e84-4f0d-bda7-409f0d9d0b50', 'diploma_scan', '/uploads/b5ad293f-49dc-4dc7-a01b-1a37eb8f5a06/diploma_scan.jpg', 'diploma_scan.jpg', 'application/jpg', 'accepted', NULL, NULL, '2026-03-30 23:41:19.543604'),
  ('688bda5c-01e8-4a9b-8bd5-4a5618145adb', '54793df0-3e84-4f0d-bda7-409f0d9d0b50', 'application_form', '/uploads/b5ad293f-49dc-4dc7-a01b-1a37eb8f5a06/application_form.jpg', 'application_form.jpg', 'application/jpg', 'accepted', NULL, NULL, '2026-03-26 23:41:19.543604'),
  ('d047a82a-a1e7-4711-966d-e6b671877d4c', '54793df0-3e84-4f0d-bda7-409f0d9d0b50', 'enrollment_fee_proof', '/uploads/b5ad293f-49dc-4dc7-a01b-1a37eb8f5a06/enrollment_fee_proof.pdf', 'enrollment_fee_proof.pdf', 'application/pdf', 'accepted', NULL, NULL, '2026-03-22 23:41:19.543604'),
  ('5adafb26-64a8-4c8d-8ac5-e1b206b33bea', '38b1ff79-3a94-4343-99f7-5bfa86a406bd', 'diploma_scan', '/uploads/7db13ee8-1a91-4cab-b11e-2e62fdfa51ce/diploma_scan.pdf', 'diploma_scan.pdf', 'application/pdf', 'accepted', NULL, NULL, '2026-02-18 23:41:19.543604'),
  ('0c49b06b-abca-441c-8882-cbb3d97b9483', '38b1ff79-3a94-4343-99f7-5bfa86a406bd', 'application_form', '/uploads/7db13ee8-1a91-4cab-b11e-2e62fdfa51ce/application_form.jpg', 'application_form.jpg', 'application/jpg', 'accepted', NULL, NULL, '2026-02-11 23:41:19.543604'),
  ('896eee5b-cbd4-4053-be37-211547ff0ddb', '38b1ff79-3a94-4343-99f7-5bfa86a406bd', 'enrollment_fee_proof', '/uploads/7db13ee8-1a91-4cab-b11e-2e62fdfa51ce/enrollment_fee_proof.pdf', 'enrollment_fee_proof.pdf', 'application/pdf', 'accepted', NULL, NULL, '2026-03-06 23:41:19.543604'),
  ('621046e6-7015-447e-a694-22ccdd0b3525', '963f4e58-d55d-4672-8538-657b3a04bb52', 'diploma_scan', '/uploads/0cc321d7-6470-4b0f-9d4d-68c7e01a09a0/diploma_scan.jpg', 'diploma_scan.jpg', 'application/jpg', 'accepted', NULL, NULL, '2026-03-15 23:41:19.543604'),
  ('a203cf02-0cc0-4a16-94d3-7d6b89233f4b', '963f4e58-d55d-4672-8538-657b3a04bb52', 'application_form', '/uploads/0cc321d7-6470-4b0f-9d4d-68c7e01a09a0/application_form.pdf', 'application_form.pdf', 'application/pdf', 'accepted', NULL, NULL, '2026-03-17 23:41:19.543604'),
  ('a6ba6409-1b81-49ad-96ca-f55f406ae829', '963f4e58-d55d-4672-8538-657b3a04bb52', 'enrollment_fee_proof', '/uploads/0cc321d7-6470-4b0f-9d4d-68c7e01a09a0/enrollment_fee_proof.pdf', 'enrollment_fee_proof.pdf', 'application/pdf', 'accepted', NULL, NULL, '2026-03-25 23:41:19.543604'),
  ('416d7fd3-38fe-49cb-bc22-f10b6fe9b08b', 'a165c338-c7b1-4a26-adbf-e5893a7d4efc', 'diploma_scan', '/uploads/b40f0217-078e-43a9-ad42-2e5433131328/diploma_scan.pdf', 'diploma_scan.pdf', 'application/pdf', 'accepted', NULL, NULL, '2026-03-20 23:41:19.543604'),
  ('eb47f2b8-f078-4a5e-92f1-1e3a851f5ef4', 'a165c338-c7b1-4a26-adbf-e5893a7d4efc', 'application_form', '/uploads/b40f0217-078e-43a9-ad42-2e5433131328/application_form.pdf', 'application_form.pdf', 'application/pdf', 'accepted', NULL, NULL, '2026-02-10 23:41:19.543604'),
  ('4f62ab17-3d3e-4f09-80cd-6c8ff0eda442', 'a165c338-c7b1-4a26-adbf-e5893a7d4efc', 'enrollment_fee_proof', '/uploads/b40f0217-078e-43a9-ad42-2e5433131328/enrollment_fee_proof.jpg', 'enrollment_fee_proof.jpg', 'application/jpg', 'accepted', NULL, NULL, '2026-02-15 23:41:19.543604'),
  ('7122c747-1e8f-48bb-85d0-83dd85d08937', '8f26d52c-5dc1-4ae0-b5ae-586399a6d04f', 'diploma_scan', '/uploads/0974103a-fa24-422d-8152-a46503610944/diploma_scan.jpg', 'diploma_scan.jpg', 'application/jpg', 'accepted', NULL, NULL, '2026-04-05 23:41:19.543604'),
  ('56ad01de-baa0-4138-a692-554867ce0197', '8f26d52c-5dc1-4ae0-b5ae-586399a6d04f', 'application_form', '/uploads/0974103a-fa24-422d-8152-a46503610944/application_form.pdf', 'application_form.pdf', 'application/pdf', 'accepted', NULL, NULL, '2026-04-07 23:41:19.543604'),
  ('1ebcb1ac-29d0-44ae-9088-5340e303c170', '8f26d52c-5dc1-4ae0-b5ae-586399a6d04f', 'enrollment_fee_proof', '/uploads/0974103a-fa24-422d-8152-a46503610944/enrollment_fee_proof.jpg', 'enrollment_fee_proof.jpg', 'application/jpg', 'accepted', NULL, NULL, '2026-03-17 23:41:19.543604'),
  ('4da5d825-168b-48b3-aef4-7e5b13b45bd5', 'bd869422-c592-40d9-941b-eda333bd3a83', 'diploma_scan', '/uploads/9aee4cd6-6004-493b-90ee-3edcecfee0a9/diploma_scan.pdf', 'diploma_scan.pdf', 'application/pdf', 'rejected', NULL, NULL, '2026-02-14 23:41:19.543604'),
  ('755bc8a0-0009-4d4b-9051-1096552dd31f', 'bd869422-c592-40d9-941b-eda333bd3a83', 'application_form', '/uploads/9aee4cd6-6004-493b-90ee-3edcecfee0a9/application_form.pdf', 'application_form.pdf', 'application/pdf', 'pending', NULL, NULL, '2026-03-29 23:41:19.543604'),
  ('a37e62fa-d905-4044-8f21-88124aba0359', 'bd869422-c592-40d9-941b-eda333bd3a83', 'enrollment_fee_proof', '/uploads/9aee4cd6-6004-493b-90ee-3edcecfee0a9/enrollment_fee_proof.pdf', 'enrollment_fee_proof.pdf', 'application/pdf', 'pending', NULL, NULL, '2026-03-11 23:41:19.543604'),
  ('95c9c0a3-3a09-487f-9203-39533821f546', 'debb481d-7b76-4d7e-b5dd-ca61c580e341', 'diploma_scan', '/uploads/6fbe1836-40dc-4f4c-9179-ef3356e119dc/diploma_scan.pdf', 'diploma_scan.pdf', 'application/pdf', 'rejected', NULL, NULL, '2026-02-14 23:41:19.544609'),
  ('73f8b6ca-7279-47cb-a3cf-9dc381d239dd', 'debb481d-7b76-4d7e-b5dd-ca61c580e341', 'application_form', '/uploads/6fbe1836-40dc-4f4c-9179-ef3356e119dc/application_form.jpg', 'application_form.jpg', 'application/jpg', 'pending', NULL, NULL, '2026-03-22 23:41:19.544609'),
  ('43fa677b-a842-4950-b90e-086bac713271', 'debb481d-7b76-4d7e-b5dd-ca61c580e341', 'enrollment_fee_proof', '/uploads/6fbe1836-40dc-4f4c-9179-ef3356e119dc/enrollment_fee_proof.pdf', 'enrollment_fee_proof.pdf', 'application/pdf', 'pending', NULL, NULL, '2026-03-28 23:41:19.544609'),
  ('520a26b9-38cd-4111-9fae-db723ae07df2', '9441580d-4dcf-4403-ba09-061d67102ef3', 'diploma_scan', '/uploads/5a498505-7609-415b-afa5-db28859d8a90/diploma_scan.pdf', 'diploma_scan.pdf', 'application/pdf', 'accepted', NULL, NULL, '2026-02-22 23:41:19.544609'),
  ('379196b5-23d4-460f-be8b-ea24dc20e5e0', '9441580d-4dcf-4403-ba09-061d67102ef3', 'application_form', '/uploads/5a498505-7609-415b-afa5-db28859d8a90/application_form.pdf', 'application_form.pdf', 'application/pdf', 'accepted', NULL, NULL, '2026-02-22 23:41:19.544609'),
  ('b9d1483d-acbd-4583-8fd8-10cd92b7d8ab', '9441580d-4dcf-4403-ba09-061d67102ef3', 'enrollment_fee_proof', '/uploads/5a498505-7609-415b-afa5-db28859d8a90/enrollment_fee_proof.jpg', 'enrollment_fee_proof.jpg', 'application/jpg', 'accepted', NULL, NULL, '2026-02-11 23:41:19.544609'),
  ('0c990011-0ae9-4890-ace0-afd0eeb1b2cd', 'a8368903-1ce2-4f36-b8fd-10be726cf938', 'diploma_scan', '/uploads/e893d9cc-b6a0-4028-8f72-38796d26ad0a/diploma_scan.pdf', 'diploma_scan.pdf', 'application/pdf', 'accepted', NULL, NULL, '2026-02-25 23:41:19.544609'),
  ('c297a491-2515-4b19-8ed8-e39a28db068c', 'a8368903-1ce2-4f36-b8fd-10be726cf938', 'application_form', '/uploads/e893d9cc-b6a0-4028-8f72-38796d26ad0a/application_form.pdf', 'application_form.pdf', 'application/pdf', 'accepted', NULL, NULL, '2026-03-16 23:41:19.544609'),
  ('56bce6d2-0c3f-4cc5-9a3e-db4e8fce2ce3', 'a8368903-1ce2-4f36-b8fd-10be726cf938', 'enrollment_fee_proof', '/uploads/e893d9cc-b6a0-4028-8f72-38796d26ad0a/enrollment_fee_proof.pdf', 'enrollment_fee_proof.pdf', 'application/pdf', 'accepted', NULL, NULL, '2026-03-06 23:41:19.544609'),
  ('866babdf-e1d5-41a9-90a9-9e25760dedbe', 'ddec7e27-f99d-4316-abbf-191c3ed10aa1', 'diploma_scan', '/uploads/6c455620-c1c1-4a32-94ad-d217ffe87a3e/diploma_scan.jpg', 'diploma_scan.jpg', 'application/jpg', 'accepted', NULL, NULL, '2026-02-20 23:41:19.544609'),
  ('c0a5379f-4c7a-472e-bd2f-c0265a649c75', 'ddec7e27-f99d-4316-abbf-191c3ed10aa1', 'application_form', '/uploads/6c455620-c1c1-4a32-94ad-d217ffe87a3e/application_form.jpg', 'application_form.jpg', 'application/jpg', 'accepted', NULL, NULL, '2026-03-17 23:41:19.544609'),
  ('14b2c98d-36e3-42d9-9d2f-56f683a768ae', 'ddec7e27-f99d-4316-abbf-191c3ed10aa1', 'enrollment_fee_proof', '/uploads/6c455620-c1c1-4a32-94ad-d217ffe87a3e/enrollment_fee_proof.jpg', 'enrollment_fee_proof.jpg', 'application/jpg', 'accepted', NULL, NULL, '2026-03-07 23:41:19.544609'),
  ('2e0a4622-7c69-4569-b75e-cf72dfd8bc9a', '7167f528-6959-46c0-b95b-716281c35050', 'diploma_scan', '/uploads/4881a2b8-ca39-4175-8946-3f947b9ba56e/diploma_scan.jpg', 'diploma_scan.jpg', 'application/jpg', 'rejected', NULL, NULL, '2026-03-22 23:41:19.544609'),
  ('04dab1d3-666d-4560-8b05-39b1eb034abc', '7167f528-6959-46c0-b95b-716281c35050', 'application_form', '/uploads/4881a2b8-ca39-4175-8946-3f947b9ba56e/application_form.jpg', 'application_form.jpg', 'application/jpg', 'pending', NULL, NULL, '2026-03-18 23:41:19.544609'),
  ('32efe8ef-1e28-4d14-9d3e-d903c240eaae', '7167f528-6959-46c0-b95b-716281c35050', 'enrollment_fee_proof', '/uploads/4881a2b8-ca39-4175-8946-3f947b9ba56e/enrollment_fee_proof.jpg', 'enrollment_fee_proof.jpg', 'application/jpg', 'pending', NULL, NULL, '2026-03-12 23:41:19.544609'),
  ('a4c39927-1a87-4b37-bee8-7ac71efd3d56', 'ead426ae-8eaf-4c66-82b8-3d93640071b9', 'diploma_scan', '/uploads/dc0c4527-4e42-4418-8710-38ffdfaa998b/diploma_scan.pdf', 'diploma_scan.pdf', 'application/pdf', 'accepted', NULL, NULL, '2026-02-18 23:41:19.544609'),
  ('2452b827-4f3f-4b2b-8390-fd6a4dc9dcb6', 'ead426ae-8eaf-4c66-82b8-3d93640071b9', 'application_form', '/uploads/dc0c4527-4e42-4418-8710-38ffdfaa998b/application_form.jpg', 'application_form.jpg', 'application/jpg', 'accepted', NULL, NULL, '2026-02-21 23:41:19.544609'),
  ('fbb4d9df-0d9a-47f5-8621-5dfa9f45ea6c', 'ead426ae-8eaf-4c66-82b8-3d93640071b9', 'enrollment_fee_proof', '/uploads/dc0c4527-4e42-4418-8710-38ffdfaa998b/enrollment_fee_proof.jpg', 'enrollment_fee_proof.jpg', 'application/jpg', 'accepted', NULL, NULL, '2026-02-11 23:41:19.544609'),
  ('2dd9eb0a-cd88-4605-83b0-07c3dbbc3696', '86db686b-911c-4711-a48e-d7f4ad370afe', 'diploma_scan', '/uploads/b469d95c-c6bb-44cb-b270-31650118a8f2/diploma_scan.pdf', 'diploma_scan.pdf', 'application/pdf', 'accepted', NULL, NULL, '2026-03-18 23:41:19.544609'),
  ('1efef8c5-0745-45c9-ada4-0f0c27613712', '86db686b-911c-4711-a48e-d7f4ad370afe', 'application_form', '/uploads/b469d95c-c6bb-44cb-b270-31650118a8f2/application_form.jpg', 'application_form.jpg', 'application/jpg', 'accepted', NULL, NULL, '2026-03-15 23:41:19.544609'),
  ('c412fb3b-c74e-485b-8b26-863274695578', '86db686b-911c-4711-a48e-d7f4ad370afe', 'enrollment_fee_proof', '/uploads/b469d95c-c6bb-44cb-b270-31650118a8f2/enrollment_fee_proof.pdf', 'enrollment_fee_proof.pdf', 'application/pdf', 'accepted', NULL, NULL, '2026-03-05 23:41:19.544609'),
  ('a866ea42-89bf-4c24-80c6-52473cbfd8b2', '46740d1f-f116-4c08-8b61-168d263da9f2', 'diploma_scan', '/uploads/57fc7fbb-51ca-48a1-a016-95212967b681/diploma_scan.pdf', 'diploma_scan.pdf', 'application/pdf', 'accepted', NULL, NULL, '2026-02-22 23:41:19.544609'),
  ('3782fc3c-42ab-4b81-8146-1a5f835885bb', '46740d1f-f116-4c08-8b61-168d263da9f2', 'application_form', '/uploads/57fc7fbb-51ca-48a1-a016-95212967b681/application_form.pdf', 'application_form.pdf', 'application/pdf', 'accepted', NULL, NULL, '2026-04-09 23:41:19.544609'),
  ('2a56d45f-dd7f-4f3b-882e-a23bc92a1060', '46740d1f-f116-4c08-8b61-168d263da9f2', 'enrollment_fee_proof', '/uploads/57fc7fbb-51ca-48a1-a016-95212967b681/enrollment_fee_proof.jpg', 'enrollment_fee_proof.jpg', 'application/jpg', 'accepted', NULL, NULL, '2026-03-06 23:41:19.544609'),
  ('2ede590a-8e2a-4ad9-a968-00b0b21ff143', '7c57d116-81b1-4d96-8e29-5d65775cc5b1', 'diploma_scan', '/uploads/e80f7f5c-b046-44ab-8be8-33dff711bce4/diploma_scan.jpg', 'diploma_scan.jpg', 'application/jpg', 'accepted', NULL, NULL, '2026-03-23 23:41:19.544609'),
  ('b7e5bc1f-806e-4daf-97c9-5099a505df9a', '7c57d116-81b1-4d96-8e29-5d65775cc5b1', 'application_form', '/uploads/e80f7f5c-b046-44ab-8be8-33dff711bce4/application_form.pdf', 'application_form.pdf', 'application/pdf', 'accepted', NULL, NULL, '2026-03-29 23:41:19.544609'),
  ('b042666f-fb9d-42b7-846d-179e475cdeb4', '7c57d116-81b1-4d96-8e29-5d65775cc5b1', 'enrollment_fee_proof', '/uploads/e80f7f5c-b046-44ab-8be8-33dff711bce4/enrollment_fee_proof.jpg', 'enrollment_fee_proof.jpg', 'application/jpg', 'accepted', NULL, NULL, '2026-03-27 23:41:19.544609'),
  ('d14c726c-7ce6-4485-9136-162d9c85c4bb', '8d035b3d-eea9-4584-8be5-32b8261f0163', 'diploma_scan', '/uploads/84139b07-7781-4799-a03e-4043dd1bdcbf/diploma_scan.jpg', 'diploma_scan.jpg', 'application/jpg', 'accepted', NULL, NULL, '2026-03-05 23:41:19.544609'),
  ('7bb305d5-28c5-4986-9dfb-772713f43342', '8d035b3d-eea9-4584-8be5-32b8261f0163', 'application_form', '/uploads/84139b07-7781-4799-a03e-4043dd1bdcbf/application_form.pdf', 'application_form.pdf', 'application/pdf', 'accepted', NULL, NULL, '2026-03-10 23:41:19.544609'),
  ('31a0c780-d87e-4ca0-a510-7ae764d9a389', '8d035b3d-eea9-4584-8be5-32b8261f0163', 'enrollment_fee_proof', '/uploads/84139b07-7781-4799-a03e-4043dd1bdcbf/enrollment_fee_proof.jpg', 'enrollment_fee_proof.jpg', 'application/jpg', 'accepted', NULL, NULL, '2026-03-25 23:41:19.544609'),
  ('ee6d7f80-374f-47e9-9ac8-a57eb596e332', '4f29f77f-954f-4d50-b737-21f5c635a927', 'diploma_scan', '/uploads/d6c6529e-d9dd-4c3d-bbde-fa4915e08185/diploma_scan.jpg', 'diploma_scan.jpg', 'application/jpg', 'accepted', NULL, NULL, '2026-02-23 23:41:19.544609'),
  ('0edbebca-e617-4328-a318-ca63a8431537', '4f29f77f-954f-4d50-b737-21f5c635a927', 'application_form', '/uploads/d6c6529e-d9dd-4c3d-bbde-fa4915e08185/application_form.jpg', 'application_form.jpg', 'application/jpg', 'accepted', NULL, NULL, '2026-03-12 23:41:19.544609'),
  ('bcbd8a46-27e7-4b49-a9fb-e90586054bee', '4f29f77f-954f-4d50-b737-21f5c635a927', 'enrollment_fee_proof', '/uploads/d6c6529e-d9dd-4c3d-bbde-fa4915e08185/enrollment_fee_proof.pdf', 'enrollment_fee_proof.pdf', 'application/pdf', 'accepted', NULL, NULL, '2026-02-23 23:41:19.544609'),
  ('0d152f82-5e4e-4423-8205-e400259928bb', '0f8ca331-7a1d-4fd4-bd71-fac8321a408e', 'diploma_scan', '/uploads/3b02fcb8-38fd-47f8-8e48-f6cfd14477c7/diploma_scan.jpg', 'diploma_scan.jpg', 'application/jpg', 'accepted', NULL, NULL, '2026-03-31 23:41:19.544609'),
  ('907cc697-c845-479b-a2af-d1e63bc8be0a', '0f8ca331-7a1d-4fd4-bd71-fac8321a408e', 'application_form', '/uploads/3b02fcb8-38fd-47f8-8e48-f6cfd14477c7/application_form.pdf', 'application_form.pdf', 'application/pdf', 'accepted', NULL, NULL, '2026-02-23 23:41:19.544609'),
  ('47603d3d-0038-4b20-b01b-bf42609cb3a2', '0f8ca331-7a1d-4fd4-bd71-fac8321a408e', 'enrollment_fee_proof', '/uploads/3b02fcb8-38fd-47f8-8e48-f6cfd14477c7/enrollment_fee_proof.jpg', 'enrollment_fee_proof.jpg', 'application/jpg', 'accepted', NULL, NULL, '2026-03-30 23:41:19.544609'),
  ('724cc5a7-3420-4b37-a5fa-26d221404070', '6d8fc42b-8523-4535-b485-f2ec87d9279e', 'diploma_scan', '/uploads/a6df4992-12ad-410c-ac92-2c799fb73ad2/diploma_scan.pdf', 'diploma_scan.pdf', 'application/pdf', 'pending', NULL, NULL, '2026-03-08 23:41:19.544609'),
  ('7a636f69-f254-49b0-92c2-2ad5dbc4aad8', '6d8fc42b-8523-4535-b485-f2ec87d9279e', 'application_form', '/uploads/a6df4992-12ad-410c-ac92-2c799fb73ad2/application_form.pdf', 'application_form.pdf', 'application/pdf', 'pending', NULL, NULL, '2026-02-16 23:41:19.544609'),
  ('abfa9a86-9563-423f-9b08-df4d45a64cb8', '6d8fc42b-8523-4535-b485-f2ec87d9279e', 'enrollment_fee_proof', '/uploads/a6df4992-12ad-410c-ac92-2c799fb73ad2/enrollment_fee_proof.pdf', 'enrollment_fee_proof.pdf', 'application/pdf', 'pending', NULL, NULL, '2026-02-17 23:41:19.544609'),
  ('55c7068e-cb43-46c2-ba6b-1c4bd6441613', 'e680e9e5-1603-4bf4-b9b4-cfa8f41ed539', 'diploma_scan', '/uploads/a055bd4c-cff8-4258-a5fd-fcb35f0c1412/diploma_scan.pdf', 'diploma_scan.pdf', 'application/pdf', 'accepted', NULL, NULL, '2026-02-21 23:41:19.544609'),
  ('d534b8b3-f41e-4673-958f-2f4e8d063b1b', 'e680e9e5-1603-4bf4-b9b4-cfa8f41ed539', 'application_form', '/uploads/a055bd4c-cff8-4258-a5fd-fcb35f0c1412/application_form.pdf', 'application_form.pdf', 'application/pdf', 'accepted', NULL, NULL, '2026-03-15 23:41:19.544609'),
  ('a72421d7-56ab-4953-9d50-0b1acea557ef', 'e680e9e5-1603-4bf4-b9b4-cfa8f41ed539', 'enrollment_fee_proof', '/uploads/a055bd4c-cff8-4258-a5fd-fcb35f0c1412/enrollment_fee_proof.pdf', 'enrollment_fee_proof.pdf', 'application/pdf', 'accepted', NULL, NULL, '2026-02-16 23:41:19.544609'),
  ('432df0a5-4075-4672-8525-9673b7b89a22', 'cab31f6f-b4ec-4b2d-9390-5a3378a5679e', 'diploma_scan', '/uploads/88b1b7e3-9c46-4a08-b2db-93dc3c15cf70/diploma_scan.pdf', 'diploma_scan.pdf', 'application/pdf', 'rejected', NULL, NULL, '2026-04-06 23:41:19.544609'),
  ('84d0b342-4fc9-43be-823e-c575bad63a8b', 'cab31f6f-b4ec-4b2d-9390-5a3378a5679e', 'application_form', '/uploads/88b1b7e3-9c46-4a08-b2db-93dc3c15cf70/application_form.pdf', 'application_form.pdf', 'application/pdf', 'pending', NULL, NULL, '2026-04-10 23:41:19.544609'),
  ('23849e54-d4e7-45c7-8a59-7cacd17aeb99', 'cab31f6f-b4ec-4b2d-9390-5a3378a5679e', 'enrollment_fee_proof', '/uploads/88b1b7e3-9c46-4a08-b2db-93dc3c15cf70/enrollment_fee_proof.pdf', 'enrollment_fee_proof.pdf', 'application/pdf', 'pending', NULL, NULL, '2026-03-09 23:41:19.544609'),
  ('80b96000-525c-4609-9017-f7a2c5d89bad', 'd13c08e9-70a8-4efd-a74a-4743f46b8964', 'diploma_scan', '/uploads/4869902a-7aa3-468f-b753-2cfbbdc8f458/diploma_scan.jpg', 'diploma_scan.jpg', 'application/jpg', 'accepted', NULL, NULL, '2026-03-18 23:41:19.544609'),
  ('46c419fa-3727-45e2-a562-eea005377a71', 'd13c08e9-70a8-4efd-a74a-4743f46b8964', 'application_form', '/uploads/4869902a-7aa3-468f-b753-2cfbbdc8f458/application_form.pdf', 'application_form.pdf', 'application/pdf', 'accepted', NULL, NULL, '2026-03-02 23:41:19.544609'),
  ('fad18fc3-13e8-489c-9453-9d8c0126c692', 'd13c08e9-70a8-4efd-a74a-4743f46b8964', 'enrollment_fee_proof', '/uploads/4869902a-7aa3-468f-b753-2cfbbdc8f458/enrollment_fee_proof.jpg', 'enrollment_fee_proof.jpg', 'application/jpg', 'accepted', NULL, NULL, '2026-02-27 23:41:19.544609'),
  ('601e96ef-b8b0-4c81-8b2a-7e39c8eba841', '9ed93196-aa63-42ce-9be0-3f613300a090', 'diploma_scan', '/uploads/6b248baa-0024-4468-aecc-5e53a0912cdd/diploma_scan.jpg', 'diploma_scan.jpg', 'application/jpg', 'rejected', NULL, NULL, '2026-04-09 23:41:19.544609'),
  ('5ddd2a0e-a07c-421d-9e52-b024bb54b47f', '9ed93196-aa63-42ce-9be0-3f613300a090', 'application_form', '/uploads/6b248baa-0024-4468-aecc-5e53a0912cdd/application_form.pdf', 'application_form.pdf', 'application/pdf', 'pending', NULL, NULL, '2026-03-07 23:41:19.544609'),
  ('f25b7dc6-00c7-4ca2-bb40-174656c7aeb1', '9ed93196-aa63-42ce-9be0-3f613300a090', 'enrollment_fee_proof', '/uploads/6b248baa-0024-4468-aecc-5e53a0912cdd/enrollment_fee_proof.jpg', 'enrollment_fee_proof.jpg', 'application/jpg', 'pending', NULL, NULL, '2026-04-10 23:41:19.544609'),
  ('be952023-4977-442f-80f4-025abdd3a81b', 'f5fa4aa8-b7b9-4fda-913c-2df7ffb0a655', 'diploma_scan', '/uploads/8e5bf564-1d81-4c68-a6d2-fcb27c0baab2/diploma_scan.pdf', 'diploma_scan.pdf', 'application/pdf', 'accepted', NULL, NULL, '2026-03-08 23:41:19.544609'),
  ('4c30d3b9-8c32-4f7b-89d6-6af5e83e2836', 'f5fa4aa8-b7b9-4fda-913c-2df7ffb0a655', 'application_form', '/uploads/8e5bf564-1d81-4c68-a6d2-fcb27c0baab2/application_form.jpg', 'application_form.jpg', 'application/jpg', 'accepted', NULL, NULL, '2026-03-07 23:41:19.544609'),
  ('af21b48a-2814-4345-a92c-4b9ddbe8dd70', 'f5fa4aa8-b7b9-4fda-913c-2df7ffb0a655', 'enrollment_fee_proof', '/uploads/8e5bf564-1d81-4c68-a6d2-fcb27c0baab2/enrollment_fee_proof.jpg', 'enrollment_fee_proof.jpg', 'application/jpg', 'accepted', NULL, NULL, '2026-04-09 23:41:19.544609'),
  ('3e93541c-303f-465c-8a65-b9d4c8dceac8', 'fb365299-5991-4699-953f-1b3e9a636534', 'diploma_scan', '/uploads/f299fb48-46dd-4c4e-8fa5-4b1da7e2ced4/diploma_scan.jpg', 'diploma_scan.jpg', 'application/jpg', 'pending', NULL, NULL, '2026-02-18 23:41:19.544609'),
  ('2afd8b44-78ec-4a14-91fe-df6a49805aa1', 'fb365299-5991-4699-953f-1b3e9a636534', 'application_form', '/uploads/f299fb48-46dd-4c4e-8fa5-4b1da7e2ced4/application_form.pdf', 'application_form.pdf', 'application/pdf', 'pending', NULL, NULL, '2026-04-04 23:41:19.544609'),
  ('fd9a4117-a2f0-46a7-a432-be6a8b9aa997', 'fb365299-5991-4699-953f-1b3e9a636534', 'enrollment_fee_proof', '/uploads/f299fb48-46dd-4c4e-8fa5-4b1da7e2ced4/enrollment_fee_proof.pdf', 'enrollment_fee_proof.pdf', 'application/pdf', 'pending', NULL, NULL, '2026-03-08 23:41:19.544609'),
  ('1b8c6660-bf4a-4f79-ad9d-2c88c02aecbb', 'a5b1c081-0a24-4463-880e-bad441f7c49b', 'diploma_scan', '/uploads/fad91907-83da-49fc-8189-1b6aa4148632/diploma_scan.pdf', 'diploma_scan.pdf', 'application/pdf', 'accepted', NULL, NULL, '2026-03-26 23:41:19.544609'),
  ('34d8e245-40d8-4afa-86a9-3ba4b3e499ec', 'a5b1c081-0a24-4463-880e-bad441f7c49b', 'application_form', '/uploads/fad91907-83da-49fc-8189-1b6aa4148632/application_form.pdf', 'application_form.pdf', 'application/pdf', 'accepted', NULL, NULL, '2026-03-02 23:41:19.544609'),
  ('c54038c2-4cbd-4ec6-86bc-1fb8311f48fb', 'a5b1c081-0a24-4463-880e-bad441f7c49b', 'enrollment_fee_proof', '/uploads/fad91907-83da-49fc-8189-1b6aa4148632/enrollment_fee_proof.jpg', 'enrollment_fee_proof.jpg', 'application/jpg', 'accepted', NULL, NULL, '2026-02-17 23:41:19.544609'),
  ('e7b49c13-6190-441c-bcf8-c220105415ef', 'aa354ed1-67d0-47c5-9cb2-88dc09b7a28c', 'diploma_scan', '/uploads/b761dd0c-5749-4c83-8900-113614a34e03/diploma_scan.jpg', 'diploma_scan.jpg', 'application/jpg', 'rejected', NULL, NULL, '2026-03-24 23:41:19.544609'),
  ('567f7c1b-5cf7-4a1f-af54-b86c310b433a', 'aa354ed1-67d0-47c5-9cb2-88dc09b7a28c', 'application_form', '/uploads/b761dd0c-5749-4c83-8900-113614a34e03/application_form.jpg', 'application_form.jpg', 'application/jpg', 'pending', NULL, NULL, '2026-04-05 23:41:19.544609'),
  ('cc783ab5-bd6c-4939-aa89-3d163b8d74d3', 'aa354ed1-67d0-47c5-9cb2-88dc09b7a28c', 'enrollment_fee_proof', '/uploads/b761dd0c-5749-4c83-8900-113614a34e03/enrollment_fee_proof.jpg', 'enrollment_fee_proof.jpg', 'application/jpg', 'pending', NULL, NULL, '2026-03-16 23:41:19.544609'),
  ('0a16129c-9d16-409f-8be4-3481a1dadc11', '5dda9906-654d-4e30-a6eb-ad570e5276a4', 'diploma_scan', '/uploads/b6dc234b-c035-4a30-ab80-11f75a74c439/diploma_scan.jpg', 'diploma_scan.jpg', 'application/jpg', 'accepted', NULL, NULL, '2026-03-05 23:41:19.544609'),
  ('1ea611d7-ff3c-4430-b6aa-df62e6efa382', '5dda9906-654d-4e30-a6eb-ad570e5276a4', 'application_form', '/uploads/b6dc234b-c035-4a30-ab80-11f75a74c439/application_form.pdf', 'application_form.pdf', 'application/pdf', 'accepted', NULL, NULL, '2026-02-25 23:41:19.544609'),
  ('95157899-e473-4e96-8253-ae32593b1b68', '5dda9906-654d-4e30-a6eb-ad570e5276a4', 'enrollment_fee_proof', '/uploads/b6dc234b-c035-4a30-ab80-11f75a74c439/enrollment_fee_proof.pdf', 'enrollment_fee_proof.pdf', 'application/pdf', 'accepted', NULL, NULL, '2026-03-22 23:41:19.544609'),
  ('3a8a3377-5ba0-46d9-a600-221d40d3073a', '5bbb6102-f944-4baf-96c2-8e811339c205', 'diploma_scan', '/uploads/e96eb2f2-9b17-4a2d-9bbe-349d67f7f37b/diploma_scan.pdf', 'diploma_scan.pdf', 'application/pdf', 'pending', NULL, NULL, '2026-02-28 23:41:19.544609'),
  ('12cc0d77-2b31-4a35-bab4-94af5ac03fe1', '5bbb6102-f944-4baf-96c2-8e811339c205', 'application_form', '/uploads/e96eb2f2-9b17-4a2d-9bbe-349d67f7f37b/application_form.pdf', 'application_form.pdf', 'application/pdf', 'pending', NULL, NULL, '2026-04-05 23:41:19.544609'),
  ('2796560f-2f35-441f-93b6-774e4e96f4ef', '5bbb6102-f944-4baf-96c2-8e811339c205', 'enrollment_fee_proof', '/uploads/e96eb2f2-9b17-4a2d-9bbe-349d67f7f37b/enrollment_fee_proof.jpg', 'enrollment_fee_proof.jpg', 'application/jpg', 'pending', NULL, NULL, '2026-03-17 23:41:19.544609'),
  ('e9f81ec4-fc87-45da-ae6e-dfc5e2554150', 'd385549a-621b-421d-bdea-d16bd800b77f', 'diploma_scan', '/uploads/916b41d9-85e9-4b23-b944-b5820de96764/diploma_scan.jpg', 'diploma_scan.jpg', 'application/jpg', 'accepted', NULL, NULL, '2026-03-06 23:41:19.544609'),
  ('96c5a9a9-504f-45da-8302-ae3766dedf6c', 'd385549a-621b-421d-bdea-d16bd800b77f', 'application_form', '/uploads/916b41d9-85e9-4b23-b944-b5820de96764/application_form.jpg', 'application_form.jpg', 'application/jpg', 'accepted', NULL, NULL, '2026-04-07 23:41:19.544609'),
  ('d8ac6d23-be21-4427-bd73-14b098c4e9c4', 'd385549a-621b-421d-bdea-d16bd800b77f', 'enrollment_fee_proof', '/uploads/916b41d9-85e9-4b23-b944-b5820de96764/enrollment_fee_proof.pdf', 'enrollment_fee_proof.pdf', 'application/pdf', 'accepted', NULL, NULL, '2026-02-25 23:41:19.544609'),
  ('43c0d81c-e8a0-40af-9e1d-ac529756e872', '139b5eac-3a70-40b1-98e2-11d782894f8e', 'diploma_scan', '/uploads/afbff5d3-e51f-4dcb-bc7e-4cd50dbf18d3/diploma_scan.pdf', 'diploma_scan.pdf', 'application/pdf', 'accepted', NULL, NULL, '2026-04-05 23:41:19.544609'),
  ('07c4f95f-319a-4cd7-93fb-eec62c02371e', '139b5eac-3a70-40b1-98e2-11d782894f8e', 'application_form', '/uploads/afbff5d3-e51f-4dcb-bc7e-4cd50dbf18d3/application_form.jpg', 'application_form.jpg', 'application/jpg', 'accepted', NULL, NULL, '2026-02-15 23:41:19.544609'),
  ('fd7cb9bf-9842-4efb-9ff0-e8fb080c87ed', '139b5eac-3a70-40b1-98e2-11d782894f8e', 'enrollment_fee_proof', '/uploads/afbff5d3-e51f-4dcb-bc7e-4cd50dbf18d3/enrollment_fee_proof.jpg', 'enrollment_fee_proof.jpg', 'application/jpg', 'accepted', NULL, NULL, '2026-02-28 23:41:19.544609'),
  ('54e5c19b-f584-40b1-a883-08e5bcbfde3e', '0a6f6e10-002f-4da7-9951-139dc98217ba', 'diploma_scan', '/uploads/5f0f8d1c-60d1-4847-a890-2e86324f1afb/diploma_scan.jpg', 'diploma_scan.jpg', 'application/jpg', 'accepted', NULL, NULL, '2026-03-05 23:41:19.544609'),
  ('f11a3fd9-d925-40db-b840-9c1dd956d78b', '0a6f6e10-002f-4da7-9951-139dc98217ba', 'application_form', '/uploads/5f0f8d1c-60d1-4847-a890-2e86324f1afb/application_form.pdf', 'application_form.pdf', 'application/pdf', 'accepted', NULL, NULL, '2026-02-12 23:41:19.544609'),
  ('fe999bfb-774d-4074-9e66-44f3b39fb58f', '0a6f6e10-002f-4da7-9951-139dc98217ba', 'enrollment_fee_proof', '/uploads/5f0f8d1c-60d1-4847-a890-2e86324f1afb/enrollment_fee_proof.pdf', 'enrollment_fee_proof.pdf', 'application/pdf', 'accepted', NULL, NULL, '2026-03-27 23:41:19.544609'),
  ('a4a8dfc7-2ab2-459a-a217-8424a6d2f293', '3e4a53f6-2d94-40f1-80ff-5e723a81bb51', 'diploma_scan', '/uploads/82438d5e-147d-4c75-bd9a-e79597e9c756/diploma_scan.pdf', 'diploma_scan.pdf', 'application/pdf', 'pending', NULL, NULL, '2026-02-12 23:41:19.544609'),
  ('d4996bc0-a1a4-4320-9f5a-790d1625abd6', '3e4a53f6-2d94-40f1-80ff-5e723a81bb51', 'application_form', '/uploads/82438d5e-147d-4c75-bd9a-e79597e9c756/application_form.jpg', 'application_form.jpg', 'application/jpg', 'pending', NULL, NULL, '2026-03-24 23:41:19.544609'),
  ('e845b5ae-0d69-4e79-be0f-43fe045ac845', '3e4a53f6-2d94-40f1-80ff-5e723a81bb51', 'enrollment_fee_proof', '/uploads/82438d5e-147d-4c75-bd9a-e79597e9c756/enrollment_fee_proof.pdf', 'enrollment_fee_proof.pdf', 'application/pdf', 'pending', NULL, NULL, '2026-02-10 23:41:19.544609'),
  ('0534f6c5-8d07-4ea1-b414-4aab2adda757', 'c2d0c256-0922-4630-8b31-3cc5dba580d4', 'diploma_scan', '/uploads/b2c78a63-0052-4320-a386-0974d614f6d0/diploma_scan.pdf', 'diploma_scan.pdf', 'application/pdf', 'accepted', NULL, NULL, '2026-02-26 23:41:19.544609'),
  ('563fe8d0-6bdb-4730-84cb-b5c088b4eba8', 'c2d0c256-0922-4630-8b31-3cc5dba580d4', 'application_form', '/uploads/b2c78a63-0052-4320-a386-0974d614f6d0/application_form.jpg', 'application_form.jpg', 'application/jpg', 'accepted', NULL, NULL, '2026-02-12 23:41:19.544609'),
  ('527caa5d-7146-4d93-bd80-eb27bd4954cc', 'c2d0c256-0922-4630-8b31-3cc5dba580d4', 'enrollment_fee_proof', '/uploads/b2c78a63-0052-4320-a386-0974d614f6d0/enrollment_fee_proof.pdf', 'enrollment_fee_proof.pdf', 'application/pdf', 'accepted', NULL, NULL, '2026-03-30 23:41:19.544609'),
  ('ea31205b-0f93-438d-a882-01b8a6173440', '53a6ce64-1013-4965-85c5-d6994c24e143', 'diploma_scan', '/uploads/9255a88f-824a-4f2e-92fb-a7e68656e966/diploma_scan.jpg', 'diploma_scan.jpg', 'application/jpg', 'accepted', NULL, NULL, '2026-04-09 23:41:19.544609'),
  ('4497e2b7-6e50-46c4-bfa7-ec3d46a4a507', '53a6ce64-1013-4965-85c5-d6994c24e143', 'application_form', '/uploads/9255a88f-824a-4f2e-92fb-a7e68656e966/application_form.pdf', 'application_form.pdf', 'application/pdf', 'accepted', NULL, NULL, '2026-03-04 23:41:19.544609'),
  ('98a040c9-861d-44af-86d5-6fede8ef2363', '53a6ce64-1013-4965-85c5-d6994c24e143', 'enrollment_fee_proof', '/uploads/9255a88f-824a-4f2e-92fb-a7e68656e966/enrollment_fee_proof.pdf', 'enrollment_fee_proof.pdf', 'application/pdf', 'accepted', NULL, NULL, '2026-02-21 23:41:19.544609'),
  ('e68d7632-a90f-4ead-b788-a4c75d0a5beb', '53022270-c756-409a-b8eb-b5b9ccb9b2db', 'diploma_scan', '/uploads/d3268721-8223-4d77-8a01-df4d5c4c2a01/diploma_scan.jpg', 'diploma_scan.jpg', 'application/jpg', 'accepted', NULL, NULL, '2026-02-10 23:41:19.544609'),
  ('020060ec-71ee-4e7a-82eb-e6ea651f6649', '53022270-c756-409a-b8eb-b5b9ccb9b2db', 'application_form', '/uploads/d3268721-8223-4d77-8a01-df4d5c4c2a01/application_form.pdf', 'application_form.pdf', 'application/pdf', 'accepted', NULL, NULL, '2026-03-22 23:41:19.544609'),
  ('13a13483-b003-4fbd-94d8-84087710f2d1', '53022270-c756-409a-b8eb-b5b9ccb9b2db', 'enrollment_fee_proof', '/uploads/d3268721-8223-4d77-8a01-df4d5c4c2a01/enrollment_fee_proof.pdf', 'enrollment_fee_proof.pdf', 'application/pdf', 'accepted', NULL, NULL, '2026-03-05 23:41:19.544609'),
  ('42537888-3f36-4ee4-a8c2-651e0b0e8ddb', '2f6ff26b-7d22-4010-9f8c-93e5fa09f3fc', 'diploma_scan', '/uploads/44333629-2d1a-4fd1-a760-a816c4e1d9cf/diploma_scan.pdf', 'diploma_scan.pdf', 'application/pdf', 'rejected', NULL, NULL, '2026-03-05 23:41:19.544609'),
  ('d4b270a9-5203-44f7-b851-7e5b9e13ebeb', '2f6ff26b-7d22-4010-9f8c-93e5fa09f3fc', 'application_form', '/uploads/44333629-2d1a-4fd1-a760-a816c4e1d9cf/application_form.jpg', 'application_form.jpg', 'application/jpg', 'pending', NULL, NULL, '2026-02-26 23:41:19.544609'),
  ('4097275e-e182-476c-bada-7775c1f21161', '2f6ff26b-7d22-4010-9f8c-93e5fa09f3fc', 'enrollment_fee_proof', '/uploads/44333629-2d1a-4fd1-a760-a816c4e1d9cf/enrollment_fee_proof.jpg', 'enrollment_fee_proof.jpg', 'application/jpg', 'pending', NULL, NULL, '2026-03-17 23:41:19.544609'),
  ('15d56be6-e9e4-40f7-8ddc-478da80742d0', '594f389b-19d0-4508-b214-3c39fb871e4e', 'diploma_scan', '/uploads/504c71b6-a4f2-4e7d-bb2b-c9fd88c1796d/diploma_scan.pdf', 'diploma_scan.pdf', 'application/pdf', 'accepted', NULL, NULL, '2026-02-19 23:41:19.544609'),
  ('938855cb-0a4c-4c54-b2a2-5b75565d313d', '594f389b-19d0-4508-b214-3c39fb871e4e', 'application_form', '/uploads/504c71b6-a4f2-4e7d-bb2b-c9fd88c1796d/application_form.pdf', 'application_form.pdf', 'application/pdf', 'accepted', NULL, NULL, '2026-03-09 23:41:19.544609'),
  ('241e410e-d0f1-4dd3-8a50-bf712dabecf1', '594f389b-19d0-4508-b214-3c39fb871e4e', 'enrollment_fee_proof', '/uploads/504c71b6-a4f2-4e7d-bb2b-c9fd88c1796d/enrollment_fee_proof.jpg', 'enrollment_fee_proof.jpg', 'application/jpg', 'accepted', NULL, NULL, '2026-04-07 23:41:19.544609'),
  ('074361eb-dcd9-4c87-ab7d-c091f2f1a4ec', 'b49e4b92-f19e-40a8-a3ed-b81d6e8617f5', 'diploma_scan', '/uploads/5da907d7-d0f4-4640-b396-301c3e401cb3/diploma_scan.pdf', 'diploma_scan.pdf', 'application/pdf', 'accepted', NULL, NULL, '2026-03-14 23:41:19.544609'),
  ('8cbece0e-5691-435c-b9e2-cf1703cbec6c', 'b49e4b92-f19e-40a8-a3ed-b81d6e8617f5', 'application_form', '/uploads/5da907d7-d0f4-4640-b396-301c3e401cb3/application_form.pdf', 'application_form.pdf', 'application/pdf', 'accepted', NULL, NULL, '2026-02-16 23:41:19.544609'),
  ('94e26ea1-e769-4b56-8b30-34791181c1f2', 'b49e4b92-f19e-40a8-a3ed-b81d6e8617f5', 'enrollment_fee_proof', '/uploads/5da907d7-d0f4-4640-b396-301c3e401cb3/enrollment_fee_proof.pdf', 'enrollment_fee_proof.pdf', 'application/pdf', 'accepted', NULL, NULL, '2026-03-20 23:41:19.544609'),
  ('09c3d01d-6b64-43d5-8ee2-37746a724b32', 'f6651dda-04ea-47a6-ab8e-c4a388dac159', 'diploma_scan', '/uploads/95672170-9cb3-4f4e-ba99-0b0d0c4dec06/diploma_scan.jpg', 'diploma_scan.jpg', 'application/jpg', 'accepted', NULL, NULL, '2026-02-20 23:41:19.544609'),
  ('e01eede1-79cd-4ffe-8877-8717e9fdb706', 'f6651dda-04ea-47a6-ab8e-c4a388dac159', 'application_form', '/uploads/95672170-9cb3-4f4e-ba99-0b0d0c4dec06/application_form.jpg', 'application_form.jpg', 'application/jpg', 'accepted', NULL, NULL, '2026-04-09 23:41:19.544609'),
  ('ad65f813-5941-4263-8e89-887e7ab1529a', 'f6651dda-04ea-47a6-ab8e-c4a388dac159', 'enrollment_fee_proof', '/uploads/95672170-9cb3-4f4e-ba99-0b0d0c4dec06/enrollment_fee_proof.jpg', 'enrollment_fee_proof.jpg', 'application/jpg', 'accepted', NULL, NULL, '2026-02-19 23:41:19.544609'),
  ('5f7fcd24-1c26-4ddf-9af2-8b7e81a82b68', '387a9b1e-6fa7-42ae-b52c-c1ae28fe261e', 'diploma_scan', '/uploads/e45b3328-4c06-4f70-a55d-a89381d28f2d/diploma_scan.jpg', 'diploma_scan.jpg', 'application/jpg', 'pending', NULL, NULL, '2026-03-10 23:41:19.544609'),
  ('39a3cad2-e157-430e-8410-13cd876cd913', '387a9b1e-6fa7-42ae-b52c-c1ae28fe261e', 'application_form', '/uploads/e45b3328-4c06-4f70-a55d-a89381d28f2d/application_form.pdf', 'application_form.pdf', 'application/pdf', 'pending', NULL, NULL, '2026-03-19 23:41:19.544609'),
  ('b1248d32-0453-42a0-9351-357221a01eb8', '387a9b1e-6fa7-42ae-b52c-c1ae28fe261e', 'enrollment_fee_proof', '/uploads/e45b3328-4c06-4f70-a55d-a89381d28f2d/enrollment_fee_proof.jpg', 'enrollment_fee_proof.jpg', 'application/jpg', 'pending', NULL, NULL, '2026-03-14 23:41:19.544609'),
  ('5268514c-6685-4cac-854d-bdba3b70aa5d', 'b9cc6146-f1cc-4335-ad37-85668a45119a', 'diploma_scan', '/uploads/705f32bd-ace6-4d98-b42a-763294c701f9/diploma_scan.pdf', 'diploma_scan.pdf', 'application/pdf', 'accepted', NULL, NULL, '2026-02-26 23:41:19.544609'),
  ('c5c3fd81-e8a6-4606-83e5-7695ea06240b', 'b9cc6146-f1cc-4335-ad37-85668a45119a', 'application_form', '/uploads/705f32bd-ace6-4d98-b42a-763294c701f9/application_form.jpg', 'application_form.jpg', 'application/jpg', 'accepted', NULL, NULL, '2026-04-05 23:41:19.544609'),
  ('4720c834-0eaf-4c98-ad11-dfa4028e65b2', 'b9cc6146-f1cc-4335-ad37-85668a45119a', 'enrollment_fee_proof', '/uploads/705f32bd-ace6-4d98-b42a-763294c701f9/enrollment_fee_proof.jpg', 'enrollment_fee_proof.jpg', 'application/jpg', 'accepted', NULL, NULL, '2026-02-18 23:41:19.544609'),
  ('1ea159e4-6e97-4045-ba41-e8d4fd3b86a5', '8eed7cf2-74c4-4223-8cbe-9798267ab35b', 'diploma_scan', '/uploads/3c32d693-b3c8-4d23-a5f7-1be1e3010e21/diploma_scan.pdf', 'diploma_scan.pdf', 'application/pdf', 'accepted', NULL, NULL, '2026-02-24 23:41:19.544609'),
  ('81a5134c-c6e9-4c61-8e5f-d20c552b150b', '8eed7cf2-74c4-4223-8cbe-9798267ab35b', 'application_form', '/uploads/3c32d693-b3c8-4d23-a5f7-1be1e3010e21/application_form.pdf', 'application_form.pdf', 'application/pdf', 'accepted', NULL, NULL, '2026-04-05 23:41:19.544609'),
  ('210c512d-9af7-4317-89c2-5adc74cb4077', '8eed7cf2-74c4-4223-8cbe-9798267ab35b', 'enrollment_fee_proof', '/uploads/3c32d693-b3c8-4d23-a5f7-1be1e3010e21/enrollment_fee_proof.jpg', 'enrollment_fee_proof.jpg', 'application/jpg', 'accepted', NULL, NULL, '2026-04-01 23:41:19.544609'),
  ('50dd615b-2646-4f15-93f9-f88781e7b8b4', '83718f57-9e76-493b-956d-e79a5d7b2df3', 'diploma_scan', '/uploads/1321e185-fbc5-4083-8422-ed8b751c59f5/diploma_scan.jpg', 'diploma_scan.jpg', 'application/jpg', 'accepted', NULL, NULL, '2026-02-24 23:41:19.544609'),
  ('39ed5113-49fa-4576-ac37-47ac6769748c', '83718f57-9e76-493b-956d-e79a5d7b2df3', 'application_form', '/uploads/1321e185-fbc5-4083-8422-ed8b751c59f5/application_form.pdf', 'application_form.pdf', 'application/pdf', 'accepted', NULL, NULL, '2026-02-22 23:41:19.544609'),
  ('d433e8fb-7228-4e6b-8bb9-1abf4d7badc1', '83718f57-9e76-493b-956d-e79a5d7b2df3', 'enrollment_fee_proof', '/uploads/1321e185-fbc5-4083-8422-ed8b751c59f5/enrollment_fee_proof.jpg', 'enrollment_fee_proof.jpg', 'application/jpg', 'accepted', NULL, NULL, '2026-03-21 23:41:19.544609'),
  ('00d32682-c625-4615-8fb2-d410ddda3e5a', 'c60727db-dcca-42ec-a418-578c67a6c15b', 'diploma_scan', '/uploads/f9151519-0bf6-4a31-bb28-bb9f13f8640c/diploma_scan.jpg', 'diploma_scan.jpg', 'application/jpg', 'accepted', NULL, NULL, '2026-04-04 23:41:19.544609'),
  ('ac97b0e9-a62c-4c92-bff0-bbc52152df0c', 'c60727db-dcca-42ec-a418-578c67a6c15b', 'application_form', '/uploads/f9151519-0bf6-4a31-bb28-bb9f13f8640c/application_form.pdf', 'application_form.pdf', 'application/pdf', 'accepted', NULL, NULL, '2026-04-10 23:41:19.544609'),
  ('453d633f-17f4-48f1-b762-0463863f25b9', 'c60727db-dcca-42ec-a418-578c67a6c15b', 'enrollment_fee_proof', '/uploads/f9151519-0bf6-4a31-bb28-bb9f13f8640c/enrollment_fee_proof.jpg', 'enrollment_fee_proof.jpg', 'application/jpg', 'accepted', NULL, NULL, '2026-03-13 23:41:19.544609'),
  ('8a500f36-11b7-4c21-980c-9e29b4441228', 'b02f761d-a377-4f25-9e02-a3f5b10a3382', 'diploma_scan', '/uploads/17d4276d-767a-4ad3-819e-8bf851c99ce4/diploma_scan.jpg', 'diploma_scan.jpg', 'application/jpg', 'accepted', NULL, NULL, '2026-02-21 23:41:19.544609'),
  ('96422442-aa60-4bd5-be7a-b79dfbd76213', 'b02f761d-a377-4f25-9e02-a3f5b10a3382', 'application_form', '/uploads/17d4276d-767a-4ad3-819e-8bf851c99ce4/application_form.jpg', 'application_form.jpg', 'application/jpg', 'accepted', NULL, NULL, '2026-04-04 23:41:19.544609'),
  ('1ed4c5a8-f134-43fe-961b-140f14e6c712', 'b02f761d-a377-4f25-9e02-a3f5b10a3382', 'enrollment_fee_proof', '/uploads/17d4276d-767a-4ad3-819e-8bf851c99ce4/enrollment_fee_proof.pdf', 'enrollment_fee_proof.pdf', 'application/pdf', 'accepted', NULL, NULL, '2026-04-05 23:41:19.544609'),
  ('fdcebd78-2703-4a7a-a3e7-d75afa7c7355', '49659da3-fef2-4802-9f9c-1179dd77f85a', 'diploma_scan', '/uploads/66a458f5-e877-49ce-a482-04584c101394/diploma_scan.pdf', 'diploma_scan.pdf', 'application/pdf', 'accepted', NULL, NULL, '2026-03-14 23:41:19.544609'),
  ('63fef0fd-7ab8-41f9-b148-c5189fbc0115', '49659da3-fef2-4802-9f9c-1179dd77f85a', 'application_form', '/uploads/66a458f5-e877-49ce-a482-04584c101394/application_form.jpg', 'application_form.jpg', 'application/jpg', 'accepted', NULL, NULL, '2026-03-06 23:41:19.544609'),
  ('0fa5ca8b-fe80-4b14-ac16-0c92ecea8685', '49659da3-fef2-4802-9f9c-1179dd77f85a', 'enrollment_fee_proof', '/uploads/66a458f5-e877-49ce-a482-04584c101394/enrollment_fee_proof.jpg', 'enrollment_fee_proof.jpg', 'application/jpg', 'accepted', NULL, NULL, '2026-04-04 23:41:19.544609'),
  ('9597b949-fcec-43eb-a08c-807a4a45f6c2', '6f1e754d-a974-4b59-ab09-7de931407e87', 'diploma_scan', '/uploads/19abcb96-52ac-467a-80eb-42da69f4f407/diploma_scan.pdf', 'diploma_scan.pdf', 'application/pdf', 'pending', NULL, NULL, '2026-04-05 23:41:19.544609'),
  ('81c368a7-cbc3-4bce-867d-6ffb2b6a7ecb', '6f1e754d-a974-4b59-ab09-7de931407e87', 'application_form', '/uploads/19abcb96-52ac-467a-80eb-42da69f4f407/application_form.jpg', 'application_form.jpg', 'application/jpg', 'pending', NULL, NULL, '2026-03-06 23:41:19.544609'),
  ('f2f56b1a-ddbc-4a54-8732-9e5d28b9fdf1', '6f1e754d-a974-4b59-ab09-7de931407e87', 'enrollment_fee_proof', '/uploads/19abcb96-52ac-467a-80eb-42da69f4f407/enrollment_fee_proof.pdf', 'enrollment_fee_proof.pdf', 'application/pdf', 'pending', NULL, NULL, '2026-03-03 23:41:19.544609'),
  ('5f84a9ba-2f29-443b-81e5-2422f0cd340d', '7b11b5b5-7cb2-4726-a51e-541ce22354d4', 'diploma_scan', '/uploads/bfa903d5-ea32-4d2c-901a-078814e8a88c/diploma_scan.jpg', 'diploma_scan.jpg', 'application/jpg', 'pending', NULL, NULL, '2026-02-14 23:41:19.544609'),
  ('78bb53fd-03e4-4a5d-97c0-7a32e794d559', '7b11b5b5-7cb2-4726-a51e-541ce22354d4', 'application_form', '/uploads/bfa903d5-ea32-4d2c-901a-078814e8a88c/application_form.jpg', 'application_form.jpg', 'application/jpg', 'pending', NULL, NULL, '2026-04-10 23:41:19.544609'),
  ('2c842adb-f637-4c58-bb47-6921e712699f', '7b11b5b5-7cb2-4726-a51e-541ce22354d4', 'enrollment_fee_proof', '/uploads/bfa903d5-ea32-4d2c-901a-078814e8a88c/enrollment_fee_proof.jpg', 'enrollment_fee_proof.jpg', 'application/jpg', 'pending', NULL, NULL, '2026-03-15 23:41:19.544609'),
  ('313c9885-2c17-4bd3-8c7e-a1fb18b60171', 'd1f9c2c9-9d10-4252-9e5e-b3341f680a65', 'diploma_scan', '/uploads/5754189d-058d-4c26-934a-ba80520aae87/diploma_scan.jpg', 'diploma_scan.jpg', 'application/jpg', 'accepted', NULL, NULL, '2026-02-20 23:41:19.544609'),
  ('6bc17a52-b864-4fd1-a6ae-3fbc56389cf3', 'd1f9c2c9-9d10-4252-9e5e-b3341f680a65', 'application_form', '/uploads/5754189d-058d-4c26-934a-ba80520aae87/application_form.pdf', 'application_form.pdf', 'application/pdf', 'accepted', NULL, NULL, '2026-02-23 23:41:19.544609'),
  ('300054d3-ac3c-412f-993f-6614e33eaf2e', 'd1f9c2c9-9d10-4252-9e5e-b3341f680a65', 'enrollment_fee_proof', '/uploads/5754189d-058d-4c26-934a-ba80520aae87/enrollment_fee_proof.pdf', 'enrollment_fee_proof.pdf', 'application/pdf', 'accepted', NULL, NULL, '2026-03-05 23:41:19.544609'),
  ('2d669f32-20c7-41d0-9727-68b935193a79', 'e2575845-a90e-46fe-9377-c91ad727edeb', 'diploma_scan', '/uploads/c1713a94-e3c9-442d-80f1-c47f9eed58ea/diploma_scan.pdf', 'diploma_scan.pdf', 'application/pdf', 'accepted', NULL, NULL, '2026-02-26 23:41:19.544609'),
  ('03fe3887-02a6-4d59-8f0d-a904de45bc21', 'e2575845-a90e-46fe-9377-c91ad727edeb', 'application_form', '/uploads/c1713a94-e3c9-442d-80f1-c47f9eed58ea/application_form.jpg', 'application_form.jpg', 'application/jpg', 'accepted', NULL, NULL, '2026-03-31 23:41:19.544609'),
  ('426f1058-b54c-4bef-bbd4-3fc196bed056', 'e2575845-a90e-46fe-9377-c91ad727edeb', 'enrollment_fee_proof', '/uploads/c1713a94-e3c9-442d-80f1-c47f9eed58ea/enrollment_fee_proof.pdf', 'enrollment_fee_proof.pdf', 'application/pdf', 'accepted', NULL, NULL, '2026-03-24 23:41:19.544609'),
  ('dbab2c16-f8f2-4765-a04c-9e92c3d07895', 'e5eab2e5-5630-499a-b585-66cb4f96d669', 'diploma_scan', '/uploads/6c1ed128-4091-440c-8de0-4a90bb3521bb/diploma_scan.jpg', 'diploma_scan.jpg', 'application/jpg', 'rejected', NULL, NULL, '2026-03-24 23:41:19.544609'),
  ('a7ee0030-217b-4640-a23c-487490792888', 'e5eab2e5-5630-499a-b585-66cb4f96d669', 'application_form', '/uploads/6c1ed128-4091-440c-8de0-4a90bb3521bb/application_form.jpg', 'application_form.jpg', 'application/jpg', 'pending', NULL, NULL, '2026-04-01 23:41:19.544609'),
  ('4bf1cc63-54fc-4d79-84ce-81b01f3d3d1a', 'e5eab2e5-5630-499a-b585-66cb4f96d669', 'enrollment_fee_proof', '/uploads/6c1ed128-4091-440c-8de0-4a90bb3521bb/enrollment_fee_proof.pdf', 'enrollment_fee_proof.pdf', 'application/pdf', 'pending', NULL, NULL, '2026-03-31 23:41:19.544609'),
  ('80fe8bbf-fc64-43ec-9e11-e65e74083fbf', '68c4cdc4-4088-494e-99f9-337a441724a2', 'diploma_scan', '/uploads/98ea6618-6dfd-4860-9df3-075cab19fc41/diploma_scan.jpg', 'diploma_scan.jpg', 'application/jpg', 'accepted', NULL, NULL, '2026-03-24 23:41:19.544609'),
  ('0a8de448-e3c3-484d-b5a6-d3f3331ca14b', '68c4cdc4-4088-494e-99f9-337a441724a2', 'application_form', '/uploads/98ea6618-6dfd-4860-9df3-075cab19fc41/application_form.jpg', 'application_form.jpg', 'application/jpg', 'accepted', NULL, NULL, '2026-03-22 23:41:19.544609'),
  ('35a3e797-c7bf-41a0-b90f-ea3d5f5a344c', '68c4cdc4-4088-494e-99f9-337a441724a2', 'enrollment_fee_proof', '/uploads/98ea6618-6dfd-4860-9df3-075cab19fc41/enrollment_fee_proof.jpg', 'enrollment_fee_proof.jpg', 'application/jpg', 'accepted', NULL, NULL, '2026-02-19 23:41:19.544609'),
  ('52383c0c-78af-4ed0-bf99-04343e12ebbc', '68e87eec-1e61-4d59-84dc-4042f4e52716', 'diploma_scan', '/uploads/bb2ce147-d718-4721-9a6b-2c283a10b7da/diploma_scan.pdf', 'diploma_scan.pdf', 'application/pdf', 'accepted', NULL, NULL, '2026-03-18 23:41:19.544609'),
  ('5085d06c-d5d1-4a04-8198-a6b87412af88', '68e87eec-1e61-4d59-84dc-4042f4e52716', 'application_form', '/uploads/bb2ce147-d718-4721-9a6b-2c283a10b7da/application_form.jpg', 'application_form.jpg', 'application/jpg', 'accepted', NULL, NULL, '2026-03-26 23:41:19.544609'),
  ('6a74e774-018f-4ff4-b92f-547134937b16', '68e87eec-1e61-4d59-84dc-4042f4e52716', 'enrollment_fee_proof', '/uploads/bb2ce147-d718-4721-9a6b-2c283a10b7da/enrollment_fee_proof.jpg', 'enrollment_fee_proof.jpg', 'application/jpg', 'accepted', NULL, NULL, '2026-03-03 23:41:19.544609'),
  ('990f3896-d34b-49ce-8c78-10897d4aaa9e', 'ad8e0eb6-244e-4855-853e-ba0fe482b2a8', 'diploma_scan', '/uploads/2c05f067-bcc3-4537-8893-ec835cd3d8a8/diploma_scan.pdf', 'diploma_scan.pdf', 'application/pdf', 'rejected', NULL, NULL, '2026-03-12 23:41:19.544609'),
  ('48fae68a-255a-469b-9acf-f4cfbd1fdf9e', 'ad8e0eb6-244e-4855-853e-ba0fe482b2a8', 'application_form', '/uploads/2c05f067-bcc3-4537-8893-ec835cd3d8a8/application_form.pdf', 'application_form.pdf', 'application/pdf', 'pending', NULL, NULL, '2026-04-02 23:41:19.544609'),
  ('1320e1c6-3bd8-4551-b76e-ef836f908bae', 'ad8e0eb6-244e-4855-853e-ba0fe482b2a8', 'enrollment_fee_proof', '/uploads/2c05f067-bcc3-4537-8893-ec835cd3d8a8/enrollment_fee_proof.jpg', 'enrollment_fee_proof.jpg', 'application/jpg', 'pending', NULL, NULL, '2026-04-10 23:41:19.544609'),
  ('f76dabac-e804-4ff4-b44c-46aa998ecd97', '4fbf6c8f-e7f4-4035-a758-e99ed9332250', 'diploma_scan', '/uploads/f7dd9a02-82ea-4a09-88bc-80d82146947a/diploma_scan.jpg', 'diploma_scan.jpg', 'application/jpg', 'pending', NULL, NULL, '2026-03-20 23:41:19.544609'),
  ('b73138e6-b4ef-4cff-8b60-fe7705a3a835', '4fbf6c8f-e7f4-4035-a758-e99ed9332250', 'application_form', '/uploads/f7dd9a02-82ea-4a09-88bc-80d82146947a/application_form.jpg', 'application_form.jpg', 'application/jpg', 'pending', NULL, NULL, '2026-02-18 23:41:19.544609'),
  ('89dc3c09-1344-49d0-9903-b77dd6a3cc52', '4fbf6c8f-e7f4-4035-a758-e99ed9332250', 'enrollment_fee_proof', '/uploads/f7dd9a02-82ea-4a09-88bc-80d82146947a/enrollment_fee_proof.jpg', 'enrollment_fee_proof.jpg', 'application/jpg', 'pending', NULL, NULL, '2026-03-13 23:41:19.544609'),
  ('8f29196c-9c4d-4872-a358-7bb200b69013', 'c5fd5f70-4fac-4af6-9543-c8c9325b1cf7', 'diploma_scan', '/uploads/942aa71f-f55c-47ff-90a6-29dd6ec4f07e/diploma_scan.jpg', 'diploma_scan.jpg', 'application/jpg', 'accepted', NULL, NULL, '2026-03-14 23:41:19.544609'),
  ('2b121dff-f56a-4287-95cc-f6b0a84b3feb', 'c5fd5f70-4fac-4af6-9543-c8c9325b1cf7', 'application_form', '/uploads/942aa71f-f55c-47ff-90a6-29dd6ec4f07e/application_form.pdf', 'application_form.pdf', 'application/pdf', 'accepted', NULL, NULL, '2026-03-22 23:41:19.544609'),
  ('0c6f7ce6-d206-4bf6-8df7-2b59026c78b0', 'c5fd5f70-4fac-4af6-9543-c8c9325b1cf7', 'enrollment_fee_proof', '/uploads/942aa71f-f55c-47ff-90a6-29dd6ec4f07e/enrollment_fee_proof.jpg', 'enrollment_fee_proof.jpg', 'application/jpg', 'accepted', NULL, NULL, '2026-03-03 23:41:19.544609');

INSERT INTO payment_plans (id, application_id, plan_type) VALUES
  ('62e5f756-9627-41e7-9a33-87c3e389ce48', '58a5d2a5-0b59-4caa-b328-71348971d2bd', 'full'),
  ('4ba145f4-cdf5-42d8-854a-318b3c848813', '43b457f4-875d-468d-b54f-dd8d561d049d', 'installments'),
  ('0603685c-609b-445f-8c2a-ac42bd4b34dc', '7fd10656-c8c1-433d-86c1-6c380614e1f5', 'full'),
  ('4def07e4-76ee-4291-89a6-abb0f72d2d75', 'ed5dc125-2336-44ff-98ca-ae0fc16be61b', 'installments'),
  ('1c65c9df-b1aa-40d6-9740-2872feb8abec', 'ae66746a-17f7-4c01-a49f-7ec893303cd1', 'installments'),
  ('2f4d7244-7981-435f-8cca-5805c55a550c', 'ee17955b-345e-41d3-a0f1-5ac4251e0264', 'installments'),
  ('2e28eb48-4514-4594-8726-1b9b51283fab', '25c1142c-6ea8-49bc-a21c-d17ce2b74c46', 'installments'),
  ('1ffd1da3-a91b-4790-9033-03847e3ea1ef', '91756c26-bf89-4f78-8d80-c9e2fecf81ab', 'full'),
  ('f23df2ed-cec7-45be-8457-e5c0efcc6276', '785b4650-9940-42a6-b861-81d7e58e4b5d', 'full'),
  ('b335d78e-f835-4087-a8df-80efaab589b3', '2f49400b-7be8-4bc2-b5af-be1dc6211920', 'full'),
  ('069fe57c-b347-4d0d-b1be-a5611e55587f', '4fc37961-0c19-4bc7-9df9-41f75db040ff', 'installments'),
  ('46106bcb-d042-460c-bf6e-d0a80b6c64dc', 'c3a36135-5533-4612-aa3f-6365670af0fe', 'installments'),
  ('a5f25cd5-b627-4d9f-9c92-1687b7367c5b', '9713783c-a3e0-471e-82f7-137d501b3cff', 'full'),
  ('d8abf749-dde8-4981-856c-0e1822633b52', '3d70493f-6432-4387-8ed7-736d393b5777', 'installments'),
  ('83f5e70d-cc85-48b6-8129-0fb637846386', '297e7674-1608-497d-9134-ed00486e2b2e', 'installments'),
  ('c645d129-de62-4428-99e1-ff4ba7c1f4b5', '04e39c10-3072-4b59-adc7-e3afe7e24a36', 'installments'),
  ('0d767f3f-4160-4031-9e24-93fc01f4300a', 'a8ca1aae-3764-4894-a803-c3cac6885b51', 'full'),
  ('5140c51b-a969-407e-ba00-0c03274c02c1', '24db4db6-018b-4df2-9b27-4ead144156cb', 'installments'),
  ('cab3937d-4b76-4887-bde9-56e78cce4338', '2fc2cb12-28a8-4e43-869e-5879acb8b2c0', 'installments'),
  ('d07e919f-b243-4585-83bd-db4ec1dd47c1', 'e81b40d0-a436-4015-9473-de381f7ab135', 'installments'),
  ('6ffaaeac-1579-4206-a424-a9cd3d280f21', '9cfb5771-bd87-4d50-9f3b-5214b13c8478', 'installments'),
  ('71fe4993-a92c-4e84-b981-572ad3c9704f', '4b2c7417-2aba-48cd-bd5f-1483bfc32b40', 'full'),
  ('4fdfaa91-145f-4843-abf9-3808544eae5d', '799795c4-096f-4e03-86cc-b81aa964efea', 'full'),
  ('6856b314-a53a-47cd-8f1b-78896ae98a08', '5bed9e4f-72e4-416c-8a14-bfd7e7b472ba', 'installments'),
  ('9e9ca6b1-ec27-486b-9bb8-898404b56b59', '36d7a041-3c0f-4e0b-b7e9-3bdeaa149003', 'full'),
  ('6997f765-667d-480a-9a0c-29c12109f120', '7433aea5-9520-49a5-ae6d-150aeb46db3e', 'full'),
  ('d81e25f9-d15c-4738-aa8e-6051dd3b89cc', '713cff56-668b-42b2-825e-8388f81a6572', 'installments'),
  ('9753b1bd-44e3-48ff-9247-e0f881c3c54d', '0eebadec-00c7-4778-810d-3f89bd8791ef', 'installments'),
  ('b81f7aab-bbbe-45bf-a859-172b628e243a', '7db25391-8669-4e1f-bfd1-6261c53346e3', 'installments'),
  ('cc45b6b2-4def-49d9-bf06-0fe85fadb059', '262015f3-a1d0-48e0-8de7-6b595c704d55', 'full'),
  ('56a83eae-405e-463e-a6f2-287836051987', '1962e1c1-b336-4f8f-8ca6-ce8de487e84a', 'installments'),
  ('36eb28b8-d56e-421c-ba12-36cd4f2e7c26', '476739fd-b6b7-4de0-abeb-36b0d21388ef', 'installments'),
  ('9ff3d662-c606-4d4d-9ac3-58a9b84c1a8c', '66b47d0f-8485-4347-93bb-a21ba0f08057', 'full'),
  ('8dd26a69-55d5-46fd-b53c-a38768713ab2', '36840430-ca01-4e9a-bb53-2c7edd0990c8', 'full'),
  ('7147f013-1473-4b8d-986f-528540692a80', 'b64b9c04-fcdb-438c-b784-2e6a9e634771', 'full'),
  ('cf775e97-daf1-4a06-94b5-7b45c02a13eb', '59f82044-228e-442d-9f8c-938cc2230249', 'installments'),
  ('a31caf2c-dc14-4ca0-a6be-9a5ef362e5fc', 'a4925733-ee77-444d-9b2e-a228d2e1b246', 'full'),
  ('80599bde-9af7-41bb-a75b-63550ea33e4c', 'a23eb998-8970-489c-a2af-0c70d5e35fa7', 'installments'),
  ('62bb2afe-c016-408b-9da9-ce5141d6828b', 'a5b52bd6-43be-44aa-9c36-de19bc8d91d6', 'full'),
  ('881f3084-75bc-49b3-b241-ba83ee2f2eb8', '0060bb2f-797b-46b2-9f62-c28a06150a2e', 'installments'),
  ('40411f35-6666-4ff8-add4-c8e98b27dda1', '27092075-ebbd-474f-b4af-34a878c6e990', 'full'),
  ('694d2cf5-7025-4d70-bb9e-9da0229d44e2', '72d45581-5ca1-488f-8618-57229f33799e', 'installments'),
  ('fbd76520-b1d5-41a9-9da5-2c969a1ac15f', 'e59340ba-c157-475b-9486-206b5df11277', 'full'),
  ('57b36ac3-ce65-40cf-bacd-1cf0781ac5a2', 'acdb0fe8-c4e9-474b-9c93-dfa89d14a4b8', 'full'),
  ('a24852d8-bbb3-4b49-acf1-d5b746d9b12a', '9506fe5c-03df-469c-be14-c7941581ac60', 'installments'),
  ('33119f60-8b4d-41ea-905a-818bff05d96f', 'ae8ffd05-1def-4466-8b61-676abf3cf561', 'full'),
  ('7994502a-3f30-4560-968d-57a3d4cf467e', '8a35bd08-ccc3-4a35-9adb-66f2b3897376', 'full'),
  ('cf593b2e-a853-428a-a9e8-7692641d3b11', '01016b74-b46d-4394-893c-a42b3d27a891', 'full'),
  ('b1cf406e-ed66-46ba-9d78-322c6accad50', '97797d51-010d-4a89-80ce-2f8ec453924e', 'installments'),
  ('742b92cc-1d3d-4533-acc5-79742c517c91', 'c8a4260d-0ad8-4bd7-8e44-a4d63d4d7b0c', 'full'),
  ('e3e56c49-5496-4a37-9e39-4d7672cb1885', '784a7376-ed5a-4eea-a477-601d3cf4e447', 'installments'),
  ('43166850-4431-49a7-9c80-ab4c12a86620', '39cccae3-dcb4-4147-92db-37254230057b', 'installments'),
  ('b542f6c2-038b-4c6f-a48c-625d2461c069', '32931c1a-ef51-44c1-8c8c-75e5d8faa05a', 'full'),
  ('96349588-31ad-4fc5-b0c2-61f4988f3215', '6c00ba61-5e70-425e-bb23-889d10b01b6b', 'installments'),
  ('a1a00e41-2ab3-4f83-a391-06282f4f8f3e', '8932d373-e9c8-4024-9f76-ef995d0c24e4', 'full'),
  ('c7d8d085-0078-45a0-9227-3cd4f27312cf', 'f54c5de6-2607-4cf1-89d3-8bbaf06109a6', 'full'),
  ('702b1117-b2ae-4897-82bc-8cab8d7e848e', 'ca13498d-d607-4003-8381-8a1ec5aa4860', 'full'),
  ('f590a7b2-58d3-4cf0-a6c2-aaf0a38d2113', 'd3902a4d-aabc-41f6-bec7-80568de4aa9a', 'full'),
  ('3507549c-8a81-4f71-8655-48d1629f52de', 'b6583813-b725-4273-ae17-9db991657dc4', 'installments'),
  ('49f6b584-7d70-4a67-b6df-ccae182366c6', 'aab7eab5-3204-4df7-a4d3-6a99f0f1b8e9', 'installments'),
  ('4265bd67-a033-479b-87ea-45ec683fc58d', '8b007d74-bc6a-40a4-81e7-a6a6b406b684', 'installments'),
  ('8552a632-cb22-4780-a42c-e74ddb478d37', '7238ab12-8db4-4898-95a0-6b285d53b64a', 'installments'),
  ('1478d39a-5f10-4849-9249-0d7ca1a54329', '4175cb3c-6337-4771-b010-b69fd38c9c51', 'full'),
  ('594e6b76-cdeb-43f7-96b8-9d9a27957b45', '09ba1f16-be3a-4162-a309-16caaac7f878', 'installments'),
  ('a578697d-be88-41a1-9111-02046355aa09', '7000e815-bcfc-455c-8a5b-6077c5154a67', 'installments'),
  ('3cf5983f-5294-4aa5-9662-d5da01f3c396', '87798a80-5a38-4b38-885e-f907f48660fc', 'installments'),
  ('046c6a3f-4eeb-434b-8639-cb19cfdf822c', '593852cc-5034-40be-b9f3-f99478c18039', 'full'),
  ('a5970106-e99e-4e9c-8be3-7b514bc58c06', '12727a40-4720-4349-8b08-2c9de8a6ea29', 'full'),
  ('81dd3248-864b-4c49-bc11-179b3afd023f', '5271df8e-d9b3-4e3e-b8aa-94421b3483b5', 'installments'),
  ('71f920e7-eedd-4abd-92be-8717824dee30', '7ed70a13-2dea-401f-9380-c3e9de506bf4', 'installments'),
  ('f36cfff5-53fc-4d61-bc87-b936ae5222bb', '2046364b-5e1c-4d83-a576-487197417d20', 'full'),
  ('198564a9-8c1a-483c-a03a-4e55dade849a', '51e03fd6-6943-4434-a270-66c42314dc24', 'installments'),
  ('b92f6122-0a23-46a5-9dfe-56c9926de0e2', '10191075-d285-4c97-8b37-df772cd274b6', 'installments'),
  ('efc2b920-c3df-4a00-8831-a81336f1b6e5', 'fe5e919b-6ca7-479e-aa0c-0d1df4d3c19d', 'installments'),
  ('2b6fd908-3d87-44f9-82f3-8c5224134de7', '89161e66-75d9-4306-a3a6-f9b8e6f944af', 'full'),
  ('77cebada-e98d-4937-b4e1-13e9383e25ea', 'a9c79497-8d51-4ff2-9592-1d7725801f2e', 'full'),
  ('298598f2-7072-4019-bd59-783db4102976', '1227db70-2651-4d15-bb76-a9ef712008ad', 'full'),
  ('6cfe5afa-2f3f-487d-bf5c-64d3fd4722eb', 'bfba04cd-1f45-425a-8e59-2d3a26c6d59a', 'installments'),
  ('12c28c1c-3178-4cc9-8c9f-ccb93dfb0ed2', '812e108c-a7be-4200-8887-e72abfa842af', 'full'),
  ('81219c6f-0957-48d7-bb07-c8fea0df003c', 'a3bb2bbc-54a7-46ca-a7e5-6d6821001186', 'full'),
  ('8faefdd1-e40b-4e55-9b73-bd2f3a9dd675', '2a6807ef-6139-433e-b24e-25f42ba8e28a', 'full'),
  ('48f3aef0-2326-41bf-adbe-d600ba0ae7fd', '9396c972-8c17-4ca3-aefd-1135de638f08', 'installments'),
  ('7e1969d8-b7bc-4cd4-acab-c8112082fa33', '4d39679e-3ddf-44e9-9cfd-c7f1d5bd2c37', 'installments'),
  ('fd23b375-020c-4ec5-b927-aa01129d90ed', '1c440b46-de4b-48e3-821c-fce4fb3ab94b', 'installments'),
  ('cbcb3497-64ae-4a07-9e3e-5b19fe6682c1', '54793df0-3e84-4f0d-bda7-409f0d9d0b50', 'full'),
  ('0f43a44f-1d69-499f-a864-8f67e1fb06f6', '963f4e58-d55d-4672-8538-657b3a04bb52', 'full'),
  ('ce9360da-8426-42cd-ab32-7cf65d50bd35', 'a165c338-c7b1-4a26-adbf-e5893a7d4efc', 'full'),
  ('e668b1a5-4485-4bce-aed0-b4695eb35e29', '8f26d52c-5dc1-4ae0-b5ae-586399a6d04f', 'installments'),
  ('415c99bf-1917-49b3-a09b-af9499d0252f', '9441580d-4dcf-4403-ba09-061d67102ef3', 'installments'),
  ('26d23705-0248-4f46-92f8-84579f8426dd', 'a8368903-1ce2-4f36-b8fd-10be726cf938', 'installments'),
  ('2202f8da-96ee-4201-8920-575f444734f8', 'ddec7e27-f99d-4316-abbf-191c3ed10aa1', 'installments'),
  ('59af4985-b3b1-4c42-9da5-6ff720b61439', 'ead426ae-8eaf-4c66-82b8-3d93640071b9', 'full'),
  ('6c0c45f3-2c08-42dd-88ed-2bc22c59bdf5', '86db686b-911c-4711-a48e-d7f4ad370afe', 'installments'),
  ('acfc904b-2a32-4976-ad66-07d206700eb3', '7c57d116-81b1-4d96-8e29-5d65775cc5b1', 'installments'),
  ('8c2ddeca-cea4-4b8e-b530-4e3467ed0169', '8d035b3d-eea9-4584-8be5-32b8261f0163', 'full'),
  ('d34d33e3-a22a-4fa2-9fd0-0de6942ff65c', '4f29f77f-954f-4d50-b737-21f5c635a927', 'installments'),
  ('a2aa5be9-bfb5-4c45-a6a9-8d1d14356ffc', '0f8ca331-7a1d-4fd4-bd71-fac8321a408e', 'installments'),
  ('eb6403aa-0235-4bc9-ae4d-b38ff3afefce', 'e680e9e5-1603-4bf4-b9b4-cfa8f41ed539', 'full'),
  ('42aeac96-3bf3-453f-8d66-4af9daf7fb91', 'd13c08e9-70a8-4efd-a74a-4743f46b8964', 'full'),
  ('640b31e9-8b25-42d3-a472-b5324802bb75', 'f5fa4aa8-b7b9-4fda-913c-2df7ffb0a655', 'installments'),
  ('da620849-7b89-4781-be77-4ed1dc8d97c8', 'a5b1c081-0a24-4463-880e-bad441f7c49b', 'full'),
  ('7facfde8-476f-417b-a316-86ebfc0d1a98', '5dda9906-654d-4e30-a6eb-ad570e5276a4', 'installments'),
  ('650d980c-e888-4bc3-8cc3-8406a98ac018', 'd385549a-621b-421d-bdea-d16bd800b77f', 'installments'),
  ('419df2b3-07dd-4fa5-8eb2-c6f5ab057fc4', '139b5eac-3a70-40b1-98e2-11d782894f8e', 'installments'),
  ('e4aff030-3854-43d6-b9d6-e33f8938ddb9', '0a6f6e10-002f-4da7-9951-139dc98217ba', 'full'),
  ('994ea1d7-588f-45e6-9ab0-59043342ba22', 'c2d0c256-0922-4630-8b31-3cc5dba580d4', 'full'),
  ('8638a536-7d7d-4168-a3bd-e730cee48f59', '53a6ce64-1013-4965-85c5-d6994c24e143', 'installments'),
  ('f59145c5-d60a-49a0-af97-a1727b690552', '594f389b-19d0-4508-b214-3c39fb871e4e', 'full'),
  ('4710ff96-b835-409a-8173-dc812642afea', 'b49e4b92-f19e-40a8-a3ed-b81d6e8617f5', 'installments'),
  ('6f0221e1-ed3c-4dc0-95bc-6347a8b88a8b', 'f6651dda-04ea-47a6-ab8e-c4a388dac159', 'installments'),
  ('0387abf6-0c25-49b2-a259-54b4eed6acb0', 'b9cc6146-f1cc-4335-ad37-85668a45119a', 'full'),
  ('2053983e-d849-40fc-8b18-fcd32d657394', '8eed7cf2-74c4-4223-8cbe-9798267ab35b', 'installments'),
  ('01f31931-5c35-4c06-ab32-73db80017986', '83718f57-9e76-493b-956d-e79a5d7b2df3', 'full'),
  ('b66923ee-5c41-4a75-b000-f4addc8cce40', 'c60727db-dcca-42ec-a418-578c67a6c15b', 'full'),
  ('e7467c2f-4ead-4754-8ac2-a7f3db0fecd0', 'b02f761d-a377-4f25-9e02-a3f5b10a3382', 'installments'),
  ('f59e4072-bd67-48cc-bba6-64f538dc404e', '49659da3-fef2-4802-9f9c-1179dd77f85a', 'installments'),
  ('709c13e1-673f-49ed-a407-370128c5c7cb', 'd1f9c2c9-9d10-4252-9e5e-b3341f680a65', 'full'),
  ('85e0df81-0b0e-444c-ac20-4d204e197ac9', 'e2575845-a90e-46fe-9377-c91ad727edeb', 'installments'),
  ('4c87746c-c47f-4017-b419-cc7a9c22d310', '68c4cdc4-4088-494e-99f9-337a441724a2', 'installments'),
  ('b61ae667-f9a8-4337-87c7-f9ed8c8fe6cb', '68e87eec-1e61-4d59-84dc-4042f4e52716', 'full'),
  ('e03c603a-04b9-4206-97ec-775f25adba90', 'c5fd5f70-4fac-4af6-9543-c8c9325b1cf7', 'installments');

INSERT INTO payment_installments (id, plan_id, type, installment_no, amount, due_date, status) VALUES
  ('34f8c2a5-81f2-4e2a-a915-be1d47ff3ec3', '62e5f756-9627-41e7-9a33-87c3e389ce48', 'enrollment_fee', NULL, 100.0, '2026-03-12', 'paid'),
  ('4afa3af9-180d-4f10-b90d-e00a8e0c03f5', '62e5f756-9627-41e7-9a33-87c3e389ce48', 'full_payment', NULL, 5000, '2026-04-25', 'pending'),
  ('9161e177-008a-43dc-82ec-4adc63983bbb', '4ba145f4-cdf5-42d8-854a-318b3c848813', 'enrollment_fee', NULL, 100.0, '2026-03-12', 'pending'),
  ('08ba3dba-eb41-4aa8-ad51-56c621d3bd65', '0603685c-609b-445f-8c2a-ac42bd4b34dc', 'enrollment_fee', NULL, 100.0, '2026-03-12', 'pending'),
  ('5b2899e5-bd8f-44b8-8353-986d55de2343', '4def07e4-76ee-4291-89a6-abb0f72d2d75', 'enrollment_fee', NULL, 100.0, '2026-03-12', 'paid'),
  ('1e30938c-92a4-4683-9293-7d6e0ccb389f', '4def07e4-76ee-4291-89a6-abb0f72d2d75', 'installment', 1, 2000.0, '2026-05-11', 'paid'),
  ('de062043-b987-46b7-ae2e-2e99c74adcb1', '4def07e4-76ee-4291-89a6-abb0f72d2d75', 'installment', 2, 2000.0, '2026-06-10', 'pending'),
  ('ee110f88-6bbc-4896-a626-0d06b03c3c80', '4def07e4-76ee-4291-89a6-abb0f72d2d75', 'installment', 3, 2000.0, '2026-07-10', 'pending'),
  ('85809982-fe4e-4de4-942f-55609fcfb720', '1c65c9df-b1aa-40d6-9740-2872feb8abec', 'enrollment_fee', NULL, 100.0, '2026-03-12', 'paid'),
  ('6129d989-fbc8-45d7-9eb5-1c49eff24092', '1c65c9df-b1aa-40d6-9740-2872feb8abec', 'installment', 1, 2500.0, '2026-05-11', 'paid'),
  ('e182fa07-e442-4a90-b248-05e6eb68cc9e', '1c65c9df-b1aa-40d6-9740-2872feb8abec', 'installment', 2, 2500.0, '2026-06-10', 'pending'),
  ('80ef6b6b-864d-49b4-96f0-9612e2f35de8', '2f4d7244-7981-435f-8cca-5805c55a550c', 'enrollment_fee', NULL, 100.0, '2026-03-12', 'pending'),
  ('80613227-d6ef-474b-b003-3e51ed986a6f', '2e28eb48-4514-4594-8726-1b9b51283fab', 'enrollment_fee', NULL, 100.0, '2026-03-12', 'paid'),
  ('6417bfc2-3e04-483a-882a-e0a2a7c8e463', '2e28eb48-4514-4594-8726-1b9b51283fab', 'installment', 1, 1666.67, '2026-05-11', 'paid'),
  ('8b7f43f8-faed-4908-9730-152b8367ebef', '2e28eb48-4514-4594-8726-1b9b51283fab', 'installment', 2, 1666.67, '2026-06-10', 'pending'),
  ('43a3890e-c762-42eb-b37f-166bb96e7139', '2e28eb48-4514-4594-8726-1b9b51283fab', 'installment', 3, 1666.67, '2026-07-10', 'pending'),
  ('3c8bd78e-87bd-4d0b-a376-ba549eddf57a', '1ffd1da3-a91b-4790-9033-03847e3ea1ef', 'enrollment_fee', NULL, 100.0, '2026-03-12', 'paid'),
  ('68e7d733-21f6-421a-9cd3-535545eccb80', '1ffd1da3-a91b-4790-9033-03847e3ea1ef', 'full_payment', NULL, 7000, '2026-04-25', 'paid'),
  ('ddad501d-1ff0-4c3d-a5e1-0ba44231cc4d', 'f23df2ed-cec7-45be-8457-e5c0efcc6276', 'enrollment_fee', NULL, 100.0, '2026-03-12', 'pending'),
  ('f48fdb30-bb43-4cde-a4db-d3bd0cd97408', 'b335d78e-f835-4087-a8df-80efaab589b3', 'enrollment_fee', NULL, 100.0, '2026-03-12', 'pending'),
  ('ac462a0c-f3d5-42db-8d58-0c777e84d0f8', '069fe57c-b347-4d0d-b1be-a5611e55587f', 'enrollment_fee', NULL, 100.0, '2026-03-12', 'paid'),
  ('aac0061b-f58d-4349-b8f8-9ce8a1cc8ab7', '069fe57c-b347-4d0d-b1be-a5611e55587f', 'installment', 1, 3000.0, '2026-05-11', 'pending'),
  ('3ee7d9e2-2baf-4b04-a89a-252ec11b0c66', '069fe57c-b347-4d0d-b1be-a5611e55587f', 'installment', 2, 3000.0, '2026-06-10', 'pending'),
  ('c505f4e9-6ef2-4a82-827e-76c70c712521', '46106bcb-d042-460c-bf6e-d0a80b6c64dc', 'enrollment_fee', NULL, 100.0, '2026-03-12', 'paid'),
  ('10e60c2e-09c5-4dee-bb06-a799b779fafa', '46106bcb-d042-460c-bf6e-d0a80b6c64dc', 'installment', 1, 2000.0, '2026-05-11', 'paid'),
  ('85b818be-ee25-443f-85ea-ea8878edea28', '46106bcb-d042-460c-bf6e-d0a80b6c64dc', 'installment', 2, 2000.0, '2026-06-10', 'pending'),
  ('dc65cb0a-b068-4a91-a560-2a76888e48ab', '46106bcb-d042-460c-bf6e-d0a80b6c64dc', 'installment', 3, 2000.0, '2026-07-10', 'pending'),
  ('7875e794-13c8-4673-98c0-3f981fce50d8', 'a5f25cd5-b627-4d9f-9c92-1687b7367c5b', 'enrollment_fee', NULL, 100.0, '2026-03-12', 'paid'),
  ('f6e3e899-0e38-46a8-bb30-055b383eaf2e', 'a5f25cd5-b627-4d9f-9c92-1687b7367c5b', 'full_payment', NULL, 6000, '2026-04-25', 'pending'),
  ('724a118d-5063-4e3d-96aa-986c881cd1f5', 'd8abf749-dde8-4981-856c-0e1822633b52', 'enrollment_fee', NULL, 100.0, '2026-03-12', 'paid'),
  ('ce9350e6-70e6-4848-84ea-d0bade82bec4', 'd8abf749-dde8-4981-856c-0e1822633b52', 'installment', 1, 1666.67, '2026-05-11', 'paid'),
  ('85db73ed-af4d-497d-ad33-6e5d369c12c5', 'd8abf749-dde8-4981-856c-0e1822633b52', 'installment', 2, 1666.67, '2026-06-10', 'pending'),
  ('d9d83f04-3bdd-4d04-827f-330884d69c51', 'd8abf749-dde8-4981-856c-0e1822633b52', 'installment', 3, 1666.67, '2026-07-10', 'pending'),
  ('ef22b020-5fea-45c2-a639-2317e53d7417', '83f5e70d-cc85-48b6-8129-0fb637846386', 'enrollment_fee', NULL, 100.0, '2026-03-12', 'paid'),
  ('52ac1e07-1262-4021-ad2f-cc4c169a7650', 'c645d129-de62-4428-99e1-ff4ba7c1f4b5', 'enrollment_fee', NULL, 100.0, '2026-03-12', 'paid'),
  ('fd61af69-b815-48f1-a089-31abd64c64fd', '0d767f3f-4160-4031-9e24-93fc01f4300a', 'enrollment_fee', NULL, 100.0, '2026-03-12', 'paid'),
  ('fd0e562c-dcf5-4b74-adf8-008e923f560c', '0d767f3f-4160-4031-9e24-93fc01f4300a', 'full_payment', NULL, 5000, '2026-04-25', 'paid'),
  ('32e970d4-0f5e-4ccb-aab8-6d9418c60279', '5140c51b-a969-407e-ba00-0c03274c02c1', 'enrollment_fee', NULL, 100.0, '2026-03-12', 'paid'),
  ('bf9ca945-457f-4ed5-ba70-927a48f0fa6f', '5140c51b-a969-407e-ba00-0c03274c02c1', 'installment', 1, 1666.67, '2026-05-11', 'paid'),
  ('5d6dbbfb-10a5-49dc-95de-9e83f52e7c8c', '5140c51b-a969-407e-ba00-0c03274c02c1', 'installment', 2, 1666.67, '2026-06-10', 'pending'),
  ('10394410-f314-49a9-953e-e4ec037a3540', '5140c51b-a969-407e-ba00-0c03274c02c1', 'installment', 3, 1666.67, '2026-07-10', 'pending'),
  ('2173a4cf-f877-4d53-a442-2494417a119c', 'cab3937d-4b76-4887-bde9-56e78cce4338', 'enrollment_fee', NULL, 100.0, '2026-03-12', 'paid'),
  ('8fc0683d-e6d5-433d-ac05-2aa42b0e8a5f', 'cab3937d-4b76-4887-bde9-56e78cce4338', 'installment', 1, 1666.67, '2026-05-11', 'pending'),
  ('b1dd01e7-d992-4e15-8716-d698f72fd19d', 'cab3937d-4b76-4887-bde9-56e78cce4338', 'installment', 2, 1666.67, '2026-06-10', 'pending'),
  ('4e7fba58-b57b-4e0c-9df9-8868b081d3ff', 'cab3937d-4b76-4887-bde9-56e78cce4338', 'installment', 3, 1666.67, '2026-07-10', 'pending'),
  ('379f8ada-01ed-4a4f-9894-d165e2c9345c', 'd07e919f-b243-4585-83bd-db4ec1dd47c1', 'enrollment_fee', NULL, 100.0, '2026-03-12', 'paid'),
  ('647097de-2cec-4910-91f3-62254e413195', 'd07e919f-b243-4585-83bd-db4ec1dd47c1', 'installment', 1, 3000.0, '2026-05-11', 'paid'),
  ('dcbb9017-597e-41dc-8a3b-6241c92c5a17', 'd07e919f-b243-4585-83bd-db4ec1dd47c1', 'installment', 2, 3000.0, '2026-06-10', 'pending'),
  ('718498c8-dd3b-45ab-bbb2-1ad629bd745d', '6ffaaeac-1579-4206-a424-a9cd3d280f21', 'enrollment_fee', NULL, 100.0, '2026-03-12', 'paid'),
  ('b9148b23-ae7b-4a2b-99be-deab0a3ea015', '71fe4993-a92c-4e84-b981-572ad3c9704f', 'enrollment_fee', NULL, 100.0, '2026-03-12', 'paid'),
  ('54dd3379-3d2b-41e1-9bec-f4675b0853cd', '71fe4993-a92c-4e84-b981-572ad3c9704f', 'full_payment', NULL, 7000, '2026-04-25', 'paid'),
  ('153985a3-5a73-48d1-ad3d-264e5e858de2', '4fdfaa91-145f-4843-abf9-3808544eae5d', 'enrollment_fee', NULL, 100.0, '2026-03-12', 'pending'),
  ('a48c7b54-969e-40d9-a4a7-ccf344e32da2', '6856b314-a53a-47cd-8f1b-78896ae98a08', 'enrollment_fee', NULL, 100.0, '2026-03-12', 'pending'),
  ('3a758e01-ca2e-4f06-bb04-9c106c6fa703', '9e9ca6b1-ec27-486b-9bb8-898404b56b59', 'enrollment_fee', NULL, 100.0, '2026-03-12', 'pending'),
  ('d0ca081a-24e4-44c3-a6c3-fa8f13024246', '6997f765-667d-480a-9a0c-29c12109f120', 'enrollment_fee', NULL, 100.0, '2026-03-12', 'paid'),
  ('89023063-db6a-4a1f-b77f-70e475eb244c', '6997f765-667d-480a-9a0c-29c12109f120', 'full_payment', NULL, 5000, '2026-04-25', 'pending'),
  ('87854ed7-bf74-4340-aa3b-a108c3f88dee', 'd81e25f9-d15c-4738-aa8e-6051dd3b89cc', 'enrollment_fee', NULL, 100.0, '2026-03-12', 'paid'),
  ('99e1e578-219b-42da-a578-3f7fbdbd3a13', 'd81e25f9-d15c-4738-aa8e-6051dd3b89cc', 'installment', 1, 2000.0, '2026-05-11', 'pending'),
  ('fdbda3f3-28f8-47ab-9c20-419f64766a2d', 'd81e25f9-d15c-4738-aa8e-6051dd3b89cc', 'installment', 2, 2000.0, '2026-06-10', 'pending'),
  ('da93eddb-bece-43e7-b71e-aaa0f0ccba64', 'd81e25f9-d15c-4738-aa8e-6051dd3b89cc', 'installment', 3, 2000.0, '2026-07-10', 'pending'),
  ('7ec9ee45-5066-41db-b9bf-d89d8731b2f4', '9753b1bd-44e3-48ff-9247-e0f881c3c54d', 'enrollment_fee', NULL, 100.0, '2026-03-12', 'paid'),
  ('1fb270f3-ac18-47b5-a4a3-96c984e99a80', '9753b1bd-44e3-48ff-9247-e0f881c3c54d', 'installment', 1, 3500.0, '2026-05-11', 'paid'),
  ('75f387a8-f37f-4294-a759-77b956d46306', '9753b1bd-44e3-48ff-9247-e0f881c3c54d', 'installment', 2, 3500.0, '2026-06-10', 'pending'),
  ('29c9d713-bb28-4a7e-8505-6977f95af6f7', 'b81f7aab-bbbe-45bf-a859-172b628e243a', 'enrollment_fee', NULL, 100.0, '2026-03-12', 'paid'),
  ('902d5992-c60a-4399-b0bd-ec3c88e1b7a3', 'cc45b6b2-4def-49d9-bf06-0fe85fadb059', 'enrollment_fee', NULL, 100.0, '2026-03-12', 'paid'),
  ('b9396592-d471-47cb-98f7-704691d91bc4', 'cc45b6b2-4def-49d9-bf06-0fe85fadb059', 'full_payment', NULL, 6000, '2026-04-25', 'pending'),
  ('a4e56c74-ad01-45fd-9b3b-40144a51ae9b', '56a83eae-405e-463e-a6f2-287836051987', 'enrollment_fee', NULL, 100.0, '2026-03-12', 'paid'),
  ('5e1eab7d-c4fe-44d0-93fc-1a522421629b', '36eb28b8-d56e-421c-ba12-36cd4f2e7c26', 'enrollment_fee', NULL, 100.0, '2026-03-12', 'paid'),
  ('87c1252d-e7e5-45ac-86af-10d7354315cf', '36eb28b8-d56e-421c-ba12-36cd4f2e7c26', 'installment', 1, 1750.0, '2026-05-11', 'pending'),
  ('85aece71-e60c-4baf-a128-9923001686be', '36eb28b8-d56e-421c-ba12-36cd4f2e7c26', 'installment', 2, 1750.0, '2026-06-10', 'pending'),
  ('48fb44ef-f2eb-4558-82b6-7841a462db02', '36eb28b8-d56e-421c-ba12-36cd4f2e7c26', 'installment', 3, 1750.0, '2026-07-10', 'pending'),
  ('bda8ad04-ad0d-4dbf-952c-ea92df4d0f69', '36eb28b8-d56e-421c-ba12-36cd4f2e7c26', 'installment', 4, 1750.0, '2026-08-09', 'pending'),
  ('5b40275d-b82d-455c-99b1-e4c8ce5037a5', '9ff3d662-c606-4d4d-9ac3-58a9b84c1a8c', 'enrollment_fee', NULL, 100.0, '2026-03-12', 'paid'),
  ('12cc908e-7a0a-4691-8a15-d1240c860238', '9ff3d662-c606-4d4d-9ac3-58a9b84c1a8c', 'full_payment', NULL, 7000, '2026-04-25', 'pending'),
  ('0840a60f-a6b1-4c13-9b27-2737dfd76fe7', '8dd26a69-55d5-46fd-b53c-a38768713ab2', 'enrollment_fee', NULL, 100.0, '2026-03-12', 'paid'),
  ('5da01f83-129f-4811-ad61-ee33fcc59e72', '8dd26a69-55d5-46fd-b53c-a38768713ab2', 'full_payment', NULL, 7000, '2026-04-25', 'pending'),
  ('f7d5306e-d922-48fc-a34c-e4f6694c0c56', '7147f013-1473-4b8d-986f-528540692a80', 'enrollment_fee', NULL, 100.0, '2026-03-12', 'paid'),
  ('138276d0-485d-44fb-a69b-36f13c31f582', 'cf775e97-daf1-4a06-94b5-7b45c02a13eb', 'enrollment_fee', NULL, 100.0, '2026-03-12', 'paid'),
  ('b239aaf6-789a-4355-aedb-57e4a7c17f9f', 'cf775e97-daf1-4a06-94b5-7b45c02a13eb', 'installment', 1, 3000.0, '2026-05-11', 'paid'),
  ('0b146724-1e62-4ed3-b092-64b27ffe7561', 'cf775e97-daf1-4a06-94b5-7b45c02a13eb', 'installment', 2, 3000.0, '2026-06-10', 'pending'),
  ('8f2f9b90-153a-4b73-b59b-ded86624a657', 'a31caf2c-dc14-4ca0-a6be-9a5ef362e5fc', 'enrollment_fee', NULL, 100.0, '2026-03-12', 'paid'),
  ('1e8abbd4-8a82-4d6b-b362-9e2673d320b8', '80599bde-9af7-41bb-a75b-63550ea33e4c', 'enrollment_fee', NULL, 100.0, '2026-03-12', 'paid'),
  ('deacdf5b-f03e-4d1f-8198-a9a6a57f77d7', '80599bde-9af7-41bb-a75b-63550ea33e4c', 'installment', 1, 2000.0, '2026-05-11', 'pending'),
  ('f247f726-3218-4eda-962c-585d4d5cf7ee', '80599bde-9af7-41bb-a75b-63550ea33e4c', 'installment', 2, 2000.0, '2026-06-10', 'pending'),
  ('2ecf7a53-4e84-4c9e-a905-a9fb7e4c7790', '80599bde-9af7-41bb-a75b-63550ea33e4c', 'installment', 3, 2000.0, '2026-07-10', 'pending'),
  ('5f61de8e-dd66-4c48-a487-23b17e6a4032', '62bb2afe-c016-408b-9da9-ce5141d6828b', 'enrollment_fee', NULL, 100.0, '2026-03-12', 'paid'),
  ('c9b37626-a70d-47e9-a38c-21bc28fa1d6c', '62bb2afe-c016-408b-9da9-ce5141d6828b', 'full_payment', NULL, 5000, '2026-04-25', 'pending'),
  ('deee3f4f-57c3-4244-b8e7-bd0ff25b4f5c', '881f3084-75bc-49b3-b241-ba83ee2f2eb8', 'enrollment_fee', NULL, 100.0, '2026-03-12', 'paid'),
  ('e12a0c44-fb72-45a1-9554-072bd092f6fa', '881f3084-75bc-49b3-b241-ba83ee2f2eb8', 'installment', 1, 2000.0, '2026-05-11', 'pending'),
  ('c8999ff3-88c6-42a9-b16c-8eb1cd8afc9e', '881f3084-75bc-49b3-b241-ba83ee2f2eb8', 'installment', 2, 2000.0, '2026-06-10', 'pending'),
  ('a9f47fa3-3941-4535-949a-d696961fd46f', '881f3084-75bc-49b3-b241-ba83ee2f2eb8', 'installment', 3, 2000.0, '2026-07-10', 'pending'),
  ('5ba863b7-5fba-458c-8216-7a10cfbfa376', '40411f35-6666-4ff8-add4-c8e98b27dda1', 'enrollment_fee', NULL, 100.0, '2026-03-12', 'paid'),
  ('ee4ff4b6-25f1-42af-949f-1745938152d7', '694d2cf5-7025-4d70-bb9e-9da0229d44e2', 'enrollment_fee', NULL, 100.0, '2026-03-12', 'paid'),
  ('64565b15-8e72-4698-8515-dbd592cfbc0b', '694d2cf5-7025-4d70-bb9e-9da0229d44e2', 'installment', 1, 3500.0, '2026-05-11', 'paid'),
  ('043a604b-511f-422d-8524-ae6d9a29d56b', '694d2cf5-7025-4d70-bb9e-9da0229d44e2', 'installment', 2, 3500.0, '2026-06-10', 'pending'),
  ('efb4195f-f622-48b6-aa5a-eba6ed4746ea', 'fbd76520-b1d5-41a9-9da5-2c969a1ac15f', 'enrollment_fee', NULL, 100.0, '2026-03-12', 'paid'),
  ('12b7868b-548d-4a04-a067-00a5e340f58c', '57b36ac3-ce65-40cf-bacd-1cf0781ac5a2', 'enrollment_fee', NULL, 100.0, '2026-03-12', 'paid'),
  ('f2886de6-d7cb-4369-9c2b-2d8c2a64362a', '57b36ac3-ce65-40cf-bacd-1cf0781ac5a2', 'full_payment', NULL, 6000, '2026-04-25', 'paid'),
  ('00f905e2-f080-4042-99f1-3308f5c3dee4', 'a24852d8-bbb3-4b49-acf1-d5b746d9b12a', 'enrollment_fee', NULL, 100.0, '2026-03-12', 'paid'),
  ('f62c67c8-6bab-41f7-b61f-895a9963fb2a', 'a24852d8-bbb3-4b49-acf1-d5b746d9b12a', 'installment', 1, 2500.0, '2026-05-11', 'paid'),
  ('3026c3cf-6cf1-47a0-a413-54bf014af710', 'a24852d8-bbb3-4b49-acf1-d5b746d9b12a', 'installment', 2, 2500.0, '2026-06-10', 'pending'),
  ('59b223d0-fed0-4703-a489-fa68d4503d62', '33119f60-8b4d-41ea-905a-818bff05d96f', 'enrollment_fee', NULL, 100.0, '2026-03-12', 'paid'),
  ('f19a2d29-1a55-4c1f-9388-e2b0290cdfd4', '7994502a-3f30-4560-968d-57a3d4cf467e', 'enrollment_fee', NULL, 100.0, '2026-03-12', 'paid'),
  ('105a8c82-98c7-4a43-ac99-01207335a99d', 'cf593b2e-a853-428a-a9e8-7692641d3b11', 'enrollment_fee', NULL, 100.0, '2026-03-12', 'paid'),
  ('9edf4eae-0cd8-4011-9a00-6993b34e44ec', 'cf593b2e-a853-428a-a9e8-7692641d3b11', 'full_payment', NULL, 6000, '2026-04-25', 'paid'),
  ('e1414f43-038a-416e-ba87-e92af1eac04a', 'b1cf406e-ed66-46ba-9d78-322c6accad50', 'enrollment_fee', NULL, 100.0, '2026-03-12', 'paid'),
  ('8ff3f839-346d-4d86-a78d-e38d44f39eb6', 'b1cf406e-ed66-46ba-9d78-322c6accad50', 'installment', 1, 2000.0, '2026-05-11', 'paid'),
  ('c3997904-4d61-4390-8920-ebb145245642', 'b1cf406e-ed66-46ba-9d78-322c6accad50', 'installment', 2, 2000.0, '2026-06-10', 'pending'),
  ('7674111d-4310-44af-a54f-a8f2ebd1b4ab', 'b1cf406e-ed66-46ba-9d78-322c6accad50', 'installment', 3, 2000.0, '2026-07-10', 'pending'),
  ('ed320acc-27ad-44c4-8775-622f5c324936', '742b92cc-1d3d-4533-acc5-79742c517c91', 'enrollment_fee', NULL, 100.0, '2026-03-12', 'pending'),
  ('6bc5fd31-4942-4c1d-ab11-e57bdb30def9', 'e3e56c49-5496-4a37-9e39-4d7672cb1885', 'enrollment_fee', NULL, 100.0, '2026-03-12', 'paid'),
  ('31f0ab39-624c-471f-9456-6d79f74d6859', 'e3e56c49-5496-4a37-9e39-4d7672cb1885', 'installment', 1, 2500.0, '2026-05-11', 'paid'),
  ('ca19f334-4c25-4f72-b1f9-cabc1953ca9a', 'e3e56c49-5496-4a37-9e39-4d7672cb1885', 'installment', 2, 2500.0, '2026-06-10', 'pending'),
  ('f9ffc483-515a-40a0-9ad2-7dc1920ef45d', '43166850-4431-49a7-9c80-ab4c12a86620', 'enrollment_fee', NULL, 100.0, '2026-03-12', 'paid'),
  ('aa7ccf9d-a7e4-4e21-8600-34a538dff6c9', '43166850-4431-49a7-9c80-ab4c12a86620', 'installment', 1, 2500.0, '2026-05-11', 'paid'),
  ('4248e247-b8e6-418c-a705-f1db2ac6c2c4', '43166850-4431-49a7-9c80-ab4c12a86620', 'installment', 2, 2500.0, '2026-06-10', 'pending'),
  ('bf51db19-627b-4069-a6b6-b08881039e5c', 'b542f6c2-038b-4c6f-a48c-625d2461c069', 'enrollment_fee', NULL, 100.0, '2026-03-12', 'pending'),
  ('58cdf685-f270-4b9c-89e7-e1aea23e9864', '96349588-31ad-4fc5-b0c2-61f4988f3215', 'enrollment_fee', NULL, 100.0, '2026-03-12', 'paid'),
  ('9d09658f-cdd8-4250-9d4d-2c181d51e637', '96349588-31ad-4fc5-b0c2-61f4988f3215', 'installment', 1, 2333.33, '2026-05-11', 'paid'),
  ('d32430cd-8435-49c4-a1ec-4f25038db029', '96349588-31ad-4fc5-b0c2-61f4988f3215', 'installment', 2, 2333.33, '2026-06-10', 'pending'),
  ('b5857a20-1f1e-4b90-a9e1-a8d2a80cc89c', '96349588-31ad-4fc5-b0c2-61f4988f3215', 'installment', 3, 2333.33, '2026-07-10', 'pending'),
  ('0cadfbf0-21f2-4bf6-8fc4-10dff49d89c9', 'a1a00e41-2ab3-4f83-a391-06282f4f8f3e', 'enrollment_fee', NULL, 100.0, '2026-03-12', 'paid'),
  ('b2620fe9-919b-49e3-8d1e-2a14f3c1338f', 'a1a00e41-2ab3-4f83-a391-06282f4f8f3e', 'full_payment', NULL, 5000, '2026-04-25', 'paid'),
  ('d4b9c4db-82f4-4bc8-9cb4-ffc8ea653376', 'c7d8d085-0078-45a0-9227-3cd4f27312cf', 'enrollment_fee', NULL, 100.0, '2026-03-12', 'paid'),
  ('0af3d066-6d33-43a5-9c90-8bde85959fe7', 'c7d8d085-0078-45a0-9227-3cd4f27312cf', 'full_payment', NULL, 7000, '2026-04-25', 'paid'),
  ('7d2911b6-9bf8-4188-b18e-1662188133bb', '702b1117-b2ae-4897-82bc-8cab8d7e848e', 'enrollment_fee', NULL, 100.0, '2026-03-12', 'paid'),
  ('6141bebf-60dd-41e0-97da-fb5d14792418', '702b1117-b2ae-4897-82bc-8cab8d7e848e', 'full_payment', NULL, 6000, '2026-04-25', 'paid'),
  ('ab7f0cc2-eccc-4491-a852-3d5fadef2924', 'f590a7b2-58d3-4cf0-a6c2-aaf0a38d2113', 'enrollment_fee', NULL, 100.0, '2026-03-12', 'paid'),
  ('5758daf7-46dd-4cbe-b09e-5a8c065d11c2', '3507549c-8a81-4f71-8655-48d1629f52de', 'enrollment_fee', NULL, 100.0, '2026-03-12', 'paid'),
  ('2bc803f2-23d5-445a-a922-5a5d72733c3f', '3507549c-8a81-4f71-8655-48d1629f52de', 'installment', 1, 2333.33, '2026-05-11', 'paid'),
  ('18fb61e2-7c59-40f9-b36d-304c1730d913', '3507549c-8a81-4f71-8655-48d1629f52de', 'installment', 2, 2333.33, '2026-06-10', 'pending'),
  ('cb9f824b-065b-47f2-8005-42541b4c3dfc', '3507549c-8a81-4f71-8655-48d1629f52de', 'installment', 3, 2333.33, '2026-07-10', 'pending'),
  ('206b7a9e-2391-41a8-a888-21c7eec416d7', '49f6b584-7d70-4a67-b6df-ccae182366c6', 'enrollment_fee', NULL, 100.0, '2026-03-12', 'paid'),
  ('9653b10e-415c-4f6a-86fa-9551defd9f51', '49f6b584-7d70-4a67-b6df-ccae182366c6', 'installment', 1, 1666.67, '2026-05-11', 'paid'),
  ('09d547d6-883f-4638-8be0-71a5ef82b844', '49f6b584-7d70-4a67-b6df-ccae182366c6', 'installment', 2, 1666.67, '2026-06-10', 'pending'),
  ('b70eff46-ed78-4eaa-80ca-e68297bd453b', '49f6b584-7d70-4a67-b6df-ccae182366c6', 'installment', 3, 1666.67, '2026-07-10', 'pending'),
  ('dca49cac-babf-4428-b008-9a5519004135', '4265bd67-a033-479b-87ea-45ec683fc58d', 'enrollment_fee', NULL, 100.0, '2026-03-12', 'paid'),
  ('fc215660-3e81-4ffa-85e6-1e706aeec7dc', '8552a632-cb22-4780-a42c-e74ddb478d37', 'enrollment_fee', NULL, 100.0, '2026-03-12', 'paid'),
  ('735aa893-67f6-4b1a-ac12-ba85a81c19f0', '8552a632-cb22-4780-a42c-e74ddb478d37', 'installment', 1, 1666.67, '2026-05-11', 'pending'),
  ('316aa337-013a-4ac3-828e-d4d4ca214048', '8552a632-cb22-4780-a42c-e74ddb478d37', 'installment', 2, 1666.67, '2026-06-10', 'pending'),
  ('2d5d6b6c-008e-4f9a-8cbb-20b8d7b3addb', '8552a632-cb22-4780-a42c-e74ddb478d37', 'installment', 3, 1666.67, '2026-07-10', 'pending'),
  ('0154e9fb-450d-4d96-9452-ca8725dae8b1', '1478d39a-5f10-4849-9249-0d7ca1a54329', 'enrollment_fee', NULL, 100.0, '2026-03-12', 'paid'),
  ('5fe8b2bc-f916-4055-a81d-59852a33bc89', '594e6b76-cdeb-43f7-96b8-9d9a27957b45', 'enrollment_fee', NULL, 100.0, '2026-03-12', 'paid'),
  ('1919c249-2eeb-4246-b97f-a141e3885a4b', 'a578697d-be88-41a1-9111-02046355aa09', 'enrollment_fee', NULL, 100.0, '2026-03-12', 'paid'),
  ('11b0c45d-bd48-4d47-ac33-c2ef168575a2', 'a578697d-be88-41a1-9111-02046355aa09', 'installment', 1, 3000.0, '2026-05-11', 'paid'),
  ('15063d6d-46c2-445f-b123-e5eed4cefc4c', 'a578697d-be88-41a1-9111-02046355aa09', 'installment', 2, 3000.0, '2026-06-10', 'pending'),
  ('9eeb1dae-e2ab-43b0-8723-abe878ce6ed8', '3cf5983f-5294-4aa5-9662-d5da01f3c396', 'enrollment_fee', NULL, 100.0, '2026-03-12', 'paid'),
  ('eafa5f4b-0a58-4b69-a7a1-91ed1f070e57', '3cf5983f-5294-4aa5-9662-d5da01f3c396', 'installment', 1, 1750.0, '2026-05-11', 'pending'),
  ('40d4a265-77e6-420c-8337-d5385a069453', '3cf5983f-5294-4aa5-9662-d5da01f3c396', 'installment', 2, 1750.0, '2026-06-10', 'pending'),
  ('f4e5270b-96dc-49e0-a4cd-85dff0361de7', '3cf5983f-5294-4aa5-9662-d5da01f3c396', 'installment', 3, 1750.0, '2026-07-10', 'pending'),
  ('78b84b09-c1a8-480f-8722-78f52487cfdf', '3cf5983f-5294-4aa5-9662-d5da01f3c396', 'installment', 4, 1750.0, '2026-08-09', 'pending'),
  ('88704a44-0878-4c6a-a2ca-65404cd40537', '046c6a3f-4eeb-434b-8639-cb19cfdf822c', 'enrollment_fee', NULL, 100.0, '2026-03-12', 'pending'),
  ('3385188f-3af0-4e1e-ab68-056a0f4098ee', 'a5970106-e99e-4e9c-8be3-7b514bc58c06', 'enrollment_fee', NULL, 100.0, '2026-03-12', 'pending'),
  ('32cd3ee9-091f-4921-8371-db3c8fec1417', '81dd3248-864b-4c49-bc11-179b3afd023f', 'enrollment_fee', NULL, 100.0, '2026-03-12', 'paid'),
  ('ae1a87dc-7c3e-497d-aaf9-68c7962b2487', '81dd3248-864b-4c49-bc11-179b3afd023f', 'installment', 1, 3500.0, '2026-05-11', 'pending'),
  ('8121f783-765c-4e2d-b949-36f4e579b129', '81dd3248-864b-4c49-bc11-179b3afd023f', 'installment', 2, 3500.0, '2026-06-10', 'pending'),
  ('730ef99b-eacd-4d86-a894-81c55e5d2c6b', '71f920e7-eedd-4abd-92be-8717824dee30', 'enrollment_fee', NULL, 100.0, '2026-03-12', 'paid'),
  ('86a869ea-358e-4124-81a6-6cc76f16ff5a', '71f920e7-eedd-4abd-92be-8717824dee30', 'installment', 1, 2500.0, '2026-05-11', 'paid'),
  ('1122d6c6-b05f-490a-bdbb-137ec93146ad', '71f920e7-eedd-4abd-92be-8717824dee30', 'installment', 2, 2500.0, '2026-06-10', 'pending'),
  ('7ed690cf-92b2-4c6d-a6b4-da83541e913c', 'f36cfff5-53fc-4d61-bc87-b936ae5222bb', 'enrollment_fee', NULL, 100.0, '2026-03-12', 'paid'),
  ('cbfcc6ef-048b-40b2-a44e-8d43bdaa434b', '198564a9-8c1a-483c-a03a-4e55dade849a', 'enrollment_fee', NULL, 100.0, '2026-03-12', 'paid'),
  ('2a1de795-a857-4bbf-88dd-6b4279ecabd5', '198564a9-8c1a-483c-a03a-4e55dade849a', 'installment', 1, 1500.0, '2026-05-11', 'paid'),
  ('311f582d-820b-4863-b704-34c52c8db231', '198564a9-8c1a-483c-a03a-4e55dade849a', 'installment', 2, 1500.0, '2026-06-10', 'pending'),
  ('43ab180c-9a7b-4f93-80fe-6e75299596ed', '198564a9-8c1a-483c-a03a-4e55dade849a', 'installment', 3, 1500.0, '2026-07-10', 'pending'),
  ('1baf89b3-8554-4bc2-b3c7-a1789de30826', '198564a9-8c1a-483c-a03a-4e55dade849a', 'installment', 4, 1500.0, '2026-08-09', 'pending'),
  ('4603841b-20a1-41ae-b3ca-03df48bd7996', 'b92f6122-0a23-46a5-9dfe-56c9926de0e2', 'enrollment_fee', NULL, 100.0, '2026-03-12', 'paid'),
  ('2b24da1d-ec65-4148-b8a6-e10cefdde2a2', 'b92f6122-0a23-46a5-9dfe-56c9926de0e2', 'installment', 1, 3000.0, '2026-05-11', 'pending'),
  ('ddc52b59-be6e-49e4-b539-8d525cb00851', 'b92f6122-0a23-46a5-9dfe-56c9926de0e2', 'installment', 2, 3000.0, '2026-06-10', 'pending'),
  ('1ad617c6-2a2e-4789-9028-a013ee5992d4', 'efc2b920-c3df-4a00-8831-a81336f1b6e5', 'enrollment_fee', NULL, 100.0, '2026-03-12', 'paid'),
  ('94d289e0-f5bc-4507-bcdd-5d4738f9f5cd', '2b6fd908-3d87-44f9-82f3-8c5224134de7', 'enrollment_fee', NULL, 100.0, '2026-03-12', 'paid'),
  ('9d943dd2-ba3d-4e26-9f7b-e82a33b3bb97', '77cebada-e98d-4937-b4e1-13e9383e25ea', 'enrollment_fee', NULL, 100.0, '2026-03-12', 'paid'),
  ('a1b2180e-4287-4204-964a-2716e9343780', '77cebada-e98d-4937-b4e1-13e9383e25ea', 'full_payment', NULL, 5000, '2026-04-25', 'paid'),
  ('c560cb97-7b85-4995-92cb-b8d8a8da2214', '298598f2-7072-4019-bd59-783db4102976', 'enrollment_fee', NULL, 100.0, '2026-03-12', 'paid'),
  ('aa5085eb-11f4-4f4f-8daa-e2e00706a45f', '298598f2-7072-4019-bd59-783db4102976', 'full_payment', NULL, 7000, '2026-04-25', 'paid'),
  ('752ad56c-4809-4e43-856e-2f3c61b786f8', '6cfe5afa-2f3f-487d-bf5c-64d3fd4722eb', 'enrollment_fee', NULL, 100.0, '2026-03-12', 'paid'),
  ('dd4a03d8-26cf-49c4-9738-0bfd63b683b2', '12c28c1c-3178-4cc9-8c9f-ccb93dfb0ed2', 'enrollment_fee', NULL, 100.0, '2026-03-12', 'paid'),
  ('8d1feb5d-fda6-49bf-b334-bcedc0225282', '12c28c1c-3178-4cc9-8c9f-ccb93dfb0ed2', 'full_payment', NULL, 7000, '2026-04-25', 'pending'),
  ('9c3c7bef-13ca-425c-a9b5-79a6110878dc', '81219c6f-0957-48d7-bb07-c8fea0df003c', 'enrollment_fee', NULL, 100.0, '2026-03-12', 'paid'),
  ('d3cf06f1-ac59-48b6-939e-7767685d77f1', '81219c6f-0957-48d7-bb07-c8fea0df003c', 'full_payment', NULL, 7000, '2026-04-25', 'paid'),
  ('2ab8f3b6-276e-445e-8d09-6d2b2f42c019', '8faefdd1-e40b-4e55-9b73-bd2f3a9dd675', 'enrollment_fee', NULL, 100.0, '2026-03-12', 'paid'),
  ('f6936895-0c04-40b4-b623-ad477da173ba', '8faefdd1-e40b-4e55-9b73-bd2f3a9dd675', 'full_payment', NULL, 6000, '2026-04-25', 'pending'),
  ('d5b62420-ec74-4162-9892-51ce5f1c41d1', '48f3aef0-2326-41bf-adbe-d600ba0ae7fd', 'enrollment_fee', NULL, 100.0, '2026-03-12', 'pending'),
  ('0ccb5dfd-715b-44d9-b7a5-c4b7363176e6', '7e1969d8-b7bc-4cd4-acab-c8112082fa33', 'enrollment_fee', NULL, 100.0, '2026-03-12', 'paid'),
  ('7d063c4e-8f50-49d5-a494-39d049632055', '7e1969d8-b7bc-4cd4-acab-c8112082fa33', 'installment', 1, 1750.0, '2026-05-11', 'paid'),
  ('f9010ad3-747b-4d6d-a46a-020311d55c17', '7e1969d8-b7bc-4cd4-acab-c8112082fa33', 'installment', 2, 1750.0, '2026-06-10', 'pending'),
  ('6c8a19df-5a1d-4f9e-82f1-3e897aff203b', '7e1969d8-b7bc-4cd4-acab-c8112082fa33', 'installment', 3, 1750.0, '2026-07-10', 'pending'),
  ('cc81319c-4a51-4b4a-ab95-77d57ea004a2', '7e1969d8-b7bc-4cd4-acab-c8112082fa33', 'installment', 4, 1750.0, '2026-08-09', 'pending'),
  ('0a25edf6-1ce1-44ee-8ced-7dd01aaeef64', 'fd23b375-020c-4ec5-b927-aa01129d90ed', 'enrollment_fee', NULL, 100.0, '2026-03-12', 'paid'),
  ('8adbddb0-3543-4ed4-a0e9-7a283967a1b6', 'fd23b375-020c-4ec5-b927-aa01129d90ed', 'installment', 1, 2000.0, '2026-05-11', 'paid'),
  ('1fc346f1-8ca4-474d-bca6-cb8862bea881', 'fd23b375-020c-4ec5-b927-aa01129d90ed', 'installment', 2, 2000.0, '2026-06-10', 'pending'),
  ('7ff9d219-dc2e-4b7c-ae7f-c274382b8af3', 'fd23b375-020c-4ec5-b927-aa01129d90ed', 'installment', 3, 2000.0, '2026-07-10', 'pending'),
  ('2e87e091-31f1-4853-83d2-59ffca8b525c', 'cbcb3497-64ae-4a07-9e3e-5b19fe6682c1', 'enrollment_fee', NULL, 100.0, '2026-03-12', 'pending'),
  ('c0c8b871-2227-4f1f-8b0d-cc7f3251f5b5', '0f43a44f-1d69-499f-a864-8f67e1fb06f6', 'enrollment_fee', NULL, 100.0, '2026-03-12', 'paid'),
  ('241305fd-b1ca-49e9-bfc3-f109260c6378', '0f43a44f-1d69-499f-a864-8f67e1fb06f6', 'full_payment', NULL, 7000, '2026-04-25', 'paid'),
  ('45f846bc-3e3b-4690-ba82-f2af2964de14', 'ce9360da-8426-42cd-ab32-7cf65d50bd35', 'enrollment_fee', NULL, 100.0, '2026-03-12', 'pending'),
  ('d9a07434-462d-44b5-ba41-7f46ef21b5fa', 'e668b1a5-4485-4bce-aed0-b4695eb35e29', 'enrollment_fee', NULL, 100.0, '2026-03-12', 'paid'),
  ('139ca83a-8360-4e9e-b71e-ea3e35351ac4', 'e668b1a5-4485-4bce-aed0-b4695eb35e29', 'installment', 1, 2333.33, '2026-05-11', 'paid'),
  ('c279b5b3-d29d-4aad-8a1c-f29b138bf281', 'e668b1a5-4485-4bce-aed0-b4695eb35e29', 'installment', 2, 2333.33, '2026-06-10', 'pending'),
  ('6680587e-be17-4c55-b63e-0021e8a7ad01', 'e668b1a5-4485-4bce-aed0-b4695eb35e29', 'installment', 3, 2333.33, '2026-07-10', 'pending'),
  ('c8eee805-0fa8-4529-8d39-750e60758f86', '415c99bf-1917-49b3-a09b-af9499d0252f', 'enrollment_fee', NULL, 100.0, '2026-03-12', 'paid'),
  ('2e8564d0-828f-467f-8fbf-eb55b6c03873', '26d23705-0248-4f46-92f8-84579f8426dd', 'enrollment_fee', NULL, 100.0, '2026-03-12', 'paid'),
  ('81e34e55-b6d8-4ebc-9990-ebe398db6904', '26d23705-0248-4f46-92f8-84579f8426dd', 'installment', 1, 1500.0, '2026-05-11', 'paid'),
  ('9e2df0f9-5e5f-4f27-9522-3fc7d2fb29b0', '26d23705-0248-4f46-92f8-84579f8426dd', 'installment', 2, 1500.0, '2026-06-10', 'pending'),
  ('397566dd-6adf-45cb-b8fc-6f80e79ad2ae', '26d23705-0248-4f46-92f8-84579f8426dd', 'installment', 3, 1500.0, '2026-07-10', 'pending'),
  ('c7fcf628-6ecb-4e5c-a641-5e78ca3ca3f3', '26d23705-0248-4f46-92f8-84579f8426dd', 'installment', 4, 1500.0, '2026-08-09', 'pending'),
  ('a4a4b702-9aeb-421f-96b1-216eaea5421c', '2202f8da-96ee-4201-8920-575f444734f8', 'enrollment_fee', NULL, 100.0, '2026-03-12', 'pending'),
  ('90c77b4d-0c88-45cf-9c49-97709f13e500', '59af4985-b3b1-4c42-9da5-6ff720b61439', 'enrollment_fee', NULL, 100.0, '2026-03-12', 'paid'),
  ('8423e89e-8e61-4125-91a3-c6ecb78c51a1', '59af4985-b3b1-4c42-9da5-6ff720b61439', 'full_payment', NULL, 5000, '2026-04-25', 'paid'),
  ('740154c6-17c8-4015-b1ae-f39fc40a543e', '6c0c45f3-2c08-42dd-88ed-2bc22c59bdf5', 'enrollment_fee', NULL, 100.0, '2026-03-12', 'paid'),
  ('e82f4626-083a-42f9-831e-30f8f7c64122', '6c0c45f3-2c08-42dd-88ed-2bc22c59bdf5', 'installment', 1, 1500.0, '2026-05-11', 'pending'),
  ('5ef04e1c-a37a-4ead-a853-974fe37792ea', '6c0c45f3-2c08-42dd-88ed-2bc22c59bdf5', 'installment', 2, 1500.0, '2026-06-10', 'pending'),
  ('42741edb-2326-47ea-873e-aeb6ff18aaeb', '6c0c45f3-2c08-42dd-88ed-2bc22c59bdf5', 'installment', 3, 1500.0, '2026-07-10', 'pending'),
  ('15c0c628-fd74-459a-8351-ceaa942e7f62', '6c0c45f3-2c08-42dd-88ed-2bc22c59bdf5', 'installment', 4, 1500.0, '2026-08-09', 'pending'),
  ('9ede23ec-1c5c-4e75-83bf-cf053ebdab75', 'acfc904b-2a32-4976-ad66-07d206700eb3', 'enrollment_fee', NULL, 100.0, '2026-03-12', 'paid'),
  ('68ace002-c2aa-4b54-b9f2-7dc6fa4dd6bc', '8c2ddeca-cea4-4b8e-b530-4e3467ed0169', 'enrollment_fee', NULL, 100.0, '2026-03-12', 'paid'),
  ('61a1aa71-0bf1-418d-b031-94ce7b873230', 'd34d33e3-a22a-4fa2-9fd0-0de6942ff65c', 'enrollment_fee', NULL, 100.0, '2026-03-12', 'paid'),
  ('573de377-871f-499e-aed3-855859f9e257', 'd34d33e3-a22a-4fa2-9fd0-0de6942ff65c', 'installment', 1, 3000.0, '2026-05-11', 'pending'),
  ('75c80341-75e1-4b4a-ab27-d3dfe218147c', 'd34d33e3-a22a-4fa2-9fd0-0de6942ff65c', 'installment', 2, 3000.0, '2026-06-10', 'pending'),
  ('e0c6858c-ad91-4887-b1d8-c9fe479f96d6', 'a2aa5be9-bfb5-4c45-a6a9-8d1d14356ffc', 'enrollment_fee', NULL, 100.0, '2026-03-12', 'paid'),
  ('6fe91423-8d21-4bc7-96f7-c70ece69aab4', 'eb6403aa-0235-4bc9-ae4d-b38ff3afefce', 'enrollment_fee', NULL, 100.0, '2026-03-12', 'paid'),
  ('680b9c93-912b-43b7-9838-bd43ba50b06a', '42aeac96-3bf3-453f-8d66-4af9daf7fb91', 'enrollment_fee', NULL, 100.0, '2026-03-12', 'pending'),
  ('b1737b5c-1fff-41ca-b928-22d7b5463b2f', '640b31e9-8b25-42d3-a472-b5324802bb75', 'enrollment_fee', NULL, 100.0, '2026-03-12', 'paid'),
  ('8943f2e3-f26d-4faf-802f-0f691880181c', '640b31e9-8b25-42d3-a472-b5324802bb75', 'installment', 1, 1666.67, '2026-05-11', 'paid'),
  ('faafb436-f65b-49f7-ba5a-71087da3d638', '640b31e9-8b25-42d3-a472-b5324802bb75', 'installment', 2, 1666.67, '2026-06-10', 'pending'),
  ('4783815e-70f7-4086-80c8-c7ef098bd776', '640b31e9-8b25-42d3-a472-b5324802bb75', 'installment', 3, 1666.67, '2026-07-10', 'pending'),
  ('edd44c6c-911f-4758-b8a5-fa86514ae280', 'da620849-7b89-4781-be77-4ed1dc8d97c8', 'enrollment_fee', NULL, 100.0, '2026-03-12', 'pending'),
  ('dd3ff800-6893-46ee-8359-1cda182b9c2c', '7facfde8-476f-417b-a316-86ebfc0d1a98', 'enrollment_fee', NULL, 100.0, '2026-03-12', 'paid'),
  ('f23dd0c4-20a0-49c5-9961-ed33c57d1558', '7facfde8-476f-417b-a316-86ebfc0d1a98', 'installment', 1, 3500.0, '2026-05-11', 'paid'),
  ('125594b5-f5d3-45d0-aa19-980e54ab23b8', '7facfde8-476f-417b-a316-86ebfc0d1a98', 'installment', 2, 3500.0, '2026-06-10', 'pending'),
  ('b4c07531-b668-49dc-97ce-1c505682a35a', '650d980c-e888-4bc3-8cc3-8406a98ac018', 'enrollment_fee', NULL, 100.0, '2026-03-12', 'pending'),
  ('4dfe2023-74af-4b11-b18b-b880017cfc32', '419df2b3-07dd-4fa5-8eb2-c6f5ab057fc4', 'enrollment_fee', NULL, 100.0, '2026-03-12', 'paid'),
  ('fd44f4cc-f61e-4e6c-a92f-6abadb873ab7', '419df2b3-07dd-4fa5-8eb2-c6f5ab057fc4', 'installment', 1, 1500.0, '2026-05-11', 'pending'),
  ('abe94c3a-1769-4aeb-98bc-1b8b7313e456', '419df2b3-07dd-4fa5-8eb2-c6f5ab057fc4', 'installment', 2, 1500.0, '2026-06-10', 'pending'),
  ('d6c753ae-313b-4c6b-b9b6-eba362610698', '419df2b3-07dd-4fa5-8eb2-c6f5ab057fc4', 'installment', 3, 1500.0, '2026-07-10', 'pending'),
  ('69f8b4f7-2510-435d-92e0-1828028feadd', '419df2b3-07dd-4fa5-8eb2-c6f5ab057fc4', 'installment', 4, 1500.0, '2026-08-09', 'pending'),
  ('04e85af8-d363-4d30-b2c3-3d82d2933577', 'e4aff030-3854-43d6-b9d6-e33f8938ddb9', 'enrollment_fee', NULL, 100.0, '2026-03-12', 'paid'),
  ('31f14fa4-eb4a-450a-81a0-3ebb24d692e3', 'e4aff030-3854-43d6-b9d6-e33f8938ddb9', 'full_payment', NULL, 7000, '2026-04-25', 'paid'),
  ('7df0cb34-84f3-4cfd-b992-a5bbf992712b', '994ea1d7-588f-45e6-9ab0-59043342ba22', 'enrollment_fee', NULL, 100.0, '2026-03-12', 'paid'),
  ('437b681a-5fd1-4360-974a-4a020dce9d12', '994ea1d7-588f-45e6-9ab0-59043342ba22', 'full_payment', NULL, 5000, '2026-04-25', 'paid'),
  ('799441eb-7c74-4732-92db-867a2cc23ee1', '8638a536-7d7d-4168-a3bd-e730cee48f59', 'enrollment_fee', NULL, 100.0, '2026-03-12', 'paid'),
  ('9930c9bf-b2b5-46f0-84c4-6fee6767f2b9', '8638a536-7d7d-4168-a3bd-e730cee48f59', 'installment', 1, 2333.33, '2026-05-11', 'paid'),
  ('22a72c16-296b-4695-a509-16121fd1fc48', '8638a536-7d7d-4168-a3bd-e730cee48f59', 'installment', 2, 2333.33, '2026-06-10', 'pending'),
  ('e5020fb5-226b-49ec-b11f-5176b880e48b', '8638a536-7d7d-4168-a3bd-e730cee48f59', 'installment', 3, 2333.33, '2026-07-10', 'pending'),
  ('cabeb018-1070-4b01-8503-e1cb1ac97cdb', 'f59145c5-d60a-49a0-af97-a1727b690552', 'enrollment_fee', NULL, 100.0, '2026-03-12', 'paid'),
  ('985507d3-0809-421d-93e0-4ac8f8762f13', 'f59145c5-d60a-49a0-af97-a1727b690552', 'full_payment', NULL, 5000, '2026-04-25', 'pending'),
  ('74280356-c6a8-4064-a54f-bbedbb3be4a5', '4710ff96-b835-409a-8173-dc812642afea', 'enrollment_fee', NULL, 100.0, '2026-03-12', 'paid'),
  ('be66804d-20ed-466a-a784-7d5d67a41e36', '6f0221e1-ed3c-4dc0-95bc-6347a8b88a8b', 'enrollment_fee', NULL, 100.0, '2026-03-12', 'paid'),
  ('677373ca-0604-446d-b03b-9fd94d70862b', '6f0221e1-ed3c-4dc0-95bc-6347a8b88a8b', 'installment', 1, 1500.0, '2026-05-11', 'pending'),
  ('2f125ee9-1fea-493f-8f1e-fddd4bc9795f', '6f0221e1-ed3c-4dc0-95bc-6347a8b88a8b', 'installment', 2, 1500.0, '2026-06-10', 'pending'),
  ('ba37916c-69cf-4407-9dc4-d54c1310bef8', '6f0221e1-ed3c-4dc0-95bc-6347a8b88a8b', 'installment', 3, 1500.0, '2026-07-10', 'pending'),
  ('fe257eb8-19a6-4a0a-8645-51282210e6c3', '6f0221e1-ed3c-4dc0-95bc-6347a8b88a8b', 'installment', 4, 1500.0, '2026-08-09', 'pending'),
  ('0d443777-3d5a-44e3-9319-75a8c90fcdf9', '0387abf6-0c25-49b2-a259-54b4eed6acb0', 'enrollment_fee', NULL, 100.0, '2026-03-12', 'paid'),
  ('d77b5052-43ac-4d16-a3c3-33159c1c587a', '2053983e-d849-40fc-8b18-fcd32d657394', 'enrollment_fee', NULL, 100.0, '2026-03-12', 'paid'),
  ('e77af696-6289-45ea-b058-d9b26e887a3a', '2053983e-d849-40fc-8b18-fcd32d657394', 'installment', 1, 2000.0, '2026-05-11', 'paid'),
  ('d85ea11f-ffbd-48bd-955a-bdb5651c14b8', '2053983e-d849-40fc-8b18-fcd32d657394', 'installment', 2, 2000.0, '2026-06-10', 'pending'),
  ('490f0cde-0d13-4e14-b59b-7f906b405d42', '2053983e-d849-40fc-8b18-fcd32d657394', 'installment', 3, 2000.0, '2026-07-10', 'pending'),
  ('9c6a863c-12ae-4f26-a2e0-0c9431a22071', '01f31931-5c35-4c06-ab32-73db80017986', 'enrollment_fee', NULL, 100.0, '2026-03-12', 'paid'),
  ('8f64e95f-1001-4e08-86d2-c24f49e06abe', '01f31931-5c35-4c06-ab32-73db80017986', 'full_payment', NULL, 7000, '2026-04-25', 'paid'),
  ('9eb7e13a-25cb-4cdc-91f9-b38d162fb45c', 'b66923ee-5c41-4a75-b000-f4addc8cce40', 'enrollment_fee', NULL, 100.0, '2026-03-12', 'paid'),
  ('aba4df40-fc24-4cd7-9495-c7b1839901b7', 'b66923ee-5c41-4a75-b000-f4addc8cce40', 'full_payment', NULL, 7000, '2026-04-25', 'paid'),
  ('6e19a5be-8a10-4374-a3eb-6dd39bf91d85', 'e7467c2f-4ead-4754-8ac2-a7f3db0fecd0', 'enrollment_fee', NULL, 100.0, '2026-03-12', 'paid'),
  ('7544a53d-775c-4655-acb0-a34a3a7c154b', 'e7467c2f-4ead-4754-8ac2-a7f3db0fecd0', 'installment', 1, 3000.0, '2026-05-11', 'pending'),
  ('a4f13531-1ba0-4dd7-be71-0cd880c57ef2', 'e7467c2f-4ead-4754-8ac2-a7f3db0fecd0', 'installment', 2, 3000.0, '2026-06-10', 'pending'),
  ('72721aed-4682-43fb-a83f-b8dafeabdae5', 'f59e4072-bd67-48cc-bba6-64f538dc404e', 'enrollment_fee', NULL, 100.0, '2026-03-12', 'paid'),
  ('88257c8e-6954-438f-abd9-4e23d5907908', '709c13e1-673f-49ed-a407-370128c5c7cb', 'enrollment_fee', NULL, 100.0, '2026-03-12', 'paid'),
  ('da233989-9889-4f50-bcfe-c8b5f737d5d5', '85e0df81-0b0e-444c-ac20-4d204e197ac9', 'enrollment_fee', NULL, 100.0, '2026-03-12', 'paid'),
  ('ccb9e3fe-919a-45ce-85b8-1dc7912bd636', '85e0df81-0b0e-444c-ac20-4d204e197ac9', 'installment', 1, 1666.67, '2026-05-11', 'paid'),
  ('7b4f1db0-2900-4813-82fe-def908544bee', '85e0df81-0b0e-444c-ac20-4d204e197ac9', 'installment', 2, 1666.67, '2026-06-10', 'pending'),
  ('7cb20246-0f31-4bca-a569-22d9f02ec66a', '85e0df81-0b0e-444c-ac20-4d204e197ac9', 'installment', 3, 1666.67, '2026-07-10', 'pending'),
  ('fdc3e7bf-2c94-44ff-9de5-9428366a95c4', '4c87746c-c47f-4017-b419-cc7a9c22d310', 'enrollment_fee', NULL, 100.0, '2026-03-12', 'paid'),
  ('2330496c-2925-4ee7-a3f4-7d5554e3184b', '4c87746c-c47f-4017-b419-cc7a9c22d310', 'installment', 1, 1750.0, '2026-05-11', 'paid'),
  ('7ea98cc7-271f-4944-aa77-1f9b4a5706eb', '4c87746c-c47f-4017-b419-cc7a9c22d310', 'installment', 2, 1750.0, '2026-06-10', 'pending'),
  ('035d033c-28f1-41d5-87f3-53279176cfce', '4c87746c-c47f-4017-b419-cc7a9c22d310', 'installment', 3, 1750.0, '2026-07-10', 'pending'),
  ('e32d9829-040b-4409-b2e3-4c35f673a3a9', '4c87746c-c47f-4017-b419-cc7a9c22d310', 'installment', 4, 1750.0, '2026-08-09', 'pending'),
  ('a3d04396-c9d7-4cf7-9fcb-be61f0ce10b3', 'b61ae667-f9a8-4337-87c7-f9ed8c8fe6cb', 'enrollment_fee', NULL, 100.0, '2026-03-12', 'paid'),
  ('127a33af-4f3d-4db9-867c-caa67302e9a0', 'b61ae667-f9a8-4337-87c7-f9ed8c8fe6cb', 'full_payment', NULL, 7000, '2026-04-25', 'paid'),
  ('ffe7d446-beb9-46d8-89a4-d0d6a5416554', 'e03c603a-04b9-4206-97ec-775f25adba90', 'enrollment_fee', NULL, 100.0, '2026-03-12', 'paid'),
  ('dd93f063-0a7b-4ec0-86be-552a5f9a8704', 'e03c603a-04b9-4206-97ec-775f25adba90', 'installment', 1, 2333.33, '2026-05-11', 'paid'),
  ('8106fee6-08a1-45e3-8019-bd691564cd2c', 'e03c603a-04b9-4206-97ec-775f25adba90', 'installment', 2, 2333.33, '2026-06-10', 'pending'),
  ('b6c0f340-be54-4e93-98e7-f6e647fefd49', 'e03c603a-04b9-4206-97ec-775f25adba90', 'installment', 3, 2333.33, '2026-07-10', 'pending');

INSERT INTO payments (id, installment_id, amount_paid, status, gateway_tx_id, gateway_status, paid_at) VALUES
  ('ffa271d2-dee9-4c44-abe2-4eb63c990f21', '34f8c2a5-81f2-4e2a-a915-be1d47ff3ec3', 100.0, 'completed', 'GW-TXN-602278', 'SUCCESS', '2026-03-17 23:41:19.547608'),
  ('8d91d6bb-3e2f-49b8-abf3-11e80913e130', '5b2899e5-bd8f-44b8-8353-986d55de2343', 100.0, 'completed', 'GW-TXN-434640', 'SUCCESS', '2026-03-17 23:41:19.547608'),
  ('065c1390-30e9-4f4f-bbc3-2e75833c6956', '1e30938c-92a4-4683-9293-7d6e0ccb389f', 2000.0, 'completed', 'GW-TXN-870571', 'SUCCESS', '2026-04-06 23:41:19.547608'),
  ('f721ac9f-de15-4182-9818-d8181502102b', '85809982-fe4e-4de4-942f-55609fcfb720', 100.0, 'completed', 'GW-TXN-703853', 'SUCCESS', '2026-03-17 23:41:19.547608'),
  ('f95e1620-fffe-4b5c-b611-a5966323a06f', '6129d989-fbc8-45d7-9eb5-1c49eff24092', 2500.0, 'completed', 'GW-TXN-441716', 'SUCCESS', '2026-04-06 23:41:19.547608'),
  ('07ef6b28-07d8-4e6a-8e47-80d62e6d521a', '80613227-d6ef-474b-b003-3e51ed986a6f', 100.0, 'completed', 'GW-TXN-956156', 'SUCCESS', '2026-03-17 23:41:19.547608'),
  ('2df9fc87-17f9-44f3-ab4e-272205bd9876', '6417bfc2-3e04-483a-882a-e0a2a7c8e463', 1666.67, 'completed', 'GW-TXN-482746', 'SUCCESS', '2026-04-06 23:41:19.547608'),
  ('b986fa09-6cf5-4506-ae8d-df7a4adfa9f3', '3c8bd78e-87bd-4d0b-a376-ba549eddf57a', 100.0, 'completed', 'GW-TXN-691240', 'SUCCESS', '2026-03-17 23:41:19.547608'),
  ('9667e261-bb21-4d23-bd7c-62f9f2fd808f', '68e7d733-21f6-421a-9cd3-535545eccb80', 7000, 'completed', 'GW-TXN-309505', 'SUCCESS', '2026-04-01 23:41:19.547608'),
  ('f4f3a130-8a23-44cc-8bbb-f01872ea7bbf', 'ac462a0c-f3d5-42db-8d58-0c777e84d0f8', 100.0, 'completed', 'GW-TXN-842776', 'SUCCESS', '2026-03-17 23:41:19.547608'),
  ('32594127-e018-4909-bec8-83671070fe0c', 'c505f4e9-6ef2-4a82-827e-76c70c712521', 100.0, 'completed', 'GW-TXN-936433', 'SUCCESS', '2026-03-17 23:41:19.547608'),
  ('8c94b60d-14b3-4c16-9221-56be858f7dad', '10e60c2e-09c5-4dee-bb06-a799b779fafa', 2000.0, 'completed', 'GW-TXN-971662', 'SUCCESS', '2026-04-06 23:41:19.547608'),
  ('95a92596-6643-4a7a-b496-6161c0307e00', '7875e794-13c8-4673-98c0-3f981fce50d8', 100.0, 'completed', 'GW-TXN-958747', 'SUCCESS', '2026-03-17 23:41:19.547608'),
  ('b31a9e11-b89e-4d0c-b772-deb11995c5d0', '724a118d-5063-4e3d-96aa-986c881cd1f5', 100.0, 'completed', 'GW-TXN-805668', 'SUCCESS', '2026-03-17 23:41:19.547608'),
  ('6dad87b0-dbc0-4701-abc8-50d5363a388f', 'ce9350e6-70e6-4848-84ea-d0bade82bec4', 1666.67, 'completed', 'GW-TXN-245939', 'SUCCESS', '2026-04-06 23:41:19.547608'),
  ('eef7f2d9-4e30-43cb-bdf5-bd6a51f4d4b2', 'ef22b020-5fea-45c2-a639-2317e53d7417', 100.0, 'completed', 'GW-TXN-353777', 'SUCCESS', '2026-03-17 23:41:19.547608'),
  ('c5a8db84-5304-42d9-9f00-0fa8b6216e2e', '52ac1e07-1262-4021-ad2f-cc4c169a7650', 100.0, 'completed', 'GW-TXN-790658', 'SUCCESS', '2026-03-17 23:41:19.547608'),
  ('27f931ac-ed4d-4781-a78b-408746916995', 'fd61af69-b815-48f1-a089-31abd64c64fd', 100.0, 'completed', 'GW-TXN-849979', 'SUCCESS', '2026-03-17 23:41:19.547608'),
  ('94651bbb-303d-40c7-a788-be41383c337e', 'fd0e562c-dcf5-4b74-adf8-008e923f560c', 5000, 'completed', 'GW-TXN-543681', 'SUCCESS', '2026-04-01 23:41:19.547608'),
  ('b09b1a2e-08f9-4198-96ce-49f3d1657577', '32e970d4-0f5e-4ccb-aab8-6d9418c60279', 100.0, 'completed', 'GW-TXN-177558', 'SUCCESS', '2026-03-17 23:41:19.547608'),
  ('a25eb55a-6993-46be-91fc-f6951cfd7599', 'bf9ca945-457f-4ed5-ba70-927a48f0fa6f', 1666.67, 'completed', 'GW-TXN-726979', 'SUCCESS', '2026-04-06 23:41:19.547608'),
  ('7bc65c8c-3498-4f5e-b7c1-97f8cfd15f63', '2173a4cf-f877-4d53-a442-2494417a119c', 100.0, 'completed', 'GW-TXN-710527', 'SUCCESS', '2026-03-17 23:41:19.547608'),
  ('0c9c8188-04e2-48dc-bc50-bc0adafaa7bd', '379f8ada-01ed-4a4f-9894-d165e2c9345c', 100.0, 'completed', 'GW-TXN-670053', 'SUCCESS', '2026-03-17 23:41:19.547608'),
  ('3349d39c-3105-43f3-ab8b-610c3cee0968', '647097de-2cec-4910-91f3-62254e413195', 3000.0, 'completed', 'GW-TXN-929130', 'SUCCESS', '2026-04-06 23:41:19.547608'),
  ('5aa2a69c-342d-4ce0-8e6f-9d6a7d3b57a0', '718498c8-dd3b-45ab-bbb2-1ad629bd745d', 100.0, 'completed', 'GW-TXN-835716', 'SUCCESS', '2026-03-17 23:41:19.547608'),
  ('82d6cfd7-18dc-4ddf-8f48-eb9e3cd0059e', 'b9148b23-ae7b-4a2b-99be-deab0a3ea015', 100.0, 'completed', 'GW-TXN-214682', 'SUCCESS', '2026-03-17 23:41:19.547608'),
  ('7448bbb9-e7cd-4fce-a03e-85ffd7a0a21c', '54dd3379-3d2b-41e1-9bec-f4675b0853cd', 7000, 'completed', 'GW-TXN-906306', 'SUCCESS', '2026-04-01 23:41:19.547608'),
  ('212134a8-dc23-48fa-a375-760c2763da05', 'd0ca081a-24e4-44c3-a6c3-fa8f13024246', 100.0, 'completed', 'GW-TXN-690579', 'SUCCESS', '2026-03-17 23:41:19.547608'),
  ('aacb1762-76bb-4782-81d9-dc30a2baa45e', '87854ed7-bf74-4340-aa3b-a108c3f88dee', 100.0, 'completed', 'GW-TXN-889245', 'SUCCESS', '2026-03-17 23:41:19.547608'),
  ('47ef1ad0-70ae-4ef5-abc4-7b576b2494d5', '7ec9ee45-5066-41db-b9bf-d89d8731b2f4', 100.0, 'completed', 'GW-TXN-211090', 'SUCCESS', '2026-03-17 23:41:19.547608'),
  ('4f99d7ce-d574-48d5-aecb-7b1355af0899', '1fb270f3-ac18-47b5-a4a3-96c984e99a80', 3500.0, 'completed', 'GW-TXN-203396', 'SUCCESS', '2026-04-06 23:41:19.547608'),
  ('a8dfeaff-8877-4279-aa01-c1312b01d108', '29c9d713-bb28-4a7e-8505-6977f95af6f7', 100.0, 'completed', 'GW-TXN-332785', 'SUCCESS', '2026-03-17 23:41:19.547608'),
  ('4f1a45a0-6334-4a76-9421-3058c06f14d7', '902d5992-c60a-4399-b0bd-ec3c88e1b7a3', 100.0, 'completed', 'GW-TXN-567432', 'SUCCESS', '2026-03-17 23:41:19.547608'),
  ('d6605c4f-de85-4a52-b4f8-c00e101e88a7', 'a4e56c74-ad01-45fd-9b3b-40144a51ae9b', 100.0, 'completed', 'GW-TXN-510133', 'SUCCESS', '2026-03-17 23:41:19.547608'),
  ('9b6408c1-e58e-4aa0-a2d4-ffa4db5889ab', '5e1eab7d-c4fe-44d0-93fc-1a522421629b', 100.0, 'completed', 'GW-TXN-909859', 'SUCCESS', '2026-03-17 23:41:19.547608'),
  ('bc0f2c14-b8c8-4025-8d82-0e0fb0c7b728', '5b40275d-b82d-455c-99b1-e4c8ce5037a5', 100.0, 'completed', 'GW-TXN-461724', 'SUCCESS', '2026-03-17 23:41:19.547608'),
  ('a2f9c2f3-f7c7-4d01-8340-8a271bc960d1', '0840a60f-a6b1-4c13-9b27-2737dfd76fe7', 100.0, 'completed', 'GW-TXN-606222', 'SUCCESS', '2026-03-17 23:41:19.547608'),
  ('a6053c55-e847-44d8-97f0-b7fd417f6d1e', 'f7d5306e-d922-48fc-a34c-e4f6694c0c56', 100.0, 'completed', 'GW-TXN-409783', 'SUCCESS', '2026-03-17 23:41:19.547608'),
  ('027d9212-3863-454a-8b21-b75ee9ae493f', '138276d0-485d-44fb-a69b-36f13c31f582', 100.0, 'completed', 'GW-TXN-190025', 'SUCCESS', '2026-03-17 23:41:19.547608'),
  ('9edddd2e-4578-439c-b65f-75f9776c02d6', 'b239aaf6-789a-4355-aedb-57e4a7c17f9f', 3000.0, 'completed', 'GW-TXN-971699', 'SUCCESS', '2026-04-06 23:41:19.547608'),
  ('9d3677a5-f763-492d-a00e-eea17eddd237', '8f2f9b90-153a-4b73-b59b-ded86624a657', 100.0, 'completed', 'GW-TXN-465249', 'SUCCESS', '2026-03-17 23:41:19.547608'),
  ('04fd0073-6167-4965-a2b9-c840b2dc660c', '1e8abbd4-8a82-4d6b-b362-9e2673d320b8', 100.0, 'completed', 'GW-TXN-459731', 'SUCCESS', '2026-03-17 23:41:19.547608'),
  ('12041c64-8b88-489f-91fa-d8fca9b40ae3', '5f61de8e-dd66-4c48-a487-23b17e6a4032', 100.0, 'completed', 'GW-TXN-646428', 'SUCCESS', '2026-03-17 23:41:19.547608'),
  ('5b07ddb6-f55a-4f3c-bc5c-a81ae939cd06', 'deee3f4f-57c3-4244-b8e7-bd0ff25b4f5c', 100.0, 'completed', 'GW-TXN-465219', 'SUCCESS', '2026-03-17 23:41:19.547608'),
  ('f7be7993-3f26-4f79-a0d8-00f687805b24', '5ba863b7-5fba-458c-8216-7a10cfbfa376', 100.0, 'completed', 'GW-TXN-559450', 'SUCCESS', '2026-03-17 23:41:19.547608'),
  ('9c0e7d5a-dda6-4bbb-9ff5-35d871c1183f', 'ee4ff4b6-25f1-42af-949f-1745938152d7', 100.0, 'completed', 'GW-TXN-434400', 'SUCCESS', '2026-03-17 23:41:19.547608'),
  ('8f033390-6755-409d-b756-1698d39d711b', '64565b15-8e72-4698-8515-dbd592cfbc0b', 3500.0, 'completed', 'GW-TXN-414849', 'SUCCESS', '2026-04-06 23:41:19.547608'),
  ('5627b656-fb2e-4a3b-97a6-de36e6412bbd', 'efb4195f-f622-48b6-aa5a-eba6ed4746ea', 100.0, 'completed', 'GW-TXN-949541', 'SUCCESS', '2026-03-17 23:41:19.547608'),
  ('6ced7279-f9a6-4818-aa40-7faa62a1bf38', '12b7868b-548d-4a04-a067-00a5e340f58c', 100.0, 'completed', 'GW-TXN-123682', 'SUCCESS', '2026-03-17 23:41:19.547608'),
  ('21d65192-523a-467a-95f8-77130489f02f', 'f2886de6-d7cb-4369-9c2b-2d8c2a64362a', 6000, 'completed', 'GW-TXN-990429', 'SUCCESS', '2026-04-01 23:41:19.547608'),
  ('ab953c3e-0d6d-4eb1-8508-882b37aac207', '00f905e2-f080-4042-99f1-3308f5c3dee4', 100.0, 'completed', 'GW-TXN-779445', 'SUCCESS', '2026-03-17 23:41:19.547608'),
  ('18c6fbb7-3f8d-49c7-aa86-e9928da8dcd7', 'f62c67c8-6bab-41f7-b61f-895a9963fb2a', 2500.0, 'completed', 'GW-TXN-810032', 'SUCCESS', '2026-04-06 23:41:19.547608'),
  ('4b02d1c4-96bf-45c1-9f15-a3322d619fc5', '59b223d0-fed0-4703-a489-fa68d4503d62', 100.0, 'completed', 'GW-TXN-876459', 'SUCCESS', '2026-03-17 23:41:19.547608'),
  ('2065ca0f-abc1-46d5-9d08-c32fee8f541a', 'f19a2d29-1a55-4c1f-9388-e2b0290cdfd4', 100.0, 'completed', 'GW-TXN-641058', 'SUCCESS', '2026-03-17 23:41:19.547608'),
  ('940ee2aa-4df6-4f69-8fb7-7580d8f4854d', '105a8c82-98c7-4a43-ac99-01207335a99d', 100.0, 'completed', 'GW-TXN-678719', 'SUCCESS', '2026-03-17 23:41:19.547608'),
  ('01ab688e-a987-4949-bf8f-7fb7f6253b14', '9edf4eae-0cd8-4011-9a00-6993b34e44ec', 6000, 'completed', 'GW-TXN-267914', 'SUCCESS', '2026-04-01 23:41:19.547608'),
  ('798ad911-edec-4b58-91e6-41c047bb34f2', 'e1414f43-038a-416e-ba87-e92af1eac04a', 100.0, 'completed', 'GW-TXN-687044', 'SUCCESS', '2026-03-17 23:41:19.547608'),
  ('9e295e32-3f40-4d98-b1b9-4236de97aec9', '8ff3f839-346d-4d86-a78d-e38d44f39eb6', 2000.0, 'completed', 'GW-TXN-584498', 'SUCCESS', '2026-04-06 23:41:19.547608'),
  ('b81570dd-b147-4cdc-9d3b-7b129905d04d', '6bc5fd31-4942-4c1d-ab11-e57bdb30def9', 100.0, 'completed', 'GW-TXN-760351', 'SUCCESS', '2026-03-17 23:41:19.547608'),
  ('34046ff0-2501-4a94-a645-4f2269c1b576', '31f0ab39-624c-471f-9456-6d79f74d6859', 2500.0, 'completed', 'GW-TXN-295440', 'SUCCESS', '2026-04-06 23:41:19.547608'),
  ('f3f9209d-fd34-4f44-b200-c28198e57ece', 'f9ffc483-515a-40a0-9ad2-7dc1920ef45d', 100.0, 'completed', 'GW-TXN-514798', 'SUCCESS', '2026-03-17 23:41:19.547608'),
  ('8f5a4c40-3f13-46a6-b510-6bf81e9f333c', 'aa7ccf9d-a7e4-4e21-8600-34a538dff6c9', 2500.0, 'completed', 'GW-TXN-873207', 'SUCCESS', '2026-04-06 23:41:19.547608'),
  ('4c45921d-1d77-408f-9644-fcdc2a917612', '58cdf685-f270-4b9c-89e7-e1aea23e9864', 100.0, 'completed', 'GW-TXN-720970', 'SUCCESS', '2026-03-17 23:41:19.547608'),
  ('8cc8a029-7a46-46dc-ab00-4e66f0e8db84', '9d09658f-cdd8-4250-9d4d-2c181d51e637', 2333.33, 'completed', 'GW-TXN-507723', 'SUCCESS', '2026-04-06 23:41:19.547608'),
  ('f6906439-32c3-4a2f-b70b-8871a0296b9c', '0cadfbf0-21f2-4bf6-8fc4-10dff49d89c9', 100.0, 'completed', 'GW-TXN-838968', 'SUCCESS', '2026-03-17 23:41:19.547608'),
  ('ac592767-de4d-4ea0-ab4f-cd34e0574a14', 'b2620fe9-919b-49e3-8d1e-2a14f3c1338f', 5000, 'completed', 'GW-TXN-325230', 'SUCCESS', '2026-04-01 23:41:19.547608'),
  ('fb1dc3f3-3612-4dff-9943-dd291293d268', 'd4b9c4db-82f4-4bc8-9cb4-ffc8ea653376', 100.0, 'completed', 'GW-TXN-391865', 'SUCCESS', '2026-03-17 23:41:19.548610'),
  ('4e55b342-47d8-49bc-b46a-d5f927559581', '0af3d066-6d33-43a5-9c90-8bde85959fe7', 7000, 'completed', 'GW-TXN-888870', 'SUCCESS', '2026-04-01 23:41:19.548610'),
  ('8f2c29b5-c96c-43aa-84c5-a16766822582', '7d2911b6-9bf8-4188-b18e-1662188133bb', 100.0, 'completed', 'GW-TXN-705393', 'SUCCESS', '2026-03-17 23:41:19.548610'),
  ('063ceee2-531b-433f-ad37-a292d5aa6b20', '6141bebf-60dd-41e0-97da-fb5d14792418', 6000, 'completed', 'GW-TXN-206694', 'SUCCESS', '2026-04-01 23:41:19.548610'),
  ('3f5907e4-cde1-47ba-87d4-52aacc48c549', 'ab7f0cc2-eccc-4491-a852-3d5fadef2924', 100.0, 'completed', 'GW-TXN-483561', 'SUCCESS', '2026-03-17 23:41:19.548610'),
  ('637162f8-5d0f-4a63-9c50-d6483d0f12fc', '5758daf7-46dd-4cbe-b09e-5a8c065d11c2', 100.0, 'completed', 'GW-TXN-306647', 'SUCCESS', '2026-03-17 23:41:19.548610'),
  ('8c94d98f-581f-4989-93ad-c12389ecc0a2', '2bc803f2-23d5-445a-a922-5a5d72733c3f', 2333.33, 'completed', 'GW-TXN-219490', 'SUCCESS', '2026-04-06 23:41:19.548610'),
  ('f3681022-3a69-4a68-a8d1-734d5347cefb', '206b7a9e-2391-41a8-a888-21c7eec416d7', 100.0, 'completed', 'GW-TXN-803281', 'SUCCESS', '2026-03-17 23:41:19.548610'),
  ('35e75c47-9e0e-4dd5-ab58-c8d4737e41e9', '9653b10e-415c-4f6a-86fa-9551defd9f51', 1666.67, 'completed', 'GW-TXN-653349', 'SUCCESS', '2026-04-06 23:41:19.548610'),
  ('c3973dbb-ae2b-439e-a707-757cf0467afd', 'dca49cac-babf-4428-b008-9a5519004135', 100.0, 'completed', 'GW-TXN-725969', 'SUCCESS', '2026-03-17 23:41:19.548610'),
  ('9c0e9a06-e924-439f-9362-9b45ec7f1ece', 'fc215660-3e81-4ffa-85e6-1e706aeec7dc', 100.0, 'completed', 'GW-TXN-741003', 'SUCCESS', '2026-03-17 23:41:19.548610'),
  ('fb9eed86-4b76-4f4e-8723-0aac93032de9', '0154e9fb-450d-4d96-9452-ca8725dae8b1', 100.0, 'completed', 'GW-TXN-464825', 'SUCCESS', '2026-03-17 23:41:19.548610'),
  ('5aee045f-26e3-4baf-9251-acb1e2f5b06e', '5fe8b2bc-f916-4055-a81d-59852a33bc89', 100.0, 'completed', 'GW-TXN-986589', 'SUCCESS', '2026-03-17 23:41:19.548610'),
  ('d1b43570-d46d-40cf-8e80-be72b0882ccd', '1919c249-2eeb-4246-b97f-a141e3885a4b', 100.0, 'completed', 'GW-TXN-747351', 'SUCCESS', '2026-03-17 23:41:19.548610'),
  ('03f63c06-61ad-4f0f-99e9-5fca30a0fef7', '11b0c45d-bd48-4d47-ac33-c2ef168575a2', 3000.0, 'completed', 'GW-TXN-953266', 'SUCCESS', '2026-04-06 23:41:19.548610'),
  ('19e757d4-3083-4940-ba51-b9e44aa92e1f', '9eeb1dae-e2ab-43b0-8723-abe878ce6ed8', 100.0, 'completed', 'GW-TXN-744333', 'SUCCESS', '2026-03-17 23:41:19.548610'),
  ('4bad40e1-6f9d-45f0-ac26-f8b7a83d36e5', '32cd3ee9-091f-4921-8371-db3c8fec1417', 100.0, 'completed', 'GW-TXN-223586', 'SUCCESS', '2026-03-17 23:41:19.548610'),
  ('7e6ae127-945b-4867-b8fb-fd3e0dae234d', '730ef99b-eacd-4d86-a894-81c55e5d2c6b', 100.0, 'completed', 'GW-TXN-222629', 'SUCCESS', '2026-03-17 23:41:19.548610'),
  ('a2b86260-4c7b-48a3-997e-dada671a14e6', '86a869ea-358e-4124-81a6-6cc76f16ff5a', 2500.0, 'completed', 'GW-TXN-491439', 'SUCCESS', '2026-04-06 23:41:19.548610'),
  ('4156b5e4-c31f-4837-9aae-7c8cc344412c', '7ed690cf-92b2-4c6d-a6b4-da83541e913c', 100.0, 'completed', 'GW-TXN-635638', 'SUCCESS', '2026-03-17 23:41:19.548610'),
  ('a4a0839a-bf16-442d-805c-5a85034d2925', 'cbfcc6ef-048b-40b2-a44e-8d43bdaa434b', 100.0, 'completed', 'GW-TXN-538555', 'SUCCESS', '2026-03-17 23:41:19.548610'),
  ('6a9e3cda-6bb6-453b-82ca-76b584d0b674', '2a1de795-a857-4bbf-88dd-6b4279ecabd5', 1500.0, 'completed', 'GW-TXN-244564', 'SUCCESS', '2026-04-06 23:41:19.548610'),
  ('badb6b5e-ddd6-4fdd-8caf-836000820c9c', '4603841b-20a1-41ae-b3ca-03df48bd7996', 100.0, 'completed', 'GW-TXN-543588', 'SUCCESS', '2026-03-17 23:41:19.548610'),
  ('217035e0-e0de-4a95-947c-54c7a8f2bc1e', '1ad617c6-2a2e-4789-9028-a013ee5992d4', 100.0, 'completed', 'GW-TXN-766371', 'SUCCESS', '2026-03-17 23:41:19.548610'),
  ('e358c450-c7da-41a0-a574-5306c92236d5', '94d289e0-f5bc-4507-bcdd-5d4738f9f5cd', 100.0, 'completed', 'GW-TXN-681868', 'SUCCESS', '2026-03-17 23:41:19.548610'),
  ('da5c2815-3fab-4368-8ff2-26fa356795e6', '9d943dd2-ba3d-4e26-9f7b-e82a33b3bb97', 100.0, 'completed', 'GW-TXN-613426', 'SUCCESS', '2026-03-17 23:41:19.548610'),
  ('bae3e9f9-9657-45b0-8928-d3051313d9da', 'a1b2180e-4287-4204-964a-2716e9343780', 5000, 'completed', 'GW-TXN-402865', 'SUCCESS', '2026-04-01 23:41:19.548610'),
  ('6d11dfaa-fb74-46c1-a655-9cfc0bf792df', 'c560cb97-7b85-4995-92cb-b8d8a8da2214', 100.0, 'completed', 'GW-TXN-296187', 'SUCCESS', '2026-03-17 23:41:19.548610'),
  ('08a22490-8406-4be6-803e-fe0cbbc6aeb5', 'aa5085eb-11f4-4f4f-8daa-e2e00706a45f', 7000, 'completed', 'GW-TXN-429861', 'SUCCESS', '2026-04-01 23:41:19.548610'),
  ('84f3060e-1a1c-4f99-8156-93d178d58a6a', '752ad56c-4809-4e43-856e-2f3c61b786f8', 100.0, 'completed', 'GW-TXN-749498', 'SUCCESS', '2026-03-17 23:41:19.548610'),
  ('f6375536-5a4f-47c7-8ec0-fc2c008c2299', 'dd4a03d8-26cf-49c4-9738-0bfd63b683b2', 100.0, 'completed', 'GW-TXN-476479', 'SUCCESS', '2026-03-17 23:41:19.548610'),
  ('e8537816-78e9-47b9-b9fe-ee619c5e8376', '9c3c7bef-13ca-425c-a9b5-79a6110878dc', 100.0, 'completed', 'GW-TXN-608149', 'SUCCESS', '2026-03-17 23:41:19.548610'),
  ('31fc2ea8-2cb9-4794-b3cc-d7681f254b7e', 'd3cf06f1-ac59-48b6-939e-7767685d77f1', 7000, 'completed', 'GW-TXN-243167', 'SUCCESS', '2026-04-01 23:41:19.548610'),
  ('917e53d4-b2c4-4f7a-b109-cb06dd5f16cc', '2ab8f3b6-276e-445e-8d09-6d2b2f42c019', 100.0, 'completed', 'GW-TXN-954815', 'SUCCESS', '2026-03-17 23:41:19.548610'),
  ('f98fa1f0-22e5-4ab0-8a6e-bdbecf1fde0b', '0ccb5dfd-715b-44d9-b7a5-c4b7363176e6', 100.0, 'completed', 'GW-TXN-529008', 'SUCCESS', '2026-03-17 23:41:19.548610'),
  ('4fa7f107-7972-46b6-b8d8-4f12752855f9', '7d063c4e-8f50-49d5-a494-39d049632055', 1750.0, 'completed', 'GW-TXN-615611', 'SUCCESS', '2026-04-06 23:41:19.548610'),
  ('d3606c27-a8a1-4c82-99a4-61c20b72f27d', '0a25edf6-1ce1-44ee-8ced-7dd01aaeef64', 100.0, 'completed', 'GW-TXN-844638', 'SUCCESS', '2026-03-17 23:41:19.548610'),
  ('053d5e17-3be4-4599-b620-8fabeef9a459', '8adbddb0-3543-4ed4-a0e9-7a283967a1b6', 2000.0, 'completed', 'GW-TXN-612438', 'SUCCESS', '2026-04-06 23:41:19.548610'),
  ('08cf2d0e-e8ad-4877-98df-209de7467e46', 'c0c8b871-2227-4f1f-8b0d-cc7f3251f5b5', 100.0, 'completed', 'GW-TXN-692862', 'SUCCESS', '2026-03-17 23:41:19.548610'),
  ('32ac62b0-11e4-4ce5-9b10-0cf56318a4e8', '241305fd-b1ca-49e9-bfc3-f109260c6378', 7000, 'completed', 'GW-TXN-132359', 'SUCCESS', '2026-04-01 23:41:19.548610'),
  ('32fb9c2a-16b3-4c20-b9ca-54e1ded04b19', 'd9a07434-462d-44b5-ba41-7f46ef21b5fa', 100.0, 'completed', 'GW-TXN-134283', 'SUCCESS', '2026-03-17 23:41:19.548610'),
  ('915da7c4-71bb-45ae-9bfd-a64a4a170d75', '139ca83a-8360-4e9e-b71e-ea3e35351ac4', 2333.33, 'completed', 'GW-TXN-335765', 'SUCCESS', '2026-04-06 23:41:19.548610'),
  ('4e11d0ac-2338-466a-922e-5f6a4c426778', 'c8eee805-0fa8-4529-8d39-750e60758f86', 100.0, 'completed', 'GW-TXN-276379', 'SUCCESS', '2026-03-17 23:41:19.548610'),
  ('1c53a1dd-479c-4a71-8666-f1fb284b1ea1', '2e8564d0-828f-467f-8fbf-eb55b6c03873', 100.0, 'completed', 'GW-TXN-693127', 'SUCCESS', '2026-03-17 23:41:19.548610'),
  ('99e8ca74-b8f4-4345-a338-fdd7cb3e3723', '81e34e55-b6d8-4ebc-9990-ebe398db6904', 1500.0, 'completed', 'GW-TXN-910074', 'SUCCESS', '2026-04-06 23:41:19.548610'),
  ('c60171d8-29ed-4dd6-8c30-56cf41fc3f1c', '90c77b4d-0c88-45cf-9c49-97709f13e500', 100.0, 'completed', 'GW-TXN-700534', 'SUCCESS', '2026-03-17 23:41:19.548610'),
  ('94c73d11-24d5-47ef-9b28-26b7d911d9b7', '8423e89e-8e61-4125-91a3-c6ecb78c51a1', 5000, 'completed', 'GW-TXN-219754', 'SUCCESS', '2026-04-01 23:41:19.548610'),
  ('107f43aa-d47f-4e70-a61b-0274d6af4c58', '740154c6-17c8-4015-b1ae-f39fc40a543e', 100.0, 'completed', 'GW-TXN-912764', 'SUCCESS', '2026-03-17 23:41:19.548610'),
  ('29dff0b9-4975-488a-9cf1-ef9eef6cf36b', '9ede23ec-1c5c-4e75-83bf-cf053ebdab75', 100.0, 'completed', 'GW-TXN-668373', 'SUCCESS', '2026-03-17 23:41:19.548610'),
  ('050c4f6f-9d56-478b-972b-2e6462f2a141', '68ace002-c2aa-4b54-b9f2-7dc6fa4dd6bc', 100.0, 'completed', 'GW-TXN-896922', 'SUCCESS', '2026-03-17 23:41:19.548610'),
  ('cd08cd6e-d000-48e0-b5ca-cb756d22b807', '61a1aa71-0bf1-418d-b031-94ce7b873230', 100.0, 'completed', 'GW-TXN-672892', 'SUCCESS', '2026-03-17 23:41:19.548610'),
  ('c6f14e89-fef7-49d8-9206-0e685932ffde', 'e0c6858c-ad91-4887-b1d8-c9fe479f96d6', 100.0, 'completed', 'GW-TXN-207391', 'SUCCESS', '2026-03-17 23:41:19.548610'),
  ('0c93e008-4de4-4fae-a032-a28f95c987ff', '6fe91423-8d21-4bc7-96f7-c70ece69aab4', 100.0, 'completed', 'GW-TXN-412170', 'SUCCESS', '2026-03-17 23:41:19.548610'),
  ('9489a556-3576-4915-8eec-facd866f4bea', 'b1737b5c-1fff-41ca-b928-22d7b5463b2f', 100.0, 'completed', 'GW-TXN-375581', 'SUCCESS', '2026-03-17 23:41:19.548610'),
  ('3f5a9203-33df-4846-b250-3ac46a8f9bf4', '8943f2e3-f26d-4faf-802f-0f691880181c', 1666.67, 'completed', 'GW-TXN-956401', 'SUCCESS', '2026-04-06 23:41:19.548610'),
  ('e7092ee3-134c-402a-8961-0479edd6756c', 'dd3ff800-6893-46ee-8359-1cda182b9c2c', 100.0, 'completed', 'GW-TXN-223088', 'SUCCESS', '2026-03-17 23:41:19.548610'),
  ('f528c1ae-e555-4723-9ccd-b3c2e224002f', 'f23dd0c4-20a0-49c5-9961-ed33c57d1558', 3500.0, 'completed', 'GW-TXN-320073', 'SUCCESS', '2026-04-06 23:41:19.549610'),
  ('37e5512c-bc2a-47a9-81f4-55a51efb028d', '4dfe2023-74af-4b11-b18b-b880017cfc32', 100.0, 'completed', 'GW-TXN-274044', 'SUCCESS', '2026-03-17 23:41:19.549610'),
  ('c8581a86-42d8-44d7-b313-14db3ffe3b28', '04e85af8-d363-4d30-b2c3-3d82d2933577', 100.0, 'completed', 'GW-TXN-922974', 'SUCCESS', '2026-03-17 23:41:19.549610'),
  ('c8ce8b06-7748-4cac-beff-9efee83fe84c', '31f14fa4-eb4a-450a-81a0-3ebb24d692e3', 7000, 'completed', 'GW-TXN-316656', 'SUCCESS', '2026-04-01 23:41:19.549610'),
  ('2514059e-2d1a-4ad0-bb5c-015c0f22b1de', '7df0cb34-84f3-4cfd-b992-a5bbf992712b', 100.0, 'completed', 'GW-TXN-944565', 'SUCCESS', '2026-03-17 23:41:19.549610'),
  ('61b83fb5-97fb-4236-93e4-17837ed36fb0', '437b681a-5fd1-4360-974a-4a020dce9d12', 5000, 'completed', 'GW-TXN-162241', 'SUCCESS', '2026-04-01 23:41:19.549610'),
  ('a4b581c6-2102-41f6-ae55-b5a65bcb7f22', '799441eb-7c74-4732-92db-867a2cc23ee1', 100.0, 'completed', 'GW-TXN-658136', 'SUCCESS', '2026-03-17 23:41:19.549610'),
  ('9513e414-6d26-41e9-ad8c-a881918e832c', '9930c9bf-b2b5-46f0-84c4-6fee6767f2b9', 2333.33, 'completed', 'GW-TXN-725850', 'SUCCESS', '2026-04-06 23:41:19.549610'),
  ('17e48879-36f4-4fc6-83c4-2c6dc6c82952', 'cabeb018-1070-4b01-8503-e1cb1ac97cdb', 100.0, 'completed', 'GW-TXN-439375', 'SUCCESS', '2026-03-17 23:41:19.549610'),
  ('4d8f10fc-adb6-4f69-b897-a910f2e702bb', '74280356-c6a8-4064-a54f-bbedbb3be4a5', 100.0, 'completed', 'GW-TXN-403387', 'SUCCESS', '2026-03-17 23:41:19.549610'),
  ('eba2a2fd-a000-4f04-bc15-29c9cadb12d0', 'be66804d-20ed-466a-a784-7d5d67a41e36', 100.0, 'completed', 'GW-TXN-999695', 'SUCCESS', '2026-03-17 23:41:19.549610'),
  ('f6076a6d-9328-4656-8dbf-dfa9484c1f9f', '0d443777-3d5a-44e3-9319-75a8c90fcdf9', 100.0, 'completed', 'GW-TXN-242175', 'SUCCESS', '2026-03-17 23:41:19.549610'),
  ('8bfe0cfb-19e1-4a4e-b832-d5c3319e25f4', 'd77b5052-43ac-4d16-a3c3-33159c1c587a', 100.0, 'completed', 'GW-TXN-162165', 'SUCCESS', '2026-03-17 23:41:19.549610'),
  ('216eabed-1635-4429-a1bf-45d120952f88', 'e77af696-6289-45ea-b058-d9b26e887a3a', 2000.0, 'completed', 'GW-TXN-787757', 'SUCCESS', '2026-04-06 23:41:19.549610'),
  ('266a3797-4fef-4714-8c4e-ac79656f29b4', '9c6a863c-12ae-4f26-a2e0-0c9431a22071', 100.0, 'completed', 'GW-TXN-835499', 'SUCCESS', '2026-03-17 23:41:19.549610'),
  ('a4f095a5-f962-4e0f-893c-a87d87e39768', '8f64e95f-1001-4e08-86d2-c24f49e06abe', 7000, 'completed', 'GW-TXN-239136', 'SUCCESS', '2026-04-01 23:41:19.549610'),
  ('63ee9dd6-c56e-47fd-a26f-7735fb84be7e', '9eb7e13a-25cb-4cdc-91f9-b38d162fb45c', 100.0, 'completed', 'GW-TXN-253347', 'SUCCESS', '2026-03-17 23:41:19.549610'),
  ('4121556b-8707-49f3-832d-e68020c2a18e', 'aba4df40-fc24-4cd7-9495-c7b1839901b7', 7000, 'completed', 'GW-TXN-845951', 'SUCCESS', '2026-04-01 23:41:19.549610'),
  ('061206e8-dc0a-4a8a-8b14-e8b8a8fe02ac', '6e19a5be-8a10-4374-a3eb-6dd39bf91d85', 100.0, 'completed', 'GW-TXN-968726', 'SUCCESS', '2026-03-17 23:41:19.549610'),
  ('2ac9153a-5412-44ff-940a-5820f1465504', '72721aed-4682-43fb-a83f-b8dafeabdae5', 100.0, 'completed', 'GW-TXN-613234', 'SUCCESS', '2026-03-17 23:41:19.549610'),
  ('4fbfad43-076f-4006-ac4c-770d7ffeba32', '88257c8e-6954-438f-abd9-4e23d5907908', 100.0, 'completed', 'GW-TXN-705474', 'SUCCESS', '2026-03-17 23:41:19.549610'),
  ('06ca9396-097f-45c5-9ea5-5b10f56b3963', 'da233989-9889-4f50-bcfe-c8b5f737d5d5', 100.0, 'completed', 'GW-TXN-758309', 'SUCCESS', '2026-03-17 23:41:19.549610'),
  ('5536bcad-af1a-48ec-9983-4cf9ace93d81', 'ccb9e3fe-919a-45ce-85b8-1dc7912bd636', 1666.67, 'completed', 'GW-TXN-493396', 'SUCCESS', '2026-04-06 23:41:19.549610'),
  ('76b7b8fd-1d76-44c5-9af5-bbd32fb93604', 'fdc3e7bf-2c94-44ff-9de5-9428366a95c4', 100.0, 'completed', 'GW-TXN-179184', 'SUCCESS', '2026-03-17 23:41:19.549610'),
  ('0e4e93d3-c1a6-4d27-ab86-a73a44571239', '2330496c-2925-4ee7-a3f4-7d5554e3184b', 1750.0, 'completed', 'GW-TXN-933197', 'SUCCESS', '2026-04-06 23:41:19.549610'),
  ('667023cd-b03b-4270-9840-d6efa7a36429', 'a3d04396-c9d7-4cf7-9fcb-be61f0ce10b3', 100.0, 'completed', 'GW-TXN-522419', 'SUCCESS', '2026-03-17 23:41:19.549610'),
  ('d9796bd8-d15a-476c-b2f4-0aa572ede4aa', '127a33af-4f3d-4db9-867c-caa67302e9a0', 7000, 'completed', 'GW-TXN-640659', 'SUCCESS', '2026-04-01 23:41:19.549610'),
  ('b31ba9b1-4545-4bf8-8460-e4184c1d5027', 'ffe7d446-beb9-46d8-89a4-d0d6a5416554', 100.0, 'completed', 'GW-TXN-828449', 'SUCCESS', '2026-03-17 23:41:19.549610'),
  ('3bb958af-cf5f-4453-a168-944096abdb31', 'dd93f063-0a7b-4ec0-86be-552a5f9a8704', 2333.33, 'completed', 'GW-TXN-576782', 'SUCCESS', '2026-04-06 23:41:19.549610');
